
/workspace/demoriscv/software/Cipher/build/cipher.elf:     file format elf64-littleriscv


Disassembly of section .text:

0000000080000000 <_start>:
    .global _start
    .type _start, @function
_start:
    .cfi_startproc

    li x1, 0
    80000000:	4081                	li	ra,0
    li x2, 0
    80000002:	4101                	li	sp,0
    li x3, 0
    80000004:	4181                	li	gp,0
    li x4, 0
    80000006:	4201                	li	tp,0
    li x5, 0
    80000008:	4281                	li	t0,0
    li x6, 0
    8000000a:	4301                	li	t1,0
    li x7, 0
    8000000c:	4381                	li	t2,0
    li x8, 0
    8000000e:	4401                	li	s0,0
    li x9, 0
    80000010:	4481                	li	s1,0
    li x10, 0
    80000012:	4501                	li	a0,0
    li x11, 0
    80000014:	4581                	li	a1,0
    li x12, 0
    80000016:	4601                	li	a2,0
    li x13, 0
    80000018:	4681                	li	a3,0
    li x14, 0
    8000001a:	4701                	li	a4,0
    li x15, 0
    8000001c:	4781                	li	a5,0
    li x16, 0
    8000001e:	4801                	li	a6,0
    li x17, 0
    80000020:	4881                	li	a7,0
    li x18, 0
    80000022:	4901                	li	s2,0
    li x19, 0
    80000024:	4981                	li	s3,0
    li x20, 0
    80000026:	4a01                	li	s4,0
    li x21, 0
    80000028:	4a81                	li	s5,0
    li x22, 0
    8000002a:	4b01                	li	s6,0
    li x23, 0
    8000002c:	4b81                	li	s7,0
    li x24, 0
    8000002e:	4c01                	li	s8,0
    li x25, 0
    80000030:	4c81                	li	s9,0
    li x26, 0
    80000032:	4d01                	li	s10,0
    li x27, 0
    80000034:	4d81                	li	s11,0
    li x28, 0
    80000036:	4e01                	li	t3,0
    li x29, 0
    80000038:	4e81                	li	t4,0
    li x30, 0
    8000003a:	4f01                	li	t5,0
    li x31, 0
    8000003c:	4f81                	li	t6,0

    li t0, (MSTATUS_FS | MSTATUS_XS | MSTATUS_VS)
    8000003e:	62f9                	lui	t0,0x1e
    80000040:	6002829b          	addiw	t0,t0,1536 # 1e600 <__stack_size+0x16600>
    csrs mstatus, t0
    80000044:	3002a073          	csrs	mstatus,t0

#ifdef __riscv_flen
    /* Initialize FPU if present */
    la t0, 1f
    80000048:	00000297          	auipc	t0,0x0
    8000004c:	09028293          	addi	t0,t0,144 # 800000d8 <_start+0xd8>
    csrw mtvec, t0
    80000050:	30529073          	csrw	mtvec,t0

    fscsr zero
    80000054:	00301073          	fscsr	zero
    fmv.s.x f0,  zero
    80000058:	f0000053          	fmv.w.x	ft0,zero
    fmv.s.x f1,  zero
    8000005c:	f00000d3          	fmv.w.x	ft1,zero
    fmv.s.x f2,  zero
    80000060:	f0000153          	fmv.w.x	ft2,zero
    fmv.s.x f3,  zero
    80000064:	f00001d3          	fmv.w.x	ft3,zero
    fmv.s.x f4,  zero
    80000068:	f0000253          	fmv.w.x	ft4,zero
    fmv.s.x f5,  zero
    8000006c:	f00002d3          	fmv.w.x	ft5,zero
    fmv.s.x f6,  zero
    80000070:	f0000353          	fmv.w.x	ft6,zero
    fmv.s.x f7,  zero
    80000074:	f00003d3          	fmv.w.x	ft7,zero
    fmv.s.x f8,  zero
    80000078:	f0000453          	fmv.w.x	fs0,zero
    fmv.s.x f9,  zero
    8000007c:	f00004d3          	fmv.w.x	fs1,zero
    fmv.s.x f10, zero
    80000080:	f0000553          	fmv.w.x	fa0,zero
    fmv.s.x f11, zero
    80000084:	f00005d3          	fmv.w.x	fa1,zero
    fmv.s.x f12, zero
    80000088:	f0000653          	fmv.w.x	fa2,zero
    fmv.s.x f13, zero
    8000008c:	f00006d3          	fmv.w.x	fa3,zero
    fmv.s.x f14, zero
    80000090:	f0000753          	fmv.w.x	fa4,zero
    fmv.s.x f15, zero
    80000094:	f00007d3          	fmv.w.x	fa5,zero
    fmv.s.x f16, zero
    80000098:	f0000853          	fmv.w.x	fa6,zero
    fmv.s.x f17, zero
    8000009c:	f00008d3          	fmv.w.x	fa7,zero
    fmv.s.x f18, zero
    800000a0:	f0000953          	fmv.w.x	fs2,zero
    fmv.s.x f19, zero
    800000a4:	f00009d3          	fmv.w.x	fs3,zero
    fmv.s.x f20, zero
    800000a8:	f0000a53          	fmv.w.x	fs4,zero
    fmv.s.x f21, zero
    800000ac:	f0000ad3          	fmv.w.x	fs5,zero
    fmv.s.x f22, zero
    800000b0:	f0000b53          	fmv.w.x	fs6,zero
    fmv.s.x f23, zero
    800000b4:	f0000bd3          	fmv.w.x	fs7,zero
    fmv.s.x f24, zero
    800000b8:	f0000c53          	fmv.w.x	fs8,zero
    fmv.s.x f25, zero
    800000bc:	f0000cd3          	fmv.w.x	fs9,zero
    fmv.s.x f26, zero
    800000c0:	f0000d53          	fmv.w.x	fs10,zero
    fmv.s.x f27, zero
    800000c4:	f0000dd3          	fmv.w.x	fs11,zero
    fmv.s.x f28, zero
    800000c8:	f0000e53          	fmv.w.x	ft8,zero
    fmv.s.x f29, zero
    800000cc:	f0000ed3          	fmv.w.x	ft9,zero
    fmv.s.x f30, zero
    800000d0:	f0000f53          	fmv.w.x	ft10,zero
    fmv.s.x f31, zero
    800000d4:	f0000fd3          	fmv.w.x	ft11,zero

    /* Initialize global pointer; disable relaxation to avoid relaxing
       the address calculation to "addi gp, gp, 0" */
    .option push
    .option norelax
    la gp, __global_pointer$
    800000d8:	00002197          	auipc	gp,0x2
    800000dc:	77818193          	addi	gp,gp,1912 # 80002850 <__global_pointer$>
    .option pop

    /* Initialize thread pointer */
    csrr s0, mhartid
    800000e0:	f1402473          	csrr	s0,mhartid
    lui t0, %hi(__stack_shift)
    addi t0, t0, %lo(__stack_shift)
    800000e4:	00f00293          	li	t0,15
    la tp, __stack_start
    800000e8:	00023217          	auipc	tp,0x23
    800000ec:	f1820213          	addi	tp,tp,-232 # 80023000 <__stack_start>
    sll t0, s0, t0
    800000f0:	005412b3          	sll	t0,s0,t0
    add tp, tp, t0
    800000f4:	9216                	add	tp,tp,t0

    /* Initialize stack pointer */
    lui t0, %hi(__stack_size)
    800000f6:	62a1                	lui	t0,0x8
    addi t0, t0, %lo(__stack_size)
    800000f8:	00028293          	mv	t0,t0
    add sp, tp, t0
    800000fc:	00520133          	add	sp,tp,t0

    /* Initialize trap vector */
    la t0, trap_entry
    80000100:	00000297          	auipc	t0,0x0
    80000104:	04828293          	addi	t0,t0,72 # 80000148 <trap_entry>
    csrw mtvec, t0
    80000108:	30529073          	csrw	mtvec,t0

    /* Initialize TLS */
    call __init_tls
    8000010c:	13e000ef          	jal	8000024a <__init_tls>

    /* Skip global initialization if not the designated boot hart */
    la t0, __boot_hart
    80000110:	00000293          	li	t0,0
    bne s0, t0, _start_secondary
    80000114:	00540463          	beq	s0,t0,8000011c <_start+0x11c>
    80000118:	0fa0006f          	j	80000212 <_start_secondary>

    /* Zero BSS segment */
    la t0, __bss_start
    8000011c:	81018293          	addi	t0,gp,-2032 # 80002060 <htif_lock>
    la t1, __bss_end
    80000120:	00002317          	auipc	t1,0x2
    80000124:	f5430313          	addi	t1,t1,-172 # 80002074 <__bss_end>
    bgeu t0, t1, 2f
    80000128:	0062f763          	bgeu	t0,t1,80000136 <_start+0x136>
1:
    SREG zero, (t0)
    8000012c:	0002b023          	sd	zero,0(t0)
    addi t0, t0, REGBYTES
    80000130:	02a1                	addi	t0,t0,8
    bltu t0, t1, 1b
    80000132:	fe62ede3          	bltu	t0,t1,8000012c <_start+0x12c>
2:

    /* Call global constructors */
    la a0, __libc_fini_array
    80000136:	00001517          	auipc	a0,0x1
    8000013a:	67c50513          	addi	a0,a0,1660 # 800017b2 <__libc_fini_array>
    call atexit
    8000013e:	686010ef          	jal	800017c4 <atexit>
    call __libc_init_array
    80000142:	65e010ef          	jal	800017a0 <__libc_init_array>

    /* Call main function */
    tail _start_main
    80000146:	a075                	j	800001f2 <_start_main>

0000000080000148 <trap_entry>:
    .cfi_endproc


    .align 2
trap_entry:
    csrw mscratch, sp
    80000148:	34011073          	csrw	mscratch,sp
    addi sp, sp, -(32*REGBYTES)
    8000014c:	7111                	addi	sp,sp,-256

    /* Save trap frame */
    SREG x1, 1*REGBYTES(sp)
    8000014e:	e406                	sd	ra,8(sp)
    csrr x1, mscratch
    80000150:	340020f3          	csrr	ra,mscratch
    SREG x1, 2*REGBYTES(sp)
    80000154:	e806                	sd	ra,16(sp)
    SREG x3, 3*REGBYTES(sp)
    80000156:	ec0e                	sd	gp,24(sp)
    SREG x4, 4*REGBYTES(sp)
    80000158:	f012                	sd	tp,32(sp)
    SREG x5, 5*REGBYTES(sp)
    8000015a:	f416                	sd	t0,40(sp)
    SREG x6, 6*REGBYTES(sp)
    8000015c:	f81a                	sd	t1,48(sp)
    SREG x7, 7*REGBYTES(sp)
    8000015e:	fc1e                	sd	t2,56(sp)
    SREG x8, 8*REGBYTES(sp)
    80000160:	e0a2                	sd	s0,64(sp)
    SREG x9, 9*REGBYTES(sp)
    80000162:	e4a6                	sd	s1,72(sp)
    SREG x10, 10*REGBYTES(sp)
    80000164:	e8aa                	sd	a0,80(sp)
    SREG x11, 11*REGBYTES(sp)
    80000166:	ecae                	sd	a1,88(sp)
    SREG x12, 12*REGBYTES(sp)
    80000168:	f0b2                	sd	a2,96(sp)
    SREG x13, 13*REGBYTES(sp)
    8000016a:	f4b6                	sd	a3,104(sp)
    SREG x14, 14*REGBYTES(sp)
    8000016c:	f8ba                	sd	a4,112(sp)
    SREG x15, 15*REGBYTES(sp)
    8000016e:	fcbe                	sd	a5,120(sp)
    SREG x16, 16*REGBYTES(sp)
    80000170:	e142                	sd	a6,128(sp)
    SREG x17, 17*REGBYTES(sp)
    80000172:	e546                	sd	a7,136(sp)
    SREG x18, 18*REGBYTES(sp)
    80000174:	e94a                	sd	s2,144(sp)
    SREG x19, 19*REGBYTES(sp)
    80000176:	ed4e                	sd	s3,152(sp)
    SREG x20, 20*REGBYTES(sp)
    80000178:	f152                	sd	s4,160(sp)
    SREG x21, 21*REGBYTES(sp)
    8000017a:	f556                	sd	s5,168(sp)
    SREG x22, 22*REGBYTES(sp)
    8000017c:	f95a                	sd	s6,176(sp)
    SREG x23, 23*REGBYTES(sp)
    8000017e:	fd5e                	sd	s7,184(sp)
    SREG x24, 24*REGBYTES(sp)
    80000180:	e1e2                	sd	s8,192(sp)
    SREG x25, 25*REGBYTES(sp)
    80000182:	e5e6                	sd	s9,200(sp)
    SREG x26, 26*REGBYTES(sp)
    80000184:	e9ea                	sd	s10,208(sp)
    SREG x27, 27*REGBYTES(sp)
    80000186:	edee                	sd	s11,216(sp)
    SREG x28, 28*REGBYTES(sp)
    80000188:	f1f2                	sd	t3,224(sp)
    SREG x29, 29*REGBYTES(sp)
    8000018a:	f5f6                	sd	t4,232(sp)
    SREG x30, 30*REGBYTES(sp)
    8000018c:	f9fa                	sd	t5,240(sp)
    SREG x31, 31*REGBYTES(sp)
    8000018e:	fdfe                	sd	t6,248(sp)

    /* Invoke higher-level trap handler */
    csrr a0, mepc
    80000190:	34102573          	csrr	a0,mepc
    csrr a1, mcause
    80000194:	342025f3          	csrr	a1,mcause
    csrr a2, mtval
    80000198:	34302673          	csrr	a2,mtval
    mv a3, sp
    8000019c:	868a                	mv	a3,sp
    call handle_trap
    8000019e:	096000ef          	jal	80000234 <handle_trap>
    csrw mepc, a0
    800001a2:	34151073          	csrw	mepc,a0

    /* Remain in M-mode after return */
    li t0, MSTATUS_MPP
    800001a6:	6289                	lui	t0,0x2
    800001a8:	8002829b          	addiw	t0,t0,-2048 # 1800 <__stack_align+0x17f0>
    csrs mstatus, t0
    800001ac:	3002a073          	csrs	mstatus,t0

    LREG x1, 1*REGBYTES(sp)
    800001b0:	60a2                	ld	ra,8(sp)
    LREG x3, 3*REGBYTES(sp)
    800001b2:	61e2                	ld	gp,24(sp)
    LREG x4, 4*REGBYTES(sp)
    800001b4:	7202                	ld	tp,32(sp)
    LREG x5, 5*REGBYTES(sp)
    800001b6:	72a2                	ld	t0,40(sp)
    LREG x6, 6*REGBYTES(sp)
    800001b8:	7342                	ld	t1,48(sp)
    LREG x7, 7*REGBYTES(sp)
    800001ba:	73e2                	ld	t2,56(sp)
    LREG x8, 8*REGBYTES(sp)
    800001bc:	6406                	ld	s0,64(sp)
    LREG x9, 9*REGBYTES(sp)
    800001be:	64a6                	ld	s1,72(sp)
    LREG x10, 10*REGBYTES(sp)
    800001c0:	6546                	ld	a0,80(sp)
    LREG x11, 11*REGBYTES(sp)
    800001c2:	65e6                	ld	a1,88(sp)
    LREG x12, 12*REGBYTES(sp)
    800001c4:	7606                	ld	a2,96(sp)
    LREG x13, 13*REGBYTES(sp)
    800001c6:	76a6                	ld	a3,104(sp)
    LREG x14, 14*REGBYTES(sp)
    800001c8:	7746                	ld	a4,112(sp)
    LREG x15, 15*REGBYTES(sp)
    800001ca:	77e6                	ld	a5,120(sp)
    LREG x16, 16*REGBYTES(sp)
    800001cc:	680a                	ld	a6,128(sp)
    LREG x17, 17*REGBYTES(sp)
    800001ce:	68aa                	ld	a7,136(sp)
    LREG x18, 18*REGBYTES(sp)
    800001d0:	694a                	ld	s2,144(sp)
    LREG x19, 19*REGBYTES(sp)
    800001d2:	69ea                	ld	s3,152(sp)
    LREG x20, 20*REGBYTES(sp)
    800001d4:	7a0a                	ld	s4,160(sp)
    LREG x21, 21*REGBYTES(sp)
    800001d6:	7aaa                	ld	s5,168(sp)
    LREG x22, 22*REGBYTES(sp)
    800001d8:	7b4a                	ld	s6,176(sp)
    LREG x23, 23*REGBYTES(sp)
    800001da:	7bea                	ld	s7,184(sp)
    LREG x24, 24*REGBYTES(sp)
    800001dc:	6c0e                	ld	s8,192(sp)
    LREG x25, 25*REGBYTES(sp)
    800001de:	6cae                	ld	s9,200(sp)
    LREG x26, 26*REGBYTES(sp)
    800001e0:	6d4e                	ld	s10,208(sp)
    LREG x27, 27*REGBYTES(sp)
    800001e2:	6dee                	ld	s11,216(sp)
    LREG x28, 28*REGBYTES(sp)
    800001e4:	7e0e                	ld	t3,224(sp)
    LREG x29, 29*REGBYTES(sp)
    800001e6:	7eae                	ld	t4,232(sp)
    LREG x30, 30*REGBYTES(sp)
    800001e8:	7f4e                	ld	t5,240(sp)
    LREG x31, 31*REGBYTES(sp)
    800001ea:	7fee                	ld	t6,248(sp)
    /* Restore sp last */
    LREG x2, 2*REGBYTES(sp)
    800001ec:	6142                	ld	sp,16(sp)

    mret
    800001ee:	30200073          	mret

00000000800001f2 <_start_main>:
    .endm

    .global _start_main
    .type _start_main, @function
_start_main:
    BARRIER_PASS __boot_sync
    800001f2:	52fd                	li	t0,-1
    800001f4:	0110000f          	fence	w,w
    800001f8:	8251a023          	sw	t0,-2016(gp) # 80002070 <__boot_sync>
    ENTER main
    800001fc:	4505                	li	a0,1
    800001fe:	00001597          	auipc	a1,0x1
    80000202:	6b258593          	addi	a1,a1,1714 # 800018b0 <argv>
    80000206:	8181b603          	ld	a2,-2024(gp) # 80002068 <environ>
    8000020a:	11c010ef          	jal	80001326 <main>
    8000020e:	5ce0106f          	j	800017dc <exit>

0000000080000212 <_start_secondary>:

    .global _start_secondary
    .type _start_secondary, @function
_start_secondary:
    /* Synchronize secondary harts */
    BARRIER_WAIT __boot_sync
    80000212:	8201a283          	lw	t0,-2016(gp) # 80002070 <__boot_sync>
    80000216:	fe028ee3          	beqz	t0,80000212 <_start_secondary>
    8000021a:	0220000f          	fence	r,r
    ENTER __main
    8000021e:	4505                	li	a0,1
    80000220:	00001597          	auipc	a1,0x1
    80000224:	69058593          	addi	a1,a1,1680 # 800018b0 <argv>
    80000228:	8181b603          	ld	a2,-2024(gp) # 80002068 <environ>
    8000022c:	06c000ef          	jal	80000298 <__main>
    80000230:	5ac0106f          	j	800017dc <exit>

0000000080000234 <handle_trap>:
#include <stdint.h>
#include "syscall.h"

void __attribute__((weak)) handle_trap(uintptr_t epc, uintptr_t cause, uintptr_t tval, uintptr_t regs[32])
{
    80000234:	1141                	addi	sp,sp,-16
    /* Extract low-order bits of exception code as positive int */
    int code = cause & ((1UL << ((sizeof(int)<<3)-1)) - 1);
    80000236:	02159513          	slli	a0,a1,0x21
{
    8000023a:	e406                	sd	ra,8(sp)
    int code = cause & ((1UL << ((sizeof(int)<<3)-1)) - 1);
    8000023c:	9105                	srli	a0,a0,0x21
    /* Encode interrupt as negative value */
    code = ((intptr_t)cause < 0) ? -code : code;
    8000023e:	0005d463          	bgez	a1,80000246 <handle_trap+0x12>
    80000242:	40a0053b          	negw	a0,a0
    _exit(code);
    80000246:	034000ef          	jal	8000027a <_exit>

000000008000024a <__init_tls>:
#include <string.h>

void __init_tls(void)
{
    8000024a:	1141                	addi	sp,sp,-16
    extern char __tdata_start[];
    extern char __tbss_offset[];
    extern char __tdata_size[];
    extern char __tbss_size[];

    memcpy(__thread_self, __tdata_start, (size_t)__tdata_size);
    8000024c:	00000613          	li	a2,0
    80000250:	00001597          	auipc	a1,0x1
    80000254:	65a58593          	addi	a1,a1,1626 # 800018aa <__tbss_end>
    80000258:	8512                	mv	a0,tp
{
    8000025a:	e022                	sd	s0,0(sp)
    8000025c:	e406                	sd	ra,8(sp)
    memcpy(__thread_self, __tdata_start, (size_t)__tdata_size);
    8000025e:	8412                	mv	s0,tp
    80000260:	5e8010ef          	jal	80001848 <memcpy>
    memset(__thread_self + (size_t)__tbss_offset, 0, (size_t)__tbss_size);
    80000264:	00000513          	li	a0,0
    80000268:	9522                	add	a0,a0,s0
}
    8000026a:	6402                	ld	s0,0(sp)
    8000026c:	60a2                	ld	ra,8(sp)
    memset(__thread_self + (size_t)__tbss_offset, 0, (size_t)__tbss_size);
    8000026e:	00000613          	li	a2,0
    80000272:	4581                	li	a1,0
}
    80000274:	0141                	addi	sp,sp,16
    memset(__thread_self + (size_t)__tbss_offset, 0, (size_t)__tbss_size);
    80000276:	57e0106f          	j	800017f4 <memset>

000000008000027a <_exit>:
#include "syscall.h"
#include "htif.h"

void __attribute__ ((noreturn)) _exit(int code)
{
    uint64_t cmd = HTIF_TOHOST(0, 0, (code << 1) | 0x1);
    8000027a:	0015179b          	slliw	a5,a0,0x1
    8000027e:	0017e793          	ori	a5,a5,1
    80000282:	07c2                	slli	a5,a5,0x10
    80000284:	83c1                	srli	a5,a5,0x10
    for (;;) {
        fromhost = 0;
    80000286:	00002717          	auipc	a4,0x2
    8000028a:	dc073123          	sd	zero,-574(a4) # 80002048 <fromhost>
        tohost = cmd;
    8000028e:	00002717          	auipc	a4,0x2
    80000292:	daf73923          	sd	a5,-590(a4) # 80002040 <tohost>
    for (;;) {
    80000296:	bfc5                	j	80000286 <_exit+0xc>

0000000080000298 <__main>:
 * Multi-threaded programs should provide their own implementation.
 */
void  __attribute__ ((weak,noreturn)) __main(void)
{
    for (;;) {
        __asm__ __volatile__ ("wfi");
    80000298:	10500073          	wfi
    for (;;) {
    8000029c:	bff5                	j	80000298 <__main>

000000008000029e <htif_syscall>:
volatile uint64_t fromhost __attribute__ ((section (".htif")));

static spinlock_t htif_lock = SPINLOCK_INIT;

long htif_syscall(uint64_t a0, uint64_t a1, uint64_t a2, unsigned long n)
{
    8000029e:	7139                	addi	sp,sp,-64
    volatile uint64_t buf[8];
    uint64_t sc;

    buf[0] = n;
    800002a0:	e036                	sd	a3,0(sp)
    buf[1] = a0;
    800002a2:	e42a                	sd	a0,8(sp)
    buf[2] = a1;
    buf[3] = a2;

    sc = HTIF_TOHOST(0, 0, (uintptr_t)&buf);
    800002a4:	56fd                	li	a3,-1
    buf[2] = a1;
    800002a6:	e82e                	sd	a1,16(sp)
    sc = HTIF_TOHOST(0, 0, (uintptr_t)&buf);
    800002a8:	0106d793          	srli	a5,a3,0x10
    buf[3] = a2;
    800002ac:	ec32                	sd	a2,24(sp)
    sc = HTIF_TOHOST(0, 0, (uintptr_t)&buf);
    800002ae:	81018713          	addi	a4,gp,-2032 # 80002060 <htif_lock>
    800002b2:	00f17633          	and	a2,sp,a5
typedef int32_t atomic_t;

static inline long atomic_load(const atomic_t *p)
{
    /* FIXME: Elide redundant sext.w for volatile variables */
    return *((volatile const atomic_t *)p);
    800002b6:	8101a783          	lw	a5,-2032(gp) # 80002060 <htif_lock>

static inline void spin_lock(spinlock_t *lock)
{
    do {
#ifdef __riscv_atomic
        while (atomic_load(&lock->lock));
    800002ba:	fff5                	bnez	a5,800002b6 <htif_syscall+0x18>

static inline long atomic_swap_acquire(atomic_t *p, atomic_t v)
{
    long n;
#ifdef __riscv_atomic
    __asm__ __volatile__ (
    800002bc:	0cd727af          	amoswap.w.aq	a5,a3,(a4)
#endif
    } while (atomic_swap_acquire(&lock->lock, -1));
    800002c0:	fbfd                	bnez	a5,800002b6 <htif_syscall+0x18>
static inline void wmb(void) { fence(w, w); }
    800002c2:	0110000f          	fence	w,w
    spin_lock(&htif_lock);
    wmb();
    tohost = sc;
    800002c6:	00002697          	auipc	a3,0x2
    800002ca:	d7a68693          	addi	a3,a3,-646 # 80002040 <tohost>
    800002ce:	e290                	sd	a2,0(a3)
    while (fromhost == 0);
    800002d0:	669c                	ld	a5,8(a3)
    800002d2:	dffd                	beqz	a5,800002d0 <htif_syscall+0x32>
    fromhost = 0;
    800002d4:	00002797          	auipc	a5,0x2
    800002d8:	d607ba23          	sd	zero,-652(a5) # 80002048 <fromhost>
}

static inline void atomic_clear_release(atomic_t *p)
{
#ifdef __riscv_atomic
    __asm__ __volatile__ (
    800002dc:	0a07202f          	amoswap.w.rl	zero,zero,(a4)
static inline void rmb(void) { fence(r, r); }
    800002e0:	0220000f          	fence	r,r
    spin_unlock(&htif_lock);

    rmb();
    return buf[0];
    800002e4:	6502                	ld	a0,0(sp)
}
    800002e6:	6121                	addi	sp,sp,64
    800002e8:	8082                	ret

00000000800002ea <reg_write32>:
	volatile uint16_t *ptr = (volatile uint16_t *) addr;
	return *ptr;
}

static inline void reg_write32(uintptr_t addr, uint32_t data)
{
    800002ea:	7179                	addi	sp,sp,-48
    800002ec:	f406                	sd	ra,40(sp)
    800002ee:	f022                	sd	s0,32(sp)
    800002f0:	1800                	addi	s0,sp,48
    800002f2:	fca43c23          	sd	a0,-40(s0)
    800002f6:	87ae                	mv	a5,a1
    800002f8:	fcf42a23          	sw	a5,-44(s0)
	volatile uint32_t *ptr = (volatile uint32_t *) addr;
    800002fc:	fd843783          	ld	a5,-40(s0)
    80000300:	fef43423          	sd	a5,-24(s0)
	*ptr = data;
    80000304:	fe843783          	ld	a5,-24(s0)
    80000308:	fd442703          	lw	a4,-44(s0)
    8000030c:	c398                	sw	a4,0(a5)
}
    8000030e:	0001                	nop
    80000310:	70a2                	ld	ra,40(sp)
    80000312:	7402                	ld	s0,32(sp)
    80000314:	6145                	addi	sp,sp,48
    80000316:	8082                	ret

0000000080000318 <reg_read32>:

static inline uint32_t reg_read32(uintptr_t addr)
{
    80000318:	7179                	addi	sp,sp,-48
    8000031a:	f406                	sd	ra,40(sp)
    8000031c:	f022                	sd	s0,32(sp)
    8000031e:	1800                	addi	s0,sp,48
    80000320:	fca43c23          	sd	a0,-40(s0)
	volatile uint32_t *ptr = (volatile uint32_t *) addr;
    80000324:	fd843783          	ld	a5,-40(s0)
    80000328:	fef43423          	sd	a5,-24(s0)
	return *ptr;
    8000032c:	fe843783          	ld	a5,-24(s0)
    80000330:	439c                	lw	a5,0(a5)
    80000332:	2781                	sext.w	a5,a5
}
    80000334:	853e                	mv	a0,a5
    80000336:	70a2                	ld	ra,40(sp)
    80000338:	7402                	ld	s0,32(sp)
    8000033a:	6145                	addi	sp,sp,48
    8000033c:	8082                	ret

000000008000033e <chacha_soft_reset>:

#define CHACHA_KEYLEN_128 		     0x00
#define CHACHA_KEYLEN_256 		     0x01


static void chacha_soft_reset() {
    8000033e:	1141                	addi	sp,sp,-16
    80000340:	e406                	sd	ra,8(sp)
    80000342:	e022                	sd	s0,0(sp)
    80000344:	0800                	addi	s0,sp,16
  reg_write32(CHACHA_control, CTRL_CHACHA_RESET);
    80000346:	4591                	li	a1,4
    80000348:	10007537          	lui	a0,0x10007
    8000034c:	f9fff0ef          	jal	800002ea <reg_write32>
  reg_write32(CHACHA_control, CTRL_CHACHA_IDLE);
    80000350:	4581                	li	a1,0
    80000352:	10007537          	lui	a0,0x10007
    80000356:	f95ff0ef          	jal	800002ea <reg_write32>
}
    8000035a:	0001                	nop
    8000035c:	60a2                	ld	ra,8(sp)
    8000035e:	6402                	ld	s0,0(sp)
    80000360:	0141                	addi	sp,sp,16
    80000362:	8082                	ret

0000000080000364 <chacha_write_to_address>:

static void chacha_write_to_address(unsigned int address, unsigned int data) {
    80000364:	1101                	addi	sp,sp,-32
    80000366:	ec06                	sd	ra,24(sp)
    80000368:	e822                	sd	s0,16(sp)
    8000036a:	1000                	addi	s0,sp,32
    8000036c:	87aa                	mv	a5,a0
    8000036e:	872e                	mv	a4,a1
    80000370:	fef42623          	sw	a5,-20(s0)
    80000374:	87ba                	mv	a5,a4
    80000376:	fef42423          	sw	a5,-24(s0)
    reg_write32(CHACHA_addr,  address);
    8000037a:	fec42783          	lw	a5,-20(s0)
    8000037e:	85be                	mv	a1,a5
    80000380:	100077b7          	lui	a5,0x10007
    80000384:	00478513          	addi	a0,a5,4 # 10007004 <__heap_size+0xffe7004>
    80000388:	f63ff0ef          	jal	800002ea <reg_write32>
    reg_write32(CHACHA_write, data);
    8000038c:	fe842783          	lw	a5,-24(s0)
    80000390:	85be                	mv	a1,a5
    80000392:	100077b7          	lui	a5,0x10007
    80000396:	00878513          	addi	a0,a5,8 # 10007008 <__heap_size+0xffe7008>
    8000039a:	f51ff0ef          	jal	800002ea <reg_write32>
    reg_write32(CHACHA_control, CTRL_CHACHA_WRITE);
    8000039e:	458d                	li	a1,3
    800003a0:	10007537          	lui	a0,0x10007
    800003a4:	f47ff0ef          	jal	800002ea <reg_write32>
    reg_write32(CHACHA_control, CTRL_CHACHA_IDLE);
    800003a8:	4581                	li	a1,0
    800003aa:	10007537          	lui	a0,0x10007
    800003ae:	f3dff0ef          	jal	800002ea <reg_write32>
}
    800003b2:	0001                	nop
    800003b4:	60e2                	ld	ra,24(sp)
    800003b6:	6442                	ld	s0,16(sp)
    800003b8:	6105                	addi	sp,sp,32
    800003ba:	8082                	ret

00000000800003bc <chacha_read_from_address>:

static unsigned int chacha_read_from_address(unsigned int address) {
    800003bc:	7179                	addi	sp,sp,-48
    800003be:	f406                	sd	ra,40(sp)
    800003c0:	f022                	sd	s0,32(sp)
    800003c2:	1800                	addi	s0,sp,48
    800003c4:	87aa                	mv	a5,a0
    800003c6:	fcf42e23          	sw	a5,-36(s0)
    reg_write32(CHACHA_addr,  address);
    800003ca:	fdc42783          	lw	a5,-36(s0)
    800003ce:	85be                	mv	a1,a5
    800003d0:	100077b7          	lui	a5,0x10007
    800003d4:	00478513          	addi	a0,a5,4 # 10007004 <__heap_size+0xffe7004>
    800003d8:	f13ff0ef          	jal	800002ea <reg_write32>
    reg_write32(CHACHA_write, 0x00);
    800003dc:	4581                	li	a1,0
    800003de:	100077b7          	lui	a5,0x10007
    800003e2:	00878513          	addi	a0,a5,8 # 10007008 <__heap_size+0xffe7008>
    800003e6:	f05ff0ef          	jal	800002ea <reg_write32>

    reg_write32(CHACHA_control, CTRL_CHACHA_READ);
    800003ea:	4585                	li	a1,1
    800003ec:	10007537          	lui	a0,0x10007
    800003f0:	efbff0ef          	jal	800002ea <reg_write32>
    unsigned int temp = reg_read32(CHACHA_read);
    800003f4:	100077b7          	lui	a5,0x10007
    800003f8:	00c78513          	addi	a0,a5,12 # 1000700c <__heap_size+0xffe700c>
    800003fc:	f1dff0ef          	jal	80000318 <reg_read32>
    80000400:	87aa                	mv	a5,a0
    80000402:	fef42623          	sw	a5,-20(s0)
    reg_write32(CHACHA_control, CTRL_CHACHA_IDLE);
    80000406:	4581                	li	a1,0
    80000408:	10007537          	lui	a0,0x10007
    8000040c:	edfff0ef          	jal	800002ea <reg_write32>
    return temp;
    80000410:	fec42783          	lw	a5,-20(s0)
}
    80000414:	853e                	mv	a0,a5
    80000416:	70a2                	ld	ra,40(sp)
    80000418:	7402                	ld	s0,32(sp)
    8000041a:	6145                	addi	sp,sp,48
    8000041c:	8082                	ret

000000008000041e <chacha_cipher>:
        unsigned int *key,
        unsigned int *iv,
        unsigned int num_round,
        unsigned int *data_in,
        unsigned int *data_out)
{
    8000041e:	711d                	addi	sp,sp,-96
    80000420:	ec86                	sd	ra,88(sp)
    80000422:	e8a2                	sd	s0,80(sp)
    80000424:	e4a6                	sd	s1,72(sp)
    80000426:	1080                	addi	s0,sp,96
    80000428:	fcb43023          	sd	a1,-64(s0)
    8000042c:	fac43c23          	sd	a2,-72(s0)
    80000430:	fae43823          	sd	a4,-80(s0)
    80000434:	faf43423          	sd	a5,-88(s0)
    80000438:	87aa                	mv	a5,a0
    8000043a:	fcf42623          	sw	a5,-52(s0)
    8000043e:	87b6                	mv	a5,a3
    80000440:	fcf42423          	sw	a5,-56(s0)
    for (int i = 0; i < 8; ++i)
    80000444:	fc042e23          	sw	zero,-36(s0)
    80000448:	a035                	j	80000474 <chacha_cipher+0x56>
        chacha_write_to_address(CHACHA_ADDR_KEY_BASE + i, key[i]);
    8000044a:	fdc42783          	lw	a5,-36(s0)
    8000044e:	27c1                	addiw	a5,a5,16
    80000450:	2781                	sext.w	a5,a5
    80000452:	86be                	mv	a3,a5
    80000454:	fdc42783          	lw	a5,-36(s0)
    80000458:	078a                	slli	a5,a5,0x2
    8000045a:	fc043703          	ld	a4,-64(s0)
    8000045e:	97ba                	add	a5,a5,a4
    80000460:	439c                	lw	a5,0(a5)
    80000462:	85be                	mv	a1,a5
    80000464:	8536                	mv	a0,a3
    80000466:	effff0ef          	jal	80000364 <chacha_write_to_address>
    for (int i = 0; i < 8; ++i)
    8000046a:	fdc42783          	lw	a5,-36(s0)
    8000046e:	2785                	addiw	a5,a5,1
    80000470:	fcf42e23          	sw	a5,-36(s0)
    80000474:	fdc42783          	lw	a5,-36(s0)
    80000478:	0007871b          	sext.w	a4,a5
    8000047c:	479d                	li	a5,7
    8000047e:	fce7d6e3          	bge	a5,a4,8000044a <chacha_cipher+0x2c>

    for (int i = 0; i < 16; ++i)
    80000482:	fc042c23          	sw	zero,-40(s0)
    80000486:	a03d                	j	800004b4 <chacha_cipher+0x96>
        chacha_write_to_address(CHACHA_ADDR_DATA_IN_BASE + i, data_in[i]);
    80000488:	fd842783          	lw	a5,-40(s0)
    8000048c:	0407879b          	addiw	a5,a5,64
    80000490:	2781                	sext.w	a5,a5
    80000492:	86be                	mv	a3,a5
    80000494:	fd842783          	lw	a5,-40(s0)
    80000498:	078a                	slli	a5,a5,0x2
    8000049a:	fb043703          	ld	a4,-80(s0)
    8000049e:	97ba                	add	a5,a5,a4
    800004a0:	439c                	lw	a5,0(a5)
    800004a2:	85be                	mv	a1,a5
    800004a4:	8536                	mv	a0,a3
    800004a6:	ebfff0ef          	jal	80000364 <chacha_write_to_address>
    for (int i = 0; i < 16; ++i)
    800004aa:	fd842783          	lw	a5,-40(s0)
    800004ae:	2785                	addiw	a5,a5,1
    800004b0:	fcf42c23          	sw	a5,-40(s0)
    800004b4:	fd842783          	lw	a5,-40(s0)
    800004b8:	0007871b          	sext.w	a4,a5
    800004bc:	47bd                	li	a5,15
    800004be:	fce7d5e3          	bge	a5,a4,80000488 <chacha_cipher+0x6a>

    chacha_write_to_address(CHACHA_ADDR_IV0, iv[0]);
    800004c2:	fb843783          	ld	a5,-72(s0)
    800004c6:	439c                	lw	a5,0(a5)
    800004c8:	85be                	mv	a1,a5
    800004ca:	02000513          	li	a0,32
    800004ce:	e97ff0ef          	jal	80000364 <chacha_write_to_address>
    chacha_write_to_address(CHACHA_ADDR_IV1, iv[1]);
    800004d2:	fb843783          	ld	a5,-72(s0)
    800004d6:	0791                	addi	a5,a5,4
    800004d8:	439c                	lw	a5,0(a5)
    800004da:	85be                	mv	a1,a5
    800004dc:	02100513          	li	a0,33
    800004e0:	e85ff0ef          	jal	80000364 <chacha_write_to_address>

    chacha_write_to_address(CHACHA_ADDR_KEYLEN, key_len);
    800004e4:	fcc42783          	lw	a5,-52(s0)
    800004e8:	85be                	mv	a1,a5
    800004ea:	4529                	li	a0,10
    800004ec:	e79ff0ef          	jal	80000364 <chacha_write_to_address>
    chacha_write_to_address(CHACHA_ADDR_ROUNDS, num_round);
    800004f0:	fc842783          	lw	a5,-56(s0)
    800004f4:	85be                	mv	a1,a5
    800004f6:	452d                	li	a0,11
    800004f8:	e6dff0ef          	jal	80000364 <chacha_write_to_address>
    chacha_write_to_address(CHACHA_ADDR_CTRL, 0x01);
    800004fc:	4585                	li	a1,1
    800004fe:	4521                	li	a0,8
    80000500:	e65ff0ef          	jal	80000364 <chacha_write_to_address>

    while(chacha_read_from_address(CHACHA_ADDR_STATUS) == 0);
    80000504:	0001                	nop
    80000506:	4525                	li	a0,9
    80000508:	eb5ff0ef          	jal	800003bc <chacha_read_from_address>
    8000050c:	87aa                	mv	a5,a0
    8000050e:	dfe5                	beqz	a5,80000506 <chacha_cipher+0xe8>

    for (int i = 0; i < 16; ++i)
    80000510:	fc042a23          	sw	zero,-44(s0)
    80000514:	a805                	j	80000544 <chacha_cipher+0x126>
        data_out[i] = chacha_read_from_address(CHACHA_ADDR_DATA_OUT_BASE + i);
    80000516:	fd442783          	lw	a5,-44(s0)
    8000051a:	0807879b          	addiw	a5,a5,128
    8000051e:	2781                	sext.w	a5,a5
    80000520:	86be                	mv	a3,a5
    80000522:	fd442783          	lw	a5,-44(s0)
    80000526:	078a                	slli	a5,a5,0x2
    80000528:	fa843703          	ld	a4,-88(s0)
    8000052c:	00f704b3          	add	s1,a4,a5
    80000530:	8536                	mv	a0,a3
    80000532:	e8bff0ef          	jal	800003bc <chacha_read_from_address>
    80000536:	87aa                	mv	a5,a0
    80000538:	c09c                	sw	a5,0(s1)
    for (int i = 0; i < 16; ++i)
    8000053a:	fd442783          	lw	a5,-44(s0)
    8000053e:	2785                	addiw	a5,a5,1
    80000540:	fcf42a23          	sw	a5,-44(s0)
    80000544:	fd442783          	lw	a5,-44(s0)
    80000548:	0007871b          	sext.w	a4,a5
    8000054c:	47bd                	li	a5,15
    8000054e:	fce7d4e3          	bge	a5,a4,80000516 <chacha_cipher+0xf8>
}
    80000552:	0001                	nop
    80000554:	0001                	nop
    80000556:	60e6                	ld	ra,88(sp)
    80000558:	6446                	ld	s0,80(sp)
    8000055a:	64a6                	ld	s1,72(sp)
    8000055c:	6125                	addi	sp,sp,96
    8000055e:	8082                	ret

0000000080000560 <chacha_cipher_next_block>:

static void chacha_cipher_next_block(unsigned int *data_out) {
    80000560:	7139                	addi	sp,sp,-64
    80000562:	fc06                	sd	ra,56(sp)
    80000564:	f822                	sd	s0,48(sp)
    80000566:	f426                	sd	s1,40(sp)
    80000568:	0080                	addi	s0,sp,64
    8000056a:	fca43423          	sd	a0,-56(s0)
    chacha_write_to_address(CHACHA_ADDR_CTRL, 0x02);
    8000056e:	4589                	li	a1,2
    80000570:	4521                	li	a0,8
    80000572:	df3ff0ef          	jal	80000364 <chacha_write_to_address>

    while(chacha_read_from_address(CHACHA_ADDR_STATUS) == 0);
    80000576:	0001                	nop
    80000578:	4525                	li	a0,9
    8000057a:	e43ff0ef          	jal	800003bc <chacha_read_from_address>
    8000057e:	87aa                	mv	a5,a0
    80000580:	dfe5                	beqz	a5,80000578 <chacha_cipher_next_block+0x18>

    for (int i = 0; i < 16; ++i)
    80000582:	fc042e23          	sw	zero,-36(s0)
    80000586:	a805                	j	800005b6 <chacha_cipher_next_block+0x56>
        data_out[i] = chacha_read_from_address(CHACHA_ADDR_DATA_OUT_BASE + i);
    80000588:	fdc42783          	lw	a5,-36(s0)
    8000058c:	0807879b          	addiw	a5,a5,128
    80000590:	2781                	sext.w	a5,a5
    80000592:	86be                	mv	a3,a5
    80000594:	fdc42783          	lw	a5,-36(s0)
    80000598:	078a                	slli	a5,a5,0x2
    8000059a:	fc843703          	ld	a4,-56(s0)
    8000059e:	00f704b3          	add	s1,a4,a5
    800005a2:	8536                	mv	a0,a3
    800005a4:	e19ff0ef          	jal	800003bc <chacha_read_from_address>
    800005a8:	87aa                	mv	a5,a0
    800005aa:	c09c                	sw	a5,0(s1)
    for (int i = 0; i < 16; ++i)
    800005ac:	fdc42783          	lw	a5,-36(s0)
    800005b0:	2785                	addiw	a5,a5,1
    800005b2:	fcf42e23          	sw	a5,-36(s0)
    800005b6:	fdc42783          	lw	a5,-36(s0)
    800005ba:	0007871b          	sext.w	a4,a5
    800005be:	47bd                	li	a5,15
    800005c0:	fce7d4e3          	bge	a5,a4,80000588 <chacha_cipher_next_block+0x28>
}
    800005c4:	0001                	nop
    800005c6:	0001                	nop
    800005c8:	70e2                	ld	ra,56(sp)
    800005ca:	7442                	ld	s0,48(sp)
    800005cc:	74a2                	ld	s1,40(sp)
    800005ce:	6121                	addi	sp,sp,64
    800005d0:	8082                	ret

00000000800005d2 <chacha_test_cases>:

static void chacha_test_cases() {
    800005d2:	716d                	addi	sp,sp,-272
    800005d4:	e606                	sd	ra,264(sp)
    800005d6:	e222                	sd	s0,256(sp)
    800005d8:	0a00                	addi	s0,sp,272
  unsigned int chacha_key[8] 	= {0x0, 0x0, 0x0, 0x0, 0x0, 0x0, 0x0, 0x0};
    800005da:	fc042023          	sw	zero,-64(s0)
    800005de:	fc042223          	sw	zero,-60(s0)
    800005e2:	fc042423          	sw	zero,-56(s0)
    800005e6:	fc042623          	sw	zero,-52(s0)
    800005ea:	fc042823          	sw	zero,-48(s0)
    800005ee:	fc042a23          	sw	zero,-44(s0)
    800005f2:	fc042c23          	sw	zero,-40(s0)
    800005f6:	fc042e23          	sw	zero,-36(s0)
	unsigned int chacha_iv[2] 	= {0x0, 0x0};
    800005fa:	fa042c23          	sw	zero,-72(s0)
    800005fe:	fa042e23          	sw	zero,-68(s0)
	unsigned int chacha_data_in[16] 	= {
    80000602:	f6042c23          	sw	zero,-136(s0)
    80000606:	f6042e23          	sw	zero,-132(s0)
    8000060a:	f8042023          	sw	zero,-128(s0)
    8000060e:	f8042223          	sw	zero,-124(s0)
    80000612:	f8042423          	sw	zero,-120(s0)
    80000616:	f8042623          	sw	zero,-116(s0)
    8000061a:	f8042823          	sw	zero,-112(s0)
    8000061e:	f8042a23          	sw	zero,-108(s0)
    80000622:	f8042c23          	sw	zero,-104(s0)
    80000626:	f8042e23          	sw	zero,-100(s0)
    8000062a:	fa042023          	sw	zero,-96(s0)
    8000062e:	fa042223          	sw	zero,-92(s0)
    80000632:	fa042423          	sw	zero,-88(s0)
    80000636:	fa042623          	sw	zero,-84(s0)
    8000063a:	fa042823          	sw	zero,-80(s0)
    8000063e:	fa042a23          	sw	zero,-76(s0)
			0x0, 0x0, 0x0, 0x0,
			0x0, 0x0, 0x0, 0x0,
			0x0, 0x0, 0x0, 0x0,
			0x0, 0x0, 0x0, 0x0};

	unsigned int chacha_dump[16] 	= {
    80000642:	f2042c23          	sw	zero,-200(s0)
    80000646:	f2042e23          	sw	zero,-196(s0)
    8000064a:	f4042023          	sw	zero,-192(s0)
    8000064e:	f4042223          	sw	zero,-188(s0)
    80000652:	f4042423          	sw	zero,-184(s0)
    80000656:	f4042623          	sw	zero,-180(s0)
    8000065a:	f4042823          	sw	zero,-176(s0)
    8000065e:	f4042a23          	sw	zero,-172(s0)
    80000662:	f4042c23          	sw	zero,-168(s0)
    80000666:	f4042e23          	sw	zero,-164(s0)
    8000066a:	f6042023          	sw	zero,-160(s0)
    8000066e:	f6042223          	sw	zero,-156(s0)
    80000672:	f6042423          	sw	zero,-152(s0)
    80000676:	f6042623          	sw	zero,-148(s0)
    8000067a:	f6042823          	sw	zero,-144(s0)
    8000067e:	f6042a23          	sw	zero,-140(s0)
			0x0, 0x0, 0x0, 0x0,
			0x0, 0x0, 0x0, 0x0,
			0x0, 0x0, 0x0, 0x0,
			0x0, 0x0, 0x0, 0x0};

	unsigned int chacha_expected[16] 	= {
    80000682:	00001797          	auipc	a5,0x1
    80000686:	4ce78793          	addi	a5,a5,1230 # 80001b50 <name+0x290>
    8000068a:	0007b883          	ld	a7,0(a5)
    8000068e:	0087b803          	ld	a6,8(a5)
    80000692:	6b88                	ld	a0,16(a5)
    80000694:	6f8c                	ld	a1,24(a5)
    80000696:	7390                	ld	a2,32(a5)
    80000698:	7794                	ld	a3,40(a5)
    8000069a:	7b98                	ld	a4,48(a5)
    8000069c:	ef143c23          	sd	a7,-264(s0)
    800006a0:	f1043023          	sd	a6,-256(s0)
    800006a4:	f0a43423          	sd	a0,-248(s0)
    800006a8:	f0b43823          	sd	a1,-240(s0)
    800006ac:	f0c43c23          	sd	a2,-232(s0)
    800006b0:	f2d43023          	sd	a3,-224(s0)
    800006b4:	f2e43423          	sd	a4,-216(s0)
    800006b8:	7f9c                	ld	a5,56(a5)
    800006ba:	f2f43823          	sd	a5,-208(s0)
			0xb64ab8e7, 0x2b8deb85, 0xcd6aea7c, 0xb6089a10,
			0x1824beeb, 0x08814a42, 0x8aab1fa2, 0xc816081b};

  // ================================= TEST ONE =================================

  chacha_cipher(CHACHA_KEYLEN_128, chacha_key, chacha_iv, 0x08, chacha_data_in, chacha_dump);
    800006be:	f3840793          	addi	a5,s0,-200
    800006c2:	f7840713          	addi	a4,s0,-136
    800006c6:	fb840613          	addi	a2,s0,-72
    800006ca:	fc040593          	addi	a1,s0,-64
    800006ce:	46a1                	li	a3,8
    800006d0:	4501                	li	a0,0
    800006d2:	d4dff0ef          	jal	8000041e <chacha_cipher>

  kprintf("# ChaCha - 8 rounds, 128-bit key =============================================\r\n");
    800006d6:	00001517          	auipc	a0,0x1
    800006da:	1fa50513          	addi	a0,a0,506 # 800018d0 <name+0x10>
    800006de:	537000ef          	jal	80001414 <kprintf>
//
//  kprintf("\r\nIV (nonce):      ");
//  for(int i = 0; i < 2; i++)
//      kprintf("%x", chacha_iv[i]);

  kprintf("Expected result: ");
    800006e2:	00001517          	auipc	a0,0x1
    800006e6:	24650513          	addi	a0,a0,582 # 80001928 <name+0x68>
    800006ea:	52b000ef          	jal	80001414 <kprintf>
  for(int i = 0; i < 16; i++)
    800006ee:	fe042623          	sw	zero,-20(s0)
    800006f2:	a025                	j	8000071a <chacha_test_cases+0x148>
      kprintf("%x", chacha_expected[i]);
    800006f4:	fec42703          	lw	a4,-20(s0)
    800006f8:	ef840793          	addi	a5,s0,-264
    800006fc:	070a                	slli	a4,a4,0x2
    800006fe:	97ba                	add	a5,a5,a4
    80000700:	439c                	lw	a5,0(a5)
    80000702:	85be                	mv	a1,a5
    80000704:	00001517          	auipc	a0,0x1
    80000708:	23c50513          	addi	a0,a0,572 # 80001940 <name+0x80>
    8000070c:	509000ef          	jal	80001414 <kprintf>
  for(int i = 0; i < 16; i++)
    80000710:	fec42783          	lw	a5,-20(s0)
    80000714:	2785                	addiw	a5,a5,1
    80000716:	fef42623          	sw	a5,-20(s0)
    8000071a:	fec42783          	lw	a5,-20(s0)
    8000071e:	0007871b          	sext.w	a4,a5
    80000722:	47bd                	li	a5,15
    80000724:	fce7d8e3          	bge	a5,a4,800006f4 <chacha_test_cases+0x122>

	kprintf("\r\nResult dump:     ");
    80000728:	00001517          	auipc	a0,0x1
    8000072c:	22050513          	addi	a0,a0,544 # 80001948 <name+0x88>
    80000730:	4e5000ef          	jal	80001414 <kprintf>
	for(int i = 0; i < 16; i++)
    80000734:	fe042423          	sw	zero,-24(s0)
    80000738:	a025                	j	80000760 <chacha_test_cases+0x18e>
	    kprintf("%x", chacha_dump[i]);
    8000073a:	fe842703          	lw	a4,-24(s0)
    8000073e:	f3840793          	addi	a5,s0,-200
    80000742:	070a                	slli	a4,a4,0x2
    80000744:	97ba                	add	a5,a5,a4
    80000746:	439c                	lw	a5,0(a5)
    80000748:	85be                	mv	a1,a5
    8000074a:	00001517          	auipc	a0,0x1
    8000074e:	1f650513          	addi	a0,a0,502 # 80001940 <name+0x80>
    80000752:	4c3000ef          	jal	80001414 <kprintf>
	for(int i = 0; i < 16; i++)
    80000756:	fe842783          	lw	a5,-24(s0)
    8000075a:	2785                	addiw	a5,a5,1
    8000075c:	fef42423          	sw	a5,-24(s0)
    80000760:	fe842783          	lw	a5,-24(s0)
    80000764:	0007871b          	sext.w	a4,a5
    80000768:	47bd                	li	a5,15
    8000076a:	fce7d8e3          	bge	a5,a4,8000073a <chacha_test_cases+0x168>

  kprintf("\r\n\r\n");
    8000076e:	00001517          	auipc	a0,0x1
    80000772:	1f250513          	addi	a0,a0,498 # 80001960 <name+0xa0>
    80000776:	49f000ef          	jal	80001414 <kprintf>

  // ================================= TEST TWO =================================
  chacha_key[0] = 0x00;
    8000077a:	fc042023          	sw	zero,-64(s0)
  chacha_key[1] = 0x00;
    8000077e:	fc042223          	sw	zero,-60(s0)
  chacha_key[2] = 0x00;
    80000782:	fc042423          	sw	zero,-56(s0)
  chacha_key[3] = 0x00;
    80000786:	fc042623          	sw	zero,-52(s0)
  chacha_key[4] = 0x00;
    8000078a:	fc042823          	sw	zero,-48(s0)
  chacha_key[5] = 0x00;
    8000078e:	fc042a23          	sw	zero,-44(s0)
  chacha_key[6] = 0x00;
    80000792:	fc042c23          	sw	zero,-40(s0)
  chacha_key[7] = 0x00;
    80000796:	fc042e23          	sw	zero,-36(s0)

  chacha_iv[0] = 0x00;
    8000079a:	fa042c23          	sw	zero,-72(s0)
  chacha_iv[1] = 0x00;
    8000079e:	fa042e23          	sw	zero,-68(s0)

  chacha_expected[0] = 0x76b8e0ad;
    800007a2:	76b8e7b7          	lui	a5,0x76b8e
    800007a6:	0ad78793          	addi	a5,a5,173 # 76b8e0ad <__heap_size+0x76b6e0ad>
    800007aa:	eef42c23          	sw	a5,-264(s0)
  chacha_expected[1] = 0xa0f13d90;
    800007ae:	a0f147b7          	lui	a5,0xa0f14
    800007b2:	d9078793          	addi	a5,a5,-624 # ffffffffa0f13d90 <__stack_start+0xffffffff20ef0d90>
    800007b6:	eef42e23          	sw	a5,-260(s0)
  chacha_expected[2] = 0x405d6ae5;
    800007ba:	405d77b7          	lui	a5,0x405d7
    800007be:	ae578793          	addi	a5,a5,-1307 # 405d6ae5 <__heap_size+0x405b6ae5>
    800007c2:	f0f42023          	sw	a5,-256(s0)
  chacha_expected[3] = 0x5386bd28;
    800007c6:	5386c7b7          	lui	a5,0x5386c
    800007ca:	d2878793          	addi	a5,a5,-728 # 5386bd28 <__heap_size+0x5384bd28>
    800007ce:	f0f42223          	sw	a5,-252(s0)
  chacha_expected[4] = 0xbdd219b8;
    800007d2:	bdd227b7          	lui	a5,0xbdd22
    800007d6:	9b878793          	addi	a5,a5,-1608 # ffffffffbdd219b8 <__stack_start+0xffffffff3dcfe9b8>
    800007da:	f0f42423          	sw	a5,-248(s0)
  chacha_expected[5] = 0xa08ded1a;
    800007de:	a08df7b7          	lui	a5,0xa08df
    800007e2:	d1a78793          	addi	a5,a5,-742 # ffffffffa08ded1a <__stack_start+0xffffffff208bbd1a>
    800007e6:	f0f42623          	sw	a5,-244(s0)
  chacha_expected[6] = 0xa836efcc;
    800007ea:	a836f7b7          	lui	a5,0xa836f
    800007ee:	fcc78793          	addi	a5,a5,-52 # ffffffffa836efcc <__stack_start+0xffffffff2834bfcc>
    800007f2:	f0f42823          	sw	a5,-240(s0)
  chacha_expected[7] = 0x8b770dc7;
    800007f6:	8b7717b7          	lui	a5,0x8b771
    800007fa:	dc778793          	addi	a5,a5,-569 # ffffffff8b770dc7 <__stack_start+0xffffffff0b74ddc7>
    800007fe:	f0f42a23          	sw	a5,-236(s0)
  chacha_expected[8] = 0xda41597c;
    80000802:	da4167b7          	lui	a5,0xda416
    80000806:	97c78793          	addi	a5,a5,-1668 # ffffffffda41597c <__stack_start+0xffffffff5a3f297c>
    8000080a:	f0f42c23          	sw	a5,-232(s0)
  chacha_expected[9] = 0x5157488d;
    8000080e:	515757b7          	lui	a5,0x51575
    80000812:	88d78793          	addi	a5,a5,-1907 # 5157488d <__heap_size+0x5155488d>
    80000816:	f0f42e23          	sw	a5,-228(s0)
  chacha_expected[10] = 0x7724e03f;
    8000081a:	7724e7b7          	lui	a5,0x7724e
    8000081e:	03f78793          	addi	a5,a5,63 # 7724e03f <__heap_size+0x7722e03f>
    80000822:	f2f42023          	sw	a5,-224(s0)
  chacha_expected[11] = 0xb8d84a37;
    80000826:	b8d857b7          	lui	a5,0xb8d85
    8000082a:	a3778793          	addi	a5,a5,-1481 # ffffffffb8d84a37 <__stack_start+0xffffffff38d61a37>
    8000082e:	f2f42223          	sw	a5,-220(s0)
  chacha_expected[12] = 0x6a43b8f4;
    80000832:	6a43c7b7          	lui	a5,0x6a43c
    80000836:	8f478793          	addi	a5,a5,-1804 # 6a43b8f4 <__heap_size+0x6a41b8f4>
    8000083a:	f2f42423          	sw	a5,-216(s0)
  chacha_expected[13] = 0x1518a11c;
    8000083e:	1518a7b7          	lui	a5,0x1518a
    80000842:	11c78793          	addi	a5,a5,284 # 1518a11c <__heap_size+0x1516a11c>
    80000846:	f2f42623          	sw	a5,-212(s0)
  chacha_expected[14] = 0xc387b669;
    8000084a:	c387b7b7          	lui	a5,0xc387b
    8000084e:	66978793          	addi	a5,a5,1641 # ffffffffc387b669 <__stack_start+0xffffffff43858669>
    80000852:	f2f42823          	sw	a5,-208(s0)
  chacha_expected[15] = 0xb2ee6586;
    80000856:	b2ee67b7          	lui	a5,0xb2ee6
    8000085a:	58678793          	addi	a5,a5,1414 # ffffffffb2ee6586 <__stack_start+0xffffffff32ec3586>
    8000085e:	f2f42a23          	sw	a5,-204(s0)

  chacha_cipher(CHACHA_KEYLEN_256, chacha_key, chacha_iv, 0x14, chacha_data_in, chacha_dump);
    80000862:	f3840793          	addi	a5,s0,-200
    80000866:	f7840713          	addi	a4,s0,-136
    8000086a:	fb840613          	addi	a2,s0,-72
    8000086e:	fc040593          	addi	a1,s0,-64
    80000872:	46d1                	li	a3,20
    80000874:	4505                	li	a0,1
    80000876:	ba9ff0ef          	jal	8000041e <chacha_cipher>

  kprintf("# ChaCha - 20 rounds, 256-bit key ============================================\r\n");
    8000087a:	00001517          	auipc	a0,0x1
    8000087e:	0ee50513          	addi	a0,a0,238 # 80001968 <name+0xa8>
    80000882:	393000ef          	jal	80001414 <kprintf>
//
//  kprintf("\r\nIV (nonce):      ");
//  for(int i = 0; i < 2; i++)
//      kprintf("%x", chacha_iv[i]);

  kprintf("Expected result: ");
    80000886:	00001517          	auipc	a0,0x1
    8000088a:	0a250513          	addi	a0,a0,162 # 80001928 <name+0x68>
    8000088e:	387000ef          	jal	80001414 <kprintf>
  for(int i = 0; i < 16; i++)
    80000892:	fe042223          	sw	zero,-28(s0)
    80000896:	a025                	j	800008be <chacha_test_cases+0x2ec>
      kprintf("%x", chacha_expected[i]);
    80000898:	fe442703          	lw	a4,-28(s0)
    8000089c:	ef840793          	addi	a5,s0,-264
    800008a0:	070a                	slli	a4,a4,0x2
    800008a2:	97ba                	add	a5,a5,a4
    800008a4:	439c                	lw	a5,0(a5)
    800008a6:	85be                	mv	a1,a5
    800008a8:	00001517          	auipc	a0,0x1
    800008ac:	09850513          	addi	a0,a0,152 # 80001940 <name+0x80>
    800008b0:	365000ef          	jal	80001414 <kprintf>
  for(int i = 0; i < 16; i++)
    800008b4:	fe442783          	lw	a5,-28(s0)
    800008b8:	2785                	addiw	a5,a5,1
    800008ba:	fef42223          	sw	a5,-28(s0)
    800008be:	fe442783          	lw	a5,-28(s0)
    800008c2:	0007871b          	sext.w	a4,a5
    800008c6:	47bd                	li	a5,15
    800008c8:	fce7d8e3          	bge	a5,a4,80000898 <chacha_test_cases+0x2c6>

	kprintf("\r\nResult dump:     ");
    800008cc:	00001517          	auipc	a0,0x1
    800008d0:	07c50513          	addi	a0,a0,124 # 80001948 <name+0x88>
    800008d4:	341000ef          	jal	80001414 <kprintf>
	for(int i = 0; i < 16; i++)
    800008d8:	fe042023          	sw	zero,-32(s0)
    800008dc:	a025                	j	80000904 <chacha_test_cases+0x332>
	    kprintf("%x", chacha_dump[i]);
    800008de:	fe042703          	lw	a4,-32(s0)
    800008e2:	f3840793          	addi	a5,s0,-200
    800008e6:	070a                	slli	a4,a4,0x2
    800008e8:	97ba                	add	a5,a5,a4
    800008ea:	439c                	lw	a5,0(a5)
    800008ec:	85be                	mv	a1,a5
    800008ee:	00001517          	auipc	a0,0x1
    800008f2:	05250513          	addi	a0,a0,82 # 80001940 <name+0x80>
    800008f6:	31f000ef          	jal	80001414 <kprintf>
	for(int i = 0; i < 16; i++)
    800008fa:	fe042783          	lw	a5,-32(s0)
    800008fe:	2785                	addiw	a5,a5,1
    80000900:	fef42023          	sw	a5,-32(s0)
    80000904:	fe042783          	lw	a5,-32(s0)
    80000908:	0007871b          	sext.w	a4,a5
    8000090c:	47bd                	li	a5,15
    8000090e:	fce7d8e3          	bge	a5,a4,800008de <chacha_test_cases+0x30c>

  kprintf("\r\n\r\n");
    80000912:	00001517          	auipc	a0,0x1
    80000916:	04e50513          	addi	a0,a0,78 # 80001960 <name+0xa0>
    8000091a:	2fb000ef          	jal	80001414 <kprintf>

  chacha_cipher_next_block(chacha_dump);
    8000091e:	f3840793          	addi	a5,s0,-200
    80000922:	853e                	mv	a0,a5
    80000924:	c3dff0ef          	jal	80000560 <chacha_cipher_next_block>

  kprintf("# ChaCha - 20 rounds, 256-bit key, next block ================================\r\n");
    80000928:	00001517          	auipc	a0,0x1
    8000092c:	09850513          	addi	a0,a0,152 # 800019c0 <name+0x100>
    80000930:	2e5000ef          	jal	80001414 <kprintf>
	kprintf("Expected result: 9f07e7be5551387a98ba977c732d080dcb0f29a048e3656912c6533e32ee7aed29b721769ce64e43d57133b074d839d531ed1f28510afb45ace10a1f4b794d6f");
    80000934:	00001517          	auipc	a0,0x1
    80000938:	0e450513          	addi	a0,a0,228 # 80001a18 <name+0x158>
    8000093c:	2d9000ef          	jal	80001414 <kprintf>
	kprintf("\r\n");
    80000940:	00001517          	auipc	a0,0x1
    80000944:	17050513          	addi	a0,a0,368 # 80001ab0 <name+0x1f0>
    80000948:	2cd000ef          	jal	80001414 <kprintf>
	kprintf("Result dump:     9f07e7be5551387a98ba977c732d080dcb0f29a048e3656912c6533e32ee7aed29b721769ce64e43d57133b074d839d531ed1f28510afb45ace10a1f4b794d6f");
    8000094c:	00001517          	auipc	a0,0x1
    80000950:	16c50513          	addi	a0,a0,364 # 80001ab8 <name+0x1f8>
    80000954:	2c1000ef          	jal	80001414 <kprintf>
//	kprintf("Result dump:     ");
//	for(int i = 0; i < 16; i++)
//	    kprintf("%x", chacha_dump[i]);

  kprintf("\r\n\r\n");
    80000958:	00001517          	auipc	a0,0x1
    8000095c:	00850513          	addi	a0,a0,8 # 80001960 <name+0xa0>
    80000960:	2b5000ef          	jal	80001414 <kprintf>
}
    80000964:	0001                	nop
    80000966:	60b2                	ld	ra,264(sp)
    80000968:	6412                	ld	s0,256(sp)
    8000096a:	6151                	addi	sp,sp,272
    8000096c:	8082                	ret

000000008000096e <chacha_test_elapsed>:

static void chacha_test_elapsed() {
    8000096e:	7135                	addi	sp,sp,-160
    80000970:	ed06                	sd	ra,152(sp)
    80000972:	e922                	sd	s0,144(sp)
    80000974:	1100                	addi	s0,sp,160
  unsigned int chacha_key[8] 	= {0x0, 0x0, 0x0, 0x0, 0x0, 0x0, 0x0, 0x0};
    80000976:	fa042823          	sw	zero,-80(s0)
    8000097a:	fa042a23          	sw	zero,-76(s0)
    8000097e:	fa042c23          	sw	zero,-72(s0)
    80000982:	fa042e23          	sw	zero,-68(s0)
    80000986:	fc042023          	sw	zero,-64(s0)
    8000098a:	fc042223          	sw	zero,-60(s0)
    8000098e:	fc042423          	sw	zero,-56(s0)
    80000992:	fc042623          	sw	zero,-52(s0)
	unsigned int chacha_iv[2] 	= {0x0, 0x0};
    80000996:	fa042423          	sw	zero,-88(s0)
    8000099a:	fa042623          	sw	zero,-84(s0)
	unsigned int chacha_data_in[16] 	= {
    8000099e:	f6042423          	sw	zero,-152(s0)
    800009a2:	f6042623          	sw	zero,-148(s0)
    800009a6:	f6042823          	sw	zero,-144(s0)
    800009aa:	f6042a23          	sw	zero,-140(s0)
    800009ae:	f6042c23          	sw	zero,-136(s0)
    800009b2:	f6042e23          	sw	zero,-132(s0)
    800009b6:	f8042023          	sw	zero,-128(s0)
    800009ba:	f8042223          	sw	zero,-124(s0)
    800009be:	f8042423          	sw	zero,-120(s0)
    800009c2:	f8042623          	sw	zero,-116(s0)
    800009c6:	f8042823          	sw	zero,-112(s0)
    800009ca:	f8042a23          	sw	zero,-108(s0)
    800009ce:	f8042c23          	sw	zero,-104(s0)
    800009d2:	f8042e23          	sw	zero,-100(s0)
    800009d6:	fa042023          	sw	zero,-96(s0)
    800009da:	fa042223          	sw	zero,-92(s0)
			0x0, 0x0, 0x0, 0x0,
			0x0, 0x0, 0x0, 0x0,
			0x0, 0x0, 0x0, 0x0,
			0x0, 0x0, 0x0, 0x0};

  for (int i = 0; i < 8; ++i)
    800009de:	fe042623          	sw	zero,-20(s0)
    800009e2:	a035                	j	80000a0e <chacha_test_elapsed+0xa0>
      chacha_write_to_address(CHACHA_ADDR_KEY_BASE + i, chacha_key[i]);
    800009e4:	fec42783          	lw	a5,-20(s0)
    800009e8:	27c1                	addiw	a5,a5,16
    800009ea:	2781                	sext.w	a5,a5
    800009ec:	86be                	mv	a3,a5
    800009ee:	fec42703          	lw	a4,-20(s0)
    800009f2:	fb040793          	addi	a5,s0,-80
    800009f6:	070a                	slli	a4,a4,0x2
    800009f8:	97ba                	add	a5,a5,a4
    800009fa:	439c                	lw	a5,0(a5)
    800009fc:	85be                	mv	a1,a5
    800009fe:	8536                	mv	a0,a3
    80000a00:	965ff0ef          	jal	80000364 <chacha_write_to_address>
  for (int i = 0; i < 8; ++i)
    80000a04:	fec42783          	lw	a5,-20(s0)
    80000a08:	2785                	addiw	a5,a5,1
    80000a0a:	fef42623          	sw	a5,-20(s0)
    80000a0e:	fec42783          	lw	a5,-20(s0)
    80000a12:	0007871b          	sext.w	a4,a5
    80000a16:	479d                	li	a5,7
    80000a18:	fce7d6e3          	bge	a5,a4,800009e4 <chacha_test_elapsed+0x76>

  for (int i = 0; i < 16; ++i)
    80000a1c:	fe042423          	sw	zero,-24(s0)
    80000a20:	a03d                	j	80000a4e <chacha_test_elapsed+0xe0>
      chacha_write_to_address(CHACHA_ADDR_DATA_IN_BASE + i, chacha_data_in[i]);
    80000a22:	fe842783          	lw	a5,-24(s0)
    80000a26:	0407879b          	addiw	a5,a5,64
    80000a2a:	2781                	sext.w	a5,a5
    80000a2c:	86be                	mv	a3,a5
    80000a2e:	fe842703          	lw	a4,-24(s0)
    80000a32:	f6840793          	addi	a5,s0,-152
    80000a36:	070a                	slli	a4,a4,0x2
    80000a38:	97ba                	add	a5,a5,a4
    80000a3a:	439c                	lw	a5,0(a5)
    80000a3c:	85be                	mv	a1,a5
    80000a3e:	8536                	mv	a0,a3
    80000a40:	925ff0ef          	jal	80000364 <chacha_write_to_address>
  for (int i = 0; i < 16; ++i)
    80000a44:	fe842783          	lw	a5,-24(s0)
    80000a48:	2785                	addiw	a5,a5,1
    80000a4a:	fef42423          	sw	a5,-24(s0)
    80000a4e:	fe842783          	lw	a5,-24(s0)
    80000a52:	0007871b          	sext.w	a4,a5
    80000a56:	47bd                	li	a5,15
    80000a58:	fce7d5e3          	bge	a5,a4,80000a22 <chacha_test_elapsed+0xb4>

  chacha_write_to_address(CHACHA_ADDR_IV0, chacha_iv[0]);
    80000a5c:	fa842783          	lw	a5,-88(s0)
    80000a60:	85be                	mv	a1,a5
    80000a62:	02000513          	li	a0,32
    80000a66:	8ffff0ef          	jal	80000364 <chacha_write_to_address>
  chacha_write_to_address(CHACHA_ADDR_IV1, chacha_iv[1]);
    80000a6a:	fac42783          	lw	a5,-84(s0)
    80000a6e:	85be                	mv	a1,a5
    80000a70:	02100513          	li	a0,33
    80000a74:	8f1ff0ef          	jal	80000364 <chacha_write_to_address>

  chacha_write_to_address(CHACHA_ADDR_KEYLEN, CHACHA_KEYLEN_256);
    80000a78:	4585                	li	a1,1
    80000a7a:	4529                	li	a0,10
    80000a7c:	8e9ff0ef          	jal	80000364 <chacha_write_to_address>
  chacha_write_to_address(CHACHA_ADDR_ROUNDS, 0x14);
    80000a80:	45d1                	li	a1,20
    80000a82:	452d                	li	a0,11
    80000a84:	8e1ff0ef          	jal	80000364 <chacha_write_to_address>

  // ====================================================

  chacha_write_to_address(CHACHA_ADDR_CTRL, 0x01);
    80000a88:	4585                	li	a1,1
    80000a8a:	4521                	li	a0,8
    80000a8c:	8d9ff0ef          	jal	80000364 <chacha_write_to_address>
  unsigned long count_cycles = -read_csr(mcycle); // Start counter
    80000a90:	b00027f3          	csrr	a5,mcycle
    80000a94:	fef43023          	sd	a5,-32(s0)
    80000a98:	fe043783          	ld	a5,-32(s0)
    80000a9c:	40f007b3          	neg	a5,a5
    80000aa0:	fcf43c23          	sd	a5,-40(s0)

  while(chacha_read_from_address(CHACHA_ADDR_STATUS) == 0);
    80000aa4:	0001                	nop
    80000aa6:	4525                	li	a0,9
    80000aa8:	915ff0ef          	jal	800003bc <chacha_read_from_address>
    80000aac:	87aa                	mv	a5,a0
    80000aae:	dfe5                	beqz	a5,80000aa6 <chacha_test_elapsed+0x138>
  count_cycles += read_csr(mcycle);
    80000ab0:	b00027f3          	csrr	a5,mcycle
    80000ab4:	fcf43823          	sd	a5,-48(s0)
    80000ab8:	fd043783          	ld	a5,-48(s0)
    80000abc:	fd843703          	ld	a4,-40(s0)
    80000ac0:	97ba                	add	a5,a5,a4
    80000ac2:	fcf43c23          	sd	a5,-40(s0)
  // ====================================================

  kprintf("# ChaCha20 - Cryptography Accelerator ===============================\r\n");
    80000ac6:	00001517          	auipc	a0,0x1
    80000aca:	0ca50513          	addi	a0,a0,202 # 80001b90 <name+0x2d0>
    80000ace:	147000ef          	jal	80001414 <kprintf>
  kprintf("Elapsed cycles: %d\r\n", count_cycles);
    80000ad2:	fd843583          	ld	a1,-40(s0)
    80000ad6:	00001517          	auipc	a0,0x1
    80000ada:	10250513          	addi	a0,a0,258 # 80001bd8 <name+0x318>
    80000ade:	137000ef          	jal	80001414 <kprintf>

}
    80000ae2:	0001                	nop
    80000ae4:	60ea                	ld	ra,152(sp)
    80000ae6:	644a                	ld	s0,144(sp)
    80000ae8:	610d                	addi	sp,sp,160
    80000aea:	8082                	ret

0000000080000aec <klein_write_to_address>:

#define KLEIN_ADDR_RESULT0  0x30
#define KLEIN_ADDR_RESULT1  0x31

void klein_write_to_address(uint32_t address, uint32_t data)
{
    80000aec:	1101                	addi	sp,sp,-32
    80000aee:	ec06                	sd	ra,24(sp)
    80000af0:	e822                	sd	s0,16(sp)
    80000af2:	1000                	addi	s0,sp,32
    80000af4:	87aa                	mv	a5,a0
    80000af6:	872e                	mv	a4,a1
    80000af8:	fef42623          	sw	a5,-20(s0)
    80000afc:	87ba                	mv	a5,a4
    80000afe:	fef42423          	sw	a5,-24(s0)
  reg_write32(KLEIN_DATA_A, address);
    80000b02:	fec42783          	lw	a5,-20(s0)
    80000b06:	85be                	mv	a1,a5
    80000b08:	100067b7          	lui	a5,0x10006
    80000b0c:	00478513          	addi	a0,a5,4 # 10006004 <__heap_size+0xffe6004>
    80000b10:	fdaff0ef          	jal	800002ea <reg_write32>
  reg_write32(KLEIN_DATA_B, data);
    80000b14:	fe842783          	lw	a5,-24(s0)
    80000b18:	85be                	mv	a1,a5
    80000b1a:	100067b7          	lui	a5,0x10006
    80000b1e:	00878513          	addi	a0,a5,8 # 10006008 <__heap_size+0xffe6008>
    80000b22:	fc8ff0ef          	jal	800002ea <reg_write32>
  reg_write32(KLEIN_TRIGGER, 0x00000101);
    80000b26:	10100593          	li	a1,257
    80000b2a:	10006537          	lui	a0,0x10006
    80000b2e:	fbcff0ef          	jal	800002ea <reg_write32>
  reg_write32(KLEIN_TRIGGER, 0x00000000);
    80000b32:	4581                	li	a1,0
    80000b34:	10006537          	lui	a0,0x10006
    80000b38:	fb2ff0ef          	jal	800002ea <reg_write32>
}
    80000b3c:	0001                	nop
    80000b3e:	60e2                	ld	ra,24(sp)
    80000b40:	6442                	ld	s0,16(sp)
    80000b42:	6105                	addi	sp,sp,32
    80000b44:	8082                	ret

0000000080000b46 <klein_read_to_address>:

uint32_t klein_read_to_address(uint32_t address)
{
    80000b46:	7179                	addi	sp,sp,-48
    80000b48:	f406                	sd	ra,40(sp)
    80000b4a:	f022                	sd	s0,32(sp)
    80000b4c:	1800                	addi	s0,sp,48
    80000b4e:	87aa                	mv	a5,a0
    80000b50:	fcf42e23          	sw	a5,-36(s0)
  reg_write32(KLEIN_DATA_A, address);
    80000b54:	fdc42783          	lw	a5,-36(s0)
    80000b58:	85be                	mv	a1,a5
    80000b5a:	100067b7          	lui	a5,0x10006
    80000b5e:	00478513          	addi	a0,a5,4 # 10006004 <__heap_size+0xffe6004>
    80000b62:	f88ff0ef          	jal	800002ea <reg_write32>
  reg_write32(KLEIN_DATA_B, 0);
    80000b66:	4581                	li	a1,0
    80000b68:	100067b7          	lui	a5,0x10006
    80000b6c:	00878513          	addi	a0,a5,8 # 10006008 <__heap_size+0xffe6008>
    80000b70:	f7aff0ef          	jal	800002ea <reg_write32>
  reg_write32(KLEIN_TRIGGER, 0x00000001);
    80000b74:	4585                	li	a1,1
    80000b76:	10006537          	lui	a0,0x10006
    80000b7a:	f70ff0ef          	jal	800002ea <reg_write32>
  uint32_t temp = reg_read32(KLEIN_DATA_C);
    80000b7e:	100067b7          	lui	a5,0x10006
    80000b82:	00c78513          	addi	a0,a5,12 # 1000600c <__heap_size+0xffe600c>
    80000b86:	f92ff0ef          	jal	80000318 <reg_read32>
    80000b8a:	87aa                	mv	a5,a0
    80000b8c:	fef42623          	sw	a5,-20(s0)
  reg_write32(KLEIN_TRIGGER, 0x00000000);
    80000b90:	4581                	li	a1,0
    80000b92:	10006537          	lui	a0,0x10006
    80000b96:	f54ff0ef          	jal	800002ea <reg_write32>
  return temp;
    80000b9a:	fec42783          	lw	a5,-20(s0)
}
    80000b9e:	853e                	mv	a0,a5
    80000ba0:	70a2                	ld	ra,40(sp)
    80000ba2:	7402                	ld	s0,32(sp)
    80000ba4:	6145                	addi	sp,sp,48
    80000ba6:	8082                	ret

0000000080000ba8 <klein_test>:

void klein_test(void)
{
    80000ba8:	1101                	addi	sp,sp,-32
    80000baa:	ec06                	sd	ra,24(sp)
    80000bac:	e822                	sd	s0,16(sp)
    80000bae:	1000                	addi	s0,sp,32
  // reset
  reg_write32(KLEIN_TRIGGER, 0x00010000);
    80000bb0:	65c1                	lui	a1,0x10
    80000bb2:	10006537          	lui	a0,0x10006
    80000bb6:	f34ff0ef          	jal	800002ea <reg_write32>
  reg_write32(KLEIN_TRIGGER, 0x00000000);
    80000bba:	4581                	li	a1,0
    80000bbc:	10006537          	lui	a0,0x10006
    80000bc0:	f2aff0ef          	jal	800002ea <reg_write32>
  // cipher
  klein_write_to_address(KLEIN_ADDR_BLOCK0, 0xdeadbeef); // inp
    80000bc4:	deadc7b7          	lui	a5,0xdeadc
    80000bc8:	eef78593          	addi	a1,a5,-273 # ffffffffdeadbeef <__stack_start+0xffffffff5eab8eef>
    80000bcc:	02000513          	li	a0,32
    80000bd0:	f1dff0ef          	jal	80000aec <klein_write_to_address>
  klein_write_to_address(KLEIN_ADDR_BLOCK1, 0xf000000f);
    80000bd4:	f00007b7          	lui	a5,0xf0000
    80000bd8:	00f78593          	addi	a1,a5,15 # fffffffff000000f <__stack_start+0xffffffff6ffdd00f>
    80000bdc:	02100513          	li	a0,33
    80000be0:	f0dff0ef          	jal	80000aec <klein_write_to_address>
  klein_write_to_address(KLEIN_ADDR_KEY0, 0x12345678); // key
    80000be4:	123457b7          	lui	a5,0x12345
    80000be8:	67878593          	addi	a1,a5,1656 # 12345678 <__heap_size+0x12325678>
    80000bec:	4541                	li	a0,16
    80000bee:	effff0ef          	jal	80000aec <klein_write_to_address>
  klein_write_to_address(KLEIN_ADDR_KEY1, 0x90abcdef);
    80000bf2:	90abd7b7          	lui	a5,0x90abd
    80000bf6:	def78593          	addi	a1,a5,-529 # ffffffff90abcdef <__stack_start+0xffffffff10a99def>
    80000bfa:	4545                	li	a0,17
    80000bfc:	ef1ff0ef          	jal	80000aec <klein_write_to_address>

  klein_write_to_address(KLEIN_ADDR_CONF, 0x01);
    80000c00:	4585                	li	a1,1
    80000c02:	4505                	li	a0,1
    80000c04:	ee9ff0ef          	jal	80000aec <klein_write_to_address>
  klein_write_to_address(KLEIN_ADDR_CTRL, 0x02);
    80000c08:	4589                	li	a1,2
    80000c0a:	4501                	li	a0,0
    80000c0c:	ee1ff0ef          	jal	80000aec <klein_write_to_address>

  while(!(klein_read_to_address(KLEIN_ADDR_STATUS) == 0x03));
    80000c10:	0001                	nop
    80000c12:	4509                	li	a0,2
    80000c14:	f33ff0ef          	jal	80000b46 <klein_read_to_address>
    80000c18:	87aa                	mv	a5,a0
    80000c1a:	873e                	mv	a4,a5
    80000c1c:	478d                	li	a5,3
    80000c1e:	fef71ae3          	bne	a4,a5,80000c12 <klein_test+0x6a>

  uint32_t block_1, block_2;
  block_1 = klein_read_to_address(KLEIN_ADDR_RESULT0);
    80000c22:	03000513          	li	a0,48
    80000c26:	f21ff0ef          	jal	80000b46 <klein_read_to_address>
    80000c2a:	87aa                	mv	a5,a0
    80000c2c:	fef42623          	sw	a5,-20(s0)
  block_2 = klein_read_to_address(KLEIN_ADDR_RESULT1);
    80000c30:	03100513          	li	a0,49
    80000c34:	f13ff0ef          	jal	80000b46 <klein_read_to_address>
    80000c38:	87aa                	mv	a5,a0
    80000c3a:	fef42423          	sw	a5,-24(s0)

  kprintf("\r# KLEIN-64 - Cipher and Decipher ====================================\r\n");
    80000c3e:	00001517          	auipc	a0,0x1
    80000c42:	fb250513          	addi	a0,a0,-78 # 80001bf0 <name+0x330>
    80000c46:	7ce000ef          	jal	80001414 <kprintf>
  kprintf("\rBlock:    deadbeeff000000f\r\n");
    80000c4a:	00001517          	auipc	a0,0x1
    80000c4e:	ff650513          	addi	a0,a0,-10 # 80001c40 <name+0x380>
    80000c52:	7c2000ef          	jal	80001414 <kprintf>
  kprintf("\rKey:      1234567890abcdef\r\n");
    80000c56:	00001517          	auipc	a0,0x1
    80000c5a:	00a50513          	addi	a0,a0,10 # 80001c60 <name+0x3a0>
    80000c5e:	7b6000ef          	jal	80001414 <kprintf>
  kprintf("\rCipher:   %w%w\r\n", block_1, block_2);
    80000c62:	fe842703          	lw	a4,-24(s0)
    80000c66:	fec42783          	lw	a5,-20(s0)
    80000c6a:	863a                	mv	a2,a4
    80000c6c:	85be                	mv	a1,a5
    80000c6e:	00001517          	auipc	a0,0x1
    80000c72:	01250513          	addi	a0,a0,18 # 80001c80 <name+0x3c0>
    80000c76:	79e000ef          	jal	80001414 <kprintf>

  // decipher
  klein_write_to_address(KLEIN_ADDR_BLOCK0, block_1); // inp
    80000c7a:	fec42783          	lw	a5,-20(s0)
    80000c7e:	85be                	mv	a1,a5
    80000c80:	02000513          	li	a0,32
    80000c84:	e69ff0ef          	jal	80000aec <klein_write_to_address>
  klein_write_to_address(KLEIN_ADDR_BLOCK1, block_2);
    80000c88:	fe842783          	lw	a5,-24(s0)
    80000c8c:	85be                	mv	a1,a5
    80000c8e:	02100513          	li	a0,33
    80000c92:	e5bff0ef          	jal	80000aec <klein_write_to_address>
  klein_write_to_address(KLEIN_ADDR_KEY0, 0x12345678); // key
    80000c96:	123457b7          	lui	a5,0x12345
    80000c9a:	67878593          	addi	a1,a5,1656 # 12345678 <__heap_size+0x12325678>
    80000c9e:	4541                	li	a0,16
    80000ca0:	e4dff0ef          	jal	80000aec <klein_write_to_address>
  klein_write_to_address(KLEIN_ADDR_KEY1, 0x90abcdef);
    80000ca4:	90abd7b7          	lui	a5,0x90abd
    80000ca8:	def78593          	addi	a1,a5,-529 # ffffffff90abcdef <__stack_start+0xffffffff10a99def>
    80000cac:	4545                	li	a0,17
    80000cae:	e3fff0ef          	jal	80000aec <klein_write_to_address>

  klein_write_to_address(KLEIN_ADDR_CONF, 0x00);
    80000cb2:	4581                	li	a1,0
    80000cb4:	4505                	li	a0,1
    80000cb6:	e37ff0ef          	jal	80000aec <klein_write_to_address>
  klein_write_to_address(KLEIN_ADDR_CTRL, 0x01);
    80000cba:	4585                	li	a1,1
    80000cbc:	4501                	li	a0,0
    80000cbe:	e2fff0ef          	jal	80000aec <klein_write_to_address>

  while(!(klein_read_to_address(KLEIN_ADDR_STATUS) == 0x01));
    80000cc2:	0001                	nop
    80000cc4:	4509                	li	a0,2
    80000cc6:	e81ff0ef          	jal	80000b46 <klein_read_to_address>
    80000cca:	87aa                	mv	a5,a0
    80000ccc:	873e                	mv	a4,a5
    80000cce:	4785                	li	a5,1
    80000cd0:	fef71ae3          	bne	a4,a5,80000cc4 <klein_test+0x11c>
  klein_write_to_address(KLEIN_ADDR_CTRL, 0x02);
    80000cd4:	4589                	li	a1,2
    80000cd6:	4501                	li	a0,0
    80000cd8:	e15ff0ef          	jal	80000aec <klein_write_to_address>
  while(!(klein_read_to_address(KLEIN_ADDR_STATUS) == 0x03));
    80000cdc:	0001                	nop
    80000cde:	4509                	li	a0,2
    80000ce0:	e67ff0ef          	jal	80000b46 <klein_read_to_address>
    80000ce4:	87aa                	mv	a5,a0
    80000ce6:	873e                	mv	a4,a5
    80000ce8:	478d                	li	a5,3
    80000cea:	fef71ae3          	bne	a4,a5,80000cde <klein_test+0x136>

  block_1 = klein_read_to_address(KLEIN_ADDR_RESULT0);
    80000cee:	03000513          	li	a0,48
    80000cf2:	e55ff0ef          	jal	80000b46 <klein_read_to_address>
    80000cf6:	87aa                	mv	a5,a0
    80000cf8:	fef42623          	sw	a5,-20(s0)
  block_2 = klein_read_to_address(KLEIN_ADDR_RESULT1);
    80000cfc:	03100513          	li	a0,49
    80000d00:	e47ff0ef          	jal	80000b46 <klein_read_to_address>
    80000d04:	87aa                	mv	a5,a0
    80000d06:	fef42423          	sw	a5,-24(s0)

  kprintf("\rDecipher: %w%w\r\n\r\n", block_1, block_2);
    80000d0a:	fe842703          	lw	a4,-24(s0)
    80000d0e:	fec42783          	lw	a5,-20(s0)
    80000d12:	863a                	mv	a2,a4
    80000d14:	85be                	mv	a1,a5
    80000d16:	00001517          	auipc	a0,0x1
    80000d1a:	f8250513          	addi	a0,a0,-126 # 80001c98 <name+0x3d8>
    80000d1e:	6f6000ef          	jal	80001414 <kprintf>
}
    80000d22:	0001                	nop
    80000d24:	60e2                	ld	ra,24(sp)
    80000d26:	6442                	ld	s0,16(sp)
    80000d28:	6105                	addi	sp,sp,32
    80000d2a:	8082                	ret

0000000080000d2c <klein_test_encryption_elapsed>:

void klein_test_encryption_elapsed() {
    80000d2c:	7179                	addi	sp,sp,-48
    80000d2e:	f406                	sd	ra,40(sp)
    80000d30:	f022                	sd	s0,32(sp)
    80000d32:	1800                	addi	s0,sp,48
    // Reset the KLEIN cipher
    reg_write32(KLEIN_TRIGGER, 0x00010000);
    80000d34:	65c1                	lui	a1,0x10
    80000d36:	10006537          	lui	a0,0x10006
    80000d3a:	db0ff0ef          	jal	800002ea <reg_write32>
    reg_write32(KLEIN_TRIGGER, 0x00000000);
    80000d3e:	4581                	li	a1,0
    80000d40:	10006537          	lui	a0,0x10006
    80000d44:	da6ff0ef          	jal	800002ea <reg_write32>

    // Set input data (plaintext)
    klein_write_to_address(KLEIN_ADDR_BLOCK0, 0xdeadbeef);
    80000d48:	deadc7b7          	lui	a5,0xdeadc
    80000d4c:	eef78593          	addi	a1,a5,-273 # ffffffffdeadbeef <__stack_start+0xffffffff5eab8eef>
    80000d50:	02000513          	li	a0,32
    80000d54:	d99ff0ef          	jal	80000aec <klein_write_to_address>
    klein_write_to_address(KLEIN_ADDR_BLOCK1, 0xf000000f);
    80000d58:	f00007b7          	lui	a5,0xf0000
    80000d5c:	00f78593          	addi	a1,a5,15 # fffffffff000000f <__stack_start+0xffffffff6ffdd00f>
    80000d60:	02100513          	li	a0,33
    80000d64:	d89ff0ef          	jal	80000aec <klein_write_to_address>

    // Set encryption key
    klein_write_to_address(KLEIN_ADDR_KEY0, 0x12345678);
    80000d68:	123457b7          	lui	a5,0x12345
    80000d6c:	67878593          	addi	a1,a5,1656 # 12345678 <__heap_size+0x12325678>
    80000d70:	4541                	li	a0,16
    80000d72:	d7bff0ef          	jal	80000aec <klein_write_to_address>
    klein_write_to_address(KLEIN_ADDR_KEY1, 0x90abcdef);
    80000d76:	90abd7b7          	lui	a5,0x90abd
    80000d7a:	def78593          	addi	a1,a5,-529 # ffffffff90abcdef <__stack_start+0xffffffff10a99def>
    80000d7e:	4545                	li	a0,17
    80000d80:	d6dff0ef          	jal	80000aec <klein_write_to_address>

    // Configure and start encryption
    klein_write_to_address(KLEIN_ADDR_CONF, 0x01);
    80000d84:	4585                	li	a1,1
    80000d86:	4505                	li	a0,1
    80000d88:	d65ff0ef          	jal	80000aec <klein_write_to_address>

    // Start measuring time
    klein_write_to_address(KLEIN_ADDR_CTRL, 0x02);
    80000d8c:	4589                	li	a1,2
    80000d8e:	4501                	li	a0,0
    80000d90:	d5dff0ef          	jal	80000aec <klein_write_to_address>
    unsigned long _encryption_cycles = -read_csr(mcycle);
    80000d94:	b00027f3          	csrr	a5,mcycle
    80000d98:	fef43423          	sd	a5,-24(s0)
    80000d9c:	fe843783          	ld	a5,-24(s0)
    80000da0:	40f007b3          	neg	a5,a5
    80000da4:	fef43023          	sd	a5,-32(s0)

    // Wait for encryption to complete
    while (!(klein_read_to_address(KLEIN_ADDR_STATUS) == 0x03));
    80000da8:	0001                	nop
    80000daa:	4509                	li	a0,2
    80000dac:	d9bff0ef          	jal	80000b46 <klein_read_to_address>
    80000db0:	87aa                	mv	a5,a0
    80000db2:	873e                	mv	a4,a5
    80000db4:	478d                	li	a5,3
    80000db6:	fef71ae3          	bne	a4,a5,80000daa <klein_test_encryption_elapsed+0x7e>

    // Stop the timer and get elapsed cycles
    _encryption_cycles += read_csr(mcycle);
    80000dba:	b00027f3          	csrr	a5,mcycle
    80000dbe:	fcf43c23          	sd	a5,-40(s0)
    80000dc2:	fd843783          	ld	a5,-40(s0)
    80000dc6:	fe043703          	ld	a4,-32(s0)
    80000dca:	97ba                	add	a5,a5,a4
    80000dcc:	fef43023          	sd	a5,-32(s0)
//    cipher_1 = klein_read_to_address(KLEIN_ADDR_RESULT0);
//    cipher_2 = klein_read_to_address(KLEIN_ADDR_RESULT1);

    // Print results
//    kprintf("\r\n# ELAPSED - KLEIN-64 Cipher Encryption ======================\r\n");
    kprintf("Executed cycles for encryption: %d\r\n", _encryption_cycles);
    80000dd0:	fe043583          	ld	a1,-32(s0)
    80000dd4:	00001517          	auipc	a0,0x1
    80000dd8:	edc50513          	addi	a0,a0,-292 # 80001cb0 <name+0x3f0>
    80000ddc:	638000ef          	jal	80001414 <kprintf>
//    kprintf("Cipher text:    %w%w\r\n", cipher_1, cipher_2);
}
    80000de0:	0001                	nop
    80000de2:	70a2                	ld	ra,40(sp)
    80000de4:	7402                	ld	s0,32(sp)
    80000de6:	6145                	addi	sp,sp,48
    80000de8:	8082                	ret

0000000080000dea <klein_test_decryption_elapsed>:

void klein_test_decryption_elapsed() {
    80000dea:	7179                	addi	sp,sp,-48
    80000dec:	f406                	sd	ra,40(sp)
    80000dee:	f022                	sd	s0,32(sp)
    80000df0:	1800                	addi	s0,sp,48
    // Reset the KLEIN cipher
    reg_write32(KLEIN_TRIGGER, 0x00010000);
    80000df2:	65c1                	lui	a1,0x10
    80000df4:	10006537          	lui	a0,0x10006
    80000df8:	cf2ff0ef          	jal	800002ea <reg_write32>
    reg_write32(KLEIN_TRIGGER, 0x00000000);
    80000dfc:	4581                	li	a1,0
    80000dfe:	10006537          	lui	a0,0x10006
    80000e02:	ce8ff0ef          	jal	800002ea <reg_write32>

    // Set input data (ciphertext from previous encryption)
    uint32_t block_1 = 0x5a14d676; // Example ciphertext
    80000e06:	5a14d7b7          	lui	a5,0x5a14d
    80000e0a:	67678793          	addi	a5,a5,1654 # 5a14d676 <__heap_size+0x5a12d676>
    80000e0e:	fef42623          	sw	a5,-20(s0)
    uint32_t block_2 = 0x98fa7e4c;
    80000e12:	98fa87b7          	lui	a5,0x98fa8
    80000e16:	e4c78793          	addi	a5,a5,-436 # ffffffff98fa7e4c <__stack_start+0xffffffff18f84e4c>
    80000e1a:	fef42423          	sw	a5,-24(s0)

    klein_write_to_address(KLEIN_ADDR_BLOCK0, block_1);
    80000e1e:	fec42783          	lw	a5,-20(s0)
    80000e22:	85be                	mv	a1,a5
    80000e24:	02000513          	li	a0,32
    80000e28:	cc5ff0ef          	jal	80000aec <klein_write_to_address>
    klein_write_to_address(KLEIN_ADDR_BLOCK1, block_2);
    80000e2c:	fe842783          	lw	a5,-24(s0)
    80000e30:	85be                	mv	a1,a5
    80000e32:	02100513          	li	a0,33
    80000e36:	cb7ff0ef          	jal	80000aec <klein_write_to_address>

    // Set the same encryption key for decryption
    klein_write_to_address(KLEIN_ADDR_KEY0, 0x12345678);
    80000e3a:	123457b7          	lui	a5,0x12345
    80000e3e:	67878593          	addi	a1,a5,1656 # 12345678 <__heap_size+0x12325678>
    80000e42:	4541                	li	a0,16
    80000e44:	ca9ff0ef          	jal	80000aec <klein_write_to_address>
    klein_write_to_address(KLEIN_ADDR_KEY1, 0x90abcdef);
    80000e48:	90abd7b7          	lui	a5,0x90abd
    80000e4c:	def78593          	addi	a1,a5,-529 # ffffffff90abcdef <__stack_start+0xffffffff10a99def>
    80000e50:	4545                	li	a0,17
    80000e52:	c9bff0ef          	jal	80000aec <klein_write_to_address>

    // Configure for decryption mode
    klein_write_to_address(KLEIN_ADDR_CONF, 0x00);
    80000e56:	4581                	li	a1,0
    80000e58:	4505                	li	a0,1
    80000e5a:	c93ff0ef          	jal	80000aec <klein_write_to_address>

    // Start measuring time
    klein_write_to_address(KLEIN_ADDR_CTRL, 0x01);
    80000e5e:	4585                	li	a1,1
    80000e60:	4501                	li	a0,0
    80000e62:	c8bff0ef          	jal	80000aec <klein_write_to_address>
    unsigned long _decryption_cycles = -read_csr(mcycle);
    80000e66:	b00027f3          	csrr	a5,mcycle
    80000e6a:	fef43023          	sd	a5,-32(s0)
    80000e6e:	fe043783          	ld	a5,-32(s0)
    80000e72:	40f007b3          	neg	a5,a5
    80000e76:	fcf43c23          	sd	a5,-40(s0)

    // Wait for keyschedule ready
    while (!(klein_read_to_address(KLEIN_ADDR_STATUS) == 0x01));
    80000e7a:	0001                	nop
    80000e7c:	4509                	li	a0,2
    80000e7e:	cc9ff0ef          	jal	80000b46 <klein_read_to_address>
    80000e82:	87aa                	mv	a5,a0
    80000e84:	873e                	mv	a4,a5
    80000e86:	4785                	li	a5,1
    80000e88:	fef71ae3          	bne	a4,a5,80000e7c <klein_test_decryption_elapsed+0x92>

    // Trigger decryption
    klein_write_to_address(KLEIN_ADDR_CTRL, 0x02);
    80000e8c:	4589                	li	a1,2
    80000e8e:	4501                	li	a0,0
    80000e90:	c5dff0ef          	jal	80000aec <klein_write_to_address>

    // Wait for decryption to complete
    while (!(klein_read_to_address(KLEIN_ADDR_STATUS) == 0x03));
    80000e94:	0001                	nop
    80000e96:	4509                	li	a0,2
    80000e98:	cafff0ef          	jal	80000b46 <klein_read_to_address>
    80000e9c:	87aa                	mv	a5,a0
    80000e9e:	873e                	mv	a4,a5
    80000ea0:	478d                	li	a5,3
    80000ea2:	fef71ae3          	bne	a4,a5,80000e96 <klein_test_decryption_elapsed+0xac>

    // Stop the timer and get elapsed cycles
    _decryption_cycles += read_csr(mcycle);
    80000ea6:	b00027f3          	csrr	a5,mcycle
    80000eaa:	fcf43823          	sd	a5,-48(s0)
    80000eae:	fd043783          	ld	a5,-48(s0)
    80000eb2:	fd843703          	ld	a4,-40(s0)
    80000eb6:	97ba                	add	a5,a5,a4
    80000eb8:	fcf43c23          	sd	a5,-40(s0)
//    decipher_1 = klein_read_to_address(KLEIN_ADDR_RESULT0);
//    decipher_2 = klein_read_to_address(KLEIN_ADDR_RESULT1);

    // Print results
//    kprintf("\r\n# ELAPSED - KLEIN-64 Cipher Decryption ======================\r\n");
    kprintf("Executed cycles for decryption: %d\r\n", _decryption_cycles);
    80000ebc:	fd843583          	ld	a1,-40(s0)
    80000ec0:	00001517          	auipc	a0,0x1
    80000ec4:	e1850513          	addi	a0,a0,-488 # 80001cd8 <name+0x418>
    80000ec8:	54c000ef          	jal	80001414 <kprintf>
//    kprintf("Decipher text:  %w%w\r\n", decipher_1, decipher_2);
}
    80000ecc:	0001                	nop
    80000ece:	70a2                	ld	ra,40(sp)
    80000ed0:	7402                	ld	s0,32(sp)
    80000ed2:	6145                	addi	sp,sp,48
    80000ed4:	8082                	ret

0000000080000ed6 <sha3_soft_reset>:
#define SHA3_ADDR_IN_LAST		0x03
#define SHA3_ADDR_STATUS		0x0f

#define SHA3_ADDR_DIGEST_BASE		0x10

static void sha3_soft_reset() {
    80000ed6:	1141                	addi	sp,sp,-16
    80000ed8:	e406                	sd	ra,8(sp)
    80000eda:	e022                	sd	s0,0(sp)
    80000edc:	0800                	addi	s0,sp,16
  reg_write32(SHA3_control, CTRL_SHA3_RESET);
    80000ede:	4591                	li	a1,4
    80000ee0:	10008537          	lui	a0,0x10008
    80000ee4:	c06ff0ef          	jal	800002ea <reg_write32>
  reg_write32(SHA3_control, CTRL_SHA3_IDLE);
    80000ee8:	4581                	li	a1,0
    80000eea:	10008537          	lui	a0,0x10008
    80000eee:	bfcff0ef          	jal	800002ea <reg_write32>
}
    80000ef2:	0001                	nop
    80000ef4:	60a2                	ld	ra,8(sp)
    80000ef6:	6402                	ld	s0,0(sp)
    80000ef8:	0141                	addi	sp,sp,16
    80000efa:	8082                	ret

0000000080000efc <sha3_write_to_address>:

static void sha3_write_to_address(unsigned int address, unsigned int data) {
    80000efc:	1101                	addi	sp,sp,-32
    80000efe:	ec06                	sd	ra,24(sp)
    80000f00:	e822                	sd	s0,16(sp)
    80000f02:	1000                	addi	s0,sp,32
    80000f04:	87aa                	mv	a5,a0
    80000f06:	872e                	mv	a4,a1
    80000f08:	fef42623          	sw	a5,-20(s0)
    80000f0c:	87ba                	mv	a5,a4
    80000f0e:	fef42423          	sw	a5,-24(s0)
    reg_write32(SHA3_addr,  address);
    80000f12:	fec42783          	lw	a5,-20(s0)
    80000f16:	85be                	mv	a1,a5
    80000f18:	100087b7          	lui	a5,0x10008
    80000f1c:	00478513          	addi	a0,a5,4 # 10008004 <__heap_size+0xffe8004>
    80000f20:	bcaff0ef          	jal	800002ea <reg_write32>
    reg_write32(SHA3_write, data);
    80000f24:	fe842783          	lw	a5,-24(s0)
    80000f28:	85be                	mv	a1,a5
    80000f2a:	100087b7          	lui	a5,0x10008
    80000f2e:	00878513          	addi	a0,a5,8 # 10008008 <__heap_size+0xffe8008>
    80000f32:	bb8ff0ef          	jal	800002ea <reg_write32>
    reg_write32(SHA3_control, CTRL_SHA3_WRITE);
    80000f36:	458d                	li	a1,3
    80000f38:	10008537          	lui	a0,0x10008
    80000f3c:	baeff0ef          	jal	800002ea <reg_write32>
    reg_write32(SHA3_control, CTRL_SHA3_IDLE);
    80000f40:	4581                	li	a1,0
    80000f42:	10008537          	lui	a0,0x10008
    80000f46:	ba4ff0ef          	jal	800002ea <reg_write32>
}
    80000f4a:	0001                	nop
    80000f4c:	60e2                	ld	ra,24(sp)
    80000f4e:	6442                	ld	s0,16(sp)
    80000f50:	6105                	addi	sp,sp,32
    80000f52:	8082                	ret

0000000080000f54 <sha3_read_from_address>:

static unsigned int sha3_read_from_address(unsigned int address) {
    80000f54:	7179                	addi	sp,sp,-48
    80000f56:	f406                	sd	ra,40(sp)
    80000f58:	f022                	sd	s0,32(sp)
    80000f5a:	1800                	addi	s0,sp,48
    80000f5c:	87aa                	mv	a5,a0
    80000f5e:	fcf42e23          	sw	a5,-36(s0)
    reg_write32(SHA3_addr,  address);
    80000f62:	fdc42783          	lw	a5,-36(s0)
    80000f66:	85be                	mv	a1,a5
    80000f68:	100087b7          	lui	a5,0x10008
    80000f6c:	00478513          	addi	a0,a5,4 # 10008004 <__heap_size+0xffe8004>
    80000f70:	b7aff0ef          	jal	800002ea <reg_write32>
    reg_write32(SHA3_write, 0x00);
    80000f74:	4581                	li	a1,0
    80000f76:	100087b7          	lui	a5,0x10008
    80000f7a:	00878513          	addi	a0,a5,8 # 10008008 <__heap_size+0xffe8008>
    80000f7e:	b6cff0ef          	jal	800002ea <reg_write32>

    reg_write32(SHA3_control, CTRL_SHA3_READ);
    80000f82:	4585                	li	a1,1
    80000f84:	10008537          	lui	a0,0x10008
    80000f88:	b62ff0ef          	jal	800002ea <reg_write32>
    unsigned int temp = reg_read32(SHA3_read);
    80000f8c:	100087b7          	lui	a5,0x10008
    80000f90:	00c78513          	addi	a0,a5,12 # 1000800c <__heap_size+0xffe800c>
    80000f94:	b84ff0ef          	jal	80000318 <reg_read32>
    80000f98:	87aa                	mv	a5,a0
    80000f9a:	fef42623          	sw	a5,-20(s0)
    reg_write32(SHA3_control, CTRL_SHA3_IDLE);
    80000f9e:	4581                	li	a1,0
    80000fa0:	10008537          	lui	a0,0x10008
    80000fa4:	b46ff0ef          	jal	800002ea <reg_write32>
    return temp;
    80000fa8:	fec42783          	lw	a5,-20(s0)
}
    80000fac:	853e                	mv	a0,a5
    80000fae:	70a2                	ld	ra,40(sp)
    80000fb0:	7402                	ld	s0,32(sp)
    80000fb2:	6145                	addi	sp,sp,48
    80000fb4:	8082                	ret

0000000080000fb6 <sha3_512_hash>:


static void sha3_512_hash(unsigned int *message, unsigned int msg_len_word, unsigned int last_byte_num, unsigned int *digest) {
    80000fb6:	715d                	addi	sp,sp,-80
    80000fb8:	e486                	sd	ra,72(sp)
    80000fba:	e0a2                	sd	s0,64(sp)
    80000fbc:	fc26                	sd	s1,56(sp)
    80000fbe:	0880                	addi	s0,sp,80
    80000fc0:	fca43423          	sd	a0,-56(s0)
    80000fc4:	87ae                	mv	a5,a1
    80000fc6:	8732                	mv	a4,a2
    80000fc8:	fad43c23          	sd	a3,-72(s0)
    80000fcc:	fcf42223          	sw	a5,-60(s0)
    80000fd0:	87ba                	mv	a5,a4
    80000fd2:	fcf42023          	sw	a5,-64(s0)
	sha3_write_to_address(SHA3_ADDR_RESET, 0x00);
    80000fd6:	4581                	li	a1,0
    80000fd8:	4501                	li	a0,0
    80000fda:	f23ff0ef          	jal	80000efc <sha3_write_to_address>

	unsigned char i = 0;
    80000fde:	fc040fa3          	sb	zero,-33(s0)
	for(i = 0; i < (msg_len_word - 1); i++)
    80000fe2:	fc040fa3          	sb	zero,-33(s0)
    80000fe6:	a00d                	j	80001008 <sha3_512_hash+0x52>
		sha3_write_to_address(SHA3_ADDR_IN, message[i]);
    80000fe8:	fdf44783          	lbu	a5,-33(s0)
    80000fec:	078a                	slli	a5,a5,0x2
    80000fee:	fc843703          	ld	a4,-56(s0)
    80000ff2:	97ba                	add	a5,a5,a4
    80000ff4:	439c                	lw	a5,0(a5)
    80000ff6:	85be                	mv	a1,a5
    80000ff8:	4505                	li	a0,1
    80000ffa:	f03ff0ef          	jal	80000efc <sha3_write_to_address>
	for(i = 0; i < (msg_len_word - 1); i++)
    80000ffe:	fdf44783          	lbu	a5,-33(s0)
    80001002:	2785                	addiw	a5,a5,1
    80001004:	fcf40fa3          	sb	a5,-33(s0)
    80001008:	fdf44783          	lbu	a5,-33(s0)
    8000100c:	0007871b          	sext.w	a4,a5
    80001010:	fc442783          	lw	a5,-60(s0)
    80001014:	37fd                	addiw	a5,a5,-1
    80001016:	2781                	sext.w	a5,a5
    80001018:	fcf768e3          	bltu	a4,a5,80000fe8 <sha3_512_hash+0x32>

	sha3_write_to_address(SHA3_ADDR_BYTE_NUM, last_byte_num);
    8000101c:	fc042783          	lw	a5,-64(s0)
    80001020:	85be                	mv	a1,a5
    80001022:	4509                	li	a0,2
    80001024:	ed9ff0ef          	jal	80000efc <sha3_write_to_address>
	sha3_write_to_address(SHA3_ADDR_IN_LAST, message[msg_len_word - 1]);
    80001028:	fc442783          	lw	a5,-60(s0)
    8000102c:	37fd                	addiw	a5,a5,-1
    8000102e:	2781                	sext.w	a5,a5
    80001030:	1782                	slli	a5,a5,0x20
    80001032:	9381                	srli	a5,a5,0x20
    80001034:	078a                	slli	a5,a5,0x2
    80001036:	fc843703          	ld	a4,-56(s0)
    8000103a:	97ba                	add	a5,a5,a4
    8000103c:	439c                	lw	a5,0(a5)
    8000103e:	85be                	mv	a1,a5
    80001040:	450d                	li	a0,3
    80001042:	ebbff0ef          	jal	80000efc <sha3_write_to_address>

	while(sha3_read_from_address(SHA3_ADDR_STATUS) == 0);
    80001046:	0001                	nop
    80001048:	453d                	li	a0,15
    8000104a:	f0bff0ef          	jal	80000f54 <sha3_read_from_address>
    8000104e:	87aa                	mv	a5,a0
    80001050:	dfe5                	beqz	a5,80001048 <sha3_512_hash+0x92>
//  kprintf("STATUS: %w\r\n", sha3_read_from_address(SHA3_ADDR_STATUS));

	for(i = 0; i < 16; i++)
    80001052:	fc040fa3          	sb	zero,-33(s0)
    80001056:	a805                	j	80001086 <sha3_512_hash+0xd0>
		digest[i] = sha3_read_from_address(SHA3_ADDR_DIGEST_BASE + i);
    80001058:	fdf44783          	lbu	a5,-33(s0)
    8000105c:	2781                	sext.w	a5,a5
    8000105e:	27c1                	addiw	a5,a5,16
    80001060:	2781                	sext.w	a5,a5
    80001062:	86be                	mv	a3,a5
    80001064:	fdf44783          	lbu	a5,-33(s0)
    80001068:	078a                	slli	a5,a5,0x2
    8000106a:	fb843703          	ld	a4,-72(s0)
    8000106e:	00f704b3          	add	s1,a4,a5
    80001072:	8536                	mv	a0,a3
    80001074:	ee1ff0ef          	jal	80000f54 <sha3_read_from_address>
    80001078:	87aa                	mv	a5,a0
    8000107a:	c09c                	sw	a5,0(s1)
	for(i = 0; i < 16; i++)
    8000107c:	fdf44783          	lbu	a5,-33(s0)
    80001080:	2785                	addiw	a5,a5,1
    80001082:	fcf40fa3          	sb	a5,-33(s0)
    80001086:	fdf44783          	lbu	a5,-33(s0)
    8000108a:	0ff7f713          	zext.b	a4,a5
    8000108e:	47bd                	li	a5,15
    80001090:	fce7f4e3          	bgeu	a5,a4,80001058 <sha3_512_hash+0xa2>

}
    80001094:	0001                	nop
    80001096:	0001                	nop
    80001098:	60a6                	ld	ra,72(sp)
    8000109a:	6406                	ld	s0,64(sp)
    8000109c:	74e2                	ld	s1,56(sp)
    8000109e:	6161                	addi	sp,sp,80
    800010a0:	8082                	ret

00000000800010a2 <sha3_test_cases>:


static void sha3_test_cases() {
    800010a2:	7131                	addi	sp,sp,-192
    800010a4:	fd06                	sd	ra,184(sp)
    800010a6:	f922                	sd	s0,176(sp)
    800010a8:	0180                	addi	s0,sp,192

	unsigned int message_1[11] = {
    800010aa:	00001797          	auipc	a5,0x1
    800010ae:	e5e78793          	addi	a5,a5,-418 # 80001f08 <name+0x648>
    800010b2:	638c                	ld	a1,0(a5)
    800010b4:	6790                	ld	a2,8(a5)
    800010b6:	6b94                	ld	a3,16(a5)
    800010b8:	6f98                	ld	a4,24(a5)
    800010ba:	fab43c23          	sd	a1,-72(s0)
    800010be:	fcc43023          	sd	a2,-64(s0)
    800010c2:	fcd43423          	sd	a3,-56(s0)
    800010c6:	fce43823          	sd	a4,-48(s0)
    800010ca:	7398                	ld	a4,32(a5)
    800010cc:	fce43c23          	sd	a4,-40(s0)
    800010d0:	579c                	lw	a5,40(a5)
    800010d2:	fef42023          	sw	a5,-32(s0)
							0x54686520, 0x71756963, 0x6b206272, 0x6f776e20,
							0x666f7820, 0x6a756d70, 0x73206f76, 0x65722074,
							0x6865206c, 0x617a7920, 0x646f6700};

	unsigned int message_2[12] = {
    800010d6:	00001797          	auipc	a5,0x1
    800010da:	e6278793          	addi	a5,a5,-414 # 80001f38 <name+0x678>
    800010de:	6388                	ld	a0,0(a5)
    800010e0:	678c                	ld	a1,8(a5)
    800010e2:	6b90                	ld	a2,16(a5)
    800010e4:	6f94                	ld	a3,24(a5)
    800010e6:	7398                	ld	a4,32(a5)
    800010e8:	f8a43423          	sd	a0,-120(s0)
    800010ec:	f8b43823          	sd	a1,-112(s0)
    800010f0:	f8c43c23          	sd	a2,-104(s0)
    800010f4:	fad43023          	sd	a3,-96(s0)
    800010f8:	fae43423          	sd	a4,-88(s0)
    800010fc:	779c                	ld	a5,40(a5)
    800010fe:	faf43823          	sd	a5,-80(s0)

//	unsigned int message_4[5] = {
//							0x48434D55, 0x53204645, 0x54454C20, 0x4445534C,
//							0x41420000};

	unsigned int digest[16] = {
    80001102:	f4042423          	sw	zero,-184(s0)
    80001106:	f4042623          	sw	zero,-180(s0)
    8000110a:	f4042823          	sw	zero,-176(s0)
    8000110e:	f4042a23          	sw	zero,-172(s0)
    80001112:	f4042c23          	sw	zero,-168(s0)
    80001116:	f4042e23          	sw	zero,-164(s0)
    8000111a:	f6042023          	sw	zero,-160(s0)
    8000111e:	f6042223          	sw	zero,-156(s0)
    80001122:	f6042423          	sw	zero,-152(s0)
    80001126:	f6042623          	sw	zero,-148(s0)
    8000112a:	f6042823          	sw	zero,-144(s0)
    8000112e:	f6042a23          	sw	zero,-140(s0)
    80001132:	f6042c23          	sw	zero,-136(s0)
    80001136:	f6042e23          	sw	zero,-132(s0)
    8000113a:	f8042023          	sw	zero,-128(s0)
    8000113e:	f8042223          	sw	zero,-124(s0)
//  kprintf("STATUS: %w\r\n", sha3_read_from_address(SHA3_ADDR_STATUS));

	// ============================= TEST 1 =============================
	// "The quick brown fox jumps over the lazy dog "
//	sha3_soft_reset();
	sha3_512_hash(message_1, 11, 3, digest);
    80001142:	f4840713          	addi	a4,s0,-184
    80001146:	fb840793          	addi	a5,s0,-72
    8000114a:	86ba                	mv	a3,a4
    8000114c:	460d                	li	a2,3
    8000114e:	45ad                	li	a1,11
    80001150:	853e                	mv	a0,a5
    80001152:	e65ff0ef          	jal	80000fb6 <sha3_512_hash>

	kprintf("# SHA3-512 ===============================================================\r\n");
    80001156:	00001517          	auipc	a0,0x1
    8000115a:	baa50513          	addi	a0,a0,-1110 # 80001d00 <name+0x440>
    8000115e:	2b6000ef          	jal	80001414 <kprintf>
	kprintf("Message:  \"The quick brown fox jumps over the lazy dog \"\r\n");
    80001162:	00001517          	auipc	a0,0x1
    80001166:	bee50513          	addi	a0,a0,-1042 # 80001d50 <name+0x490>
    8000116a:	2aa000ef          	jal	80001414 <kprintf>
	kprintf("Expected: 01dedd5de4ef14642445ba5f5b97c15e47b9ad931326e4b0727cd94cefc44fff23f07bf543139939b49128caf436dc1bdee54fcb24023a08d9403f9b4bf0d450\r\n");
    8000116e:	00001517          	auipc	a0,0x1
    80001172:	c2250513          	addi	a0,a0,-990 # 80001d90 <name+0x4d0>
    80001176:	29e000ef          	jal	80001414 <kprintf>
	kprintf("Digest:   ");
    8000117a:	00001517          	auipc	a0,0x1
    8000117e:	ca650513          	addi	a0,a0,-858 # 80001e20 <name+0x560>
    80001182:	292000ef          	jal	80001414 <kprintf>
	for(int i = 0; i < 16; i++)
    80001186:	fe042623          	sw	zero,-20(s0)
    8000118a:	a025                	j	800011b2 <sha3_test_cases+0x110>
		kprintf("%w", digest[i]);
    8000118c:	fec42703          	lw	a4,-20(s0)
    80001190:	f4840793          	addi	a5,s0,-184
    80001194:	070a                	slli	a4,a4,0x2
    80001196:	97ba                	add	a5,a5,a4
    80001198:	439c                	lw	a5,0(a5)
    8000119a:	85be                	mv	a1,a5
    8000119c:	00001517          	auipc	a0,0x1
    800011a0:	c9450513          	addi	a0,a0,-876 # 80001e30 <name+0x570>
    800011a4:	270000ef          	jal	80001414 <kprintf>
	for(int i = 0; i < 16; i++)
    800011a8:	fec42783          	lw	a5,-20(s0)
    800011ac:	2785                	addiw	a5,a5,1
    800011ae:	fef42623          	sw	a5,-20(s0)
    800011b2:	fec42783          	lw	a5,-20(s0)
    800011b6:	0007871b          	sext.w	a4,a5
    800011ba:	47bd                	li	a5,15
    800011bc:	fce7d8e3          	bge	a5,a4,8000118c <sha3_test_cases+0xea>
  kprintf("\r\n\r\n");
    800011c0:	00000517          	auipc	a0,0x0
    800011c4:	7a050513          	addi	a0,a0,1952 # 80001960 <name+0xa0>
    800011c8:	24c000ef          	jal	80001414 <kprintf>


	// ============================= TEST 2 =============================
	// "The quick brown fox jumps over the lazy dog."
//	sha3_soft_reset();
	sha3_512_hash(message_2, 12, 0, digest);
    800011cc:	f4840713          	addi	a4,s0,-184
    800011d0:	f8840793          	addi	a5,s0,-120
    800011d4:	86ba                	mv	a3,a4
    800011d6:	4601                	li	a2,0
    800011d8:	45b1                	li	a1,12
    800011da:	853e                	mv	a0,a5
    800011dc:	ddbff0ef          	jal	80000fb6 <sha3_512_hash>

	kprintf("# SHA3-512 ===============================================================\r\n");
    800011e0:	00001517          	auipc	a0,0x1
    800011e4:	b2050513          	addi	a0,a0,-1248 # 80001d00 <name+0x440>
    800011e8:	22c000ef          	jal	80001414 <kprintf>
	kprintf("Message:  \"The quick brown fox jumps over the lazy dog.\"\r\n");
    800011ec:	00001517          	auipc	a0,0x1
    800011f0:	c4c50513          	addi	a0,a0,-948 # 80001e38 <name+0x578>
    800011f4:	220000ef          	jal	80001414 <kprintf>
	kprintf("Expected: 18f4f4bd419603f95538837003d9d254c26c23765565162247483f65c50303597bc9ce4d289f21d1c2f1f458828e33dc442100331b35e7eb031b5d38ba6460f8\r\n");
    800011f8:	00001517          	auipc	a0,0x1
    800011fc:	c8050513          	addi	a0,a0,-896 # 80001e78 <name+0x5b8>
    80001200:	214000ef          	jal	80001414 <kprintf>
	kprintf("Digest:   ");
    80001204:	00001517          	auipc	a0,0x1
    80001208:	c1c50513          	addi	a0,a0,-996 # 80001e20 <name+0x560>
    8000120c:	208000ef          	jal	80001414 <kprintf>
	for(int i = 0; i < 16; i++)
    80001210:	fe042423          	sw	zero,-24(s0)
    80001214:	a025                	j	8000123c <sha3_test_cases+0x19a>
		kprintf("%w", digest[i]);
    80001216:	fe842703          	lw	a4,-24(s0)
    8000121a:	f4840793          	addi	a5,s0,-184
    8000121e:	070a                	slli	a4,a4,0x2
    80001220:	97ba                	add	a5,a5,a4
    80001222:	439c                	lw	a5,0(a5)
    80001224:	85be                	mv	a1,a5
    80001226:	00001517          	auipc	a0,0x1
    8000122a:	c0a50513          	addi	a0,a0,-1014 # 80001e30 <name+0x570>
    8000122e:	1e6000ef          	jal	80001414 <kprintf>
	for(int i = 0; i < 16; i++)
    80001232:	fe842783          	lw	a5,-24(s0)
    80001236:	2785                	addiw	a5,a5,1
    80001238:	fef42423          	sw	a5,-24(s0)
    8000123c:	fe842783          	lw	a5,-24(s0)
    80001240:	0007871b          	sext.w	a4,a5
    80001244:	47bd                	li	a5,15
    80001246:	fce7d8e3          	bge	a5,a4,80001216 <sha3_test_cases+0x174>


	kprintf("\r\n\r\n");
    8000124a:	00000517          	auipc	a0,0x0
    8000124e:	71650513          	addi	a0,a0,1814 # 80001960 <name+0xa0>
    80001252:	1c2000ef          	jal	80001414 <kprintf>
}
    80001256:	0001                	nop
    80001258:	70ea                	ld	ra,184(sp)
    8000125a:	744a                	ld	s0,176(sp)
    8000125c:	6129                	addi	sp,sp,192
    8000125e:	8082                	ret

0000000080001260 <sha3_test_elapsed>:

static void sha3_test_elapsed() {
    80001260:	7119                	addi	sp,sp,-128
    80001262:	fc86                	sd	ra,120(sp)
    80001264:	f8a2                	sd	s0,112(sp)
    80001266:	0100                	addi	s0,sp,128
  unsigned int message_4[5] = {
    80001268:	00001797          	auipc	a5,0x1
    8000126c:	d4878793          	addi	a5,a5,-696 # 80001fb0 <name+0x6f0>
    80001270:	6398                	ld	a4,0(a5)
    80001272:	fce43023          	sd	a4,-64(s0)
    80001276:	6798                	ld	a4,8(a5)
    80001278:	fce43423          	sd	a4,-56(s0)
    8000127c:	4b9c                	lw	a5,16(a5)
    8000127e:	fcf42823          	sw	a5,-48(s0)
              0x48434D55, 0x53204645, 0x54454C20, 0x4445534C,
              0x41420000};

  unsigned int digest[16] = {
    80001282:	f8042023          	sw	zero,-128(s0)
    80001286:	f8042223          	sw	zero,-124(s0)
    8000128a:	f8042423          	sw	zero,-120(s0)
    8000128e:	f8042623          	sw	zero,-116(s0)
    80001292:	f8042823          	sw	zero,-112(s0)
    80001296:	f8042a23          	sw	zero,-108(s0)
    8000129a:	f8042c23          	sw	zero,-104(s0)
    8000129e:	f8042e23          	sw	zero,-100(s0)
    800012a2:	fa042023          	sw	zero,-96(s0)
    800012a6:	fa042223          	sw	zero,-92(s0)
    800012aa:	fa042423          	sw	zero,-88(s0)
    800012ae:	fa042623          	sw	zero,-84(s0)
    800012b2:	fa042823          	sw	zero,-80(s0)
    800012b6:	fa042a23          	sw	zero,-76(s0)
    800012ba:	fa042c23          	sw	zero,-72(s0)
    800012be:	fa042e23          	sw	zero,-68(s0)
              0x00, 0x00, 0x00, 0x00,
              0x00, 0x00, 0x00, 0x00,
              0x00, 0x00, 0x00, 0x00,
              0x00, 0x00, 0x00, 0x00};

  unsigned long count_cycles = -read_csr(mcycle); // Start counter
    800012c2:	b00027f3          	csrr	a5,mcycle
    800012c6:	fef43423          	sd	a5,-24(s0)
    800012ca:	fe843783          	ld	a5,-24(s0)
    800012ce:	40f007b3          	neg	a5,a5
    800012d2:	fef43023          	sd	a5,-32(s0)
  sha3_512_hash(message_4, 5, 2, digest);
    800012d6:	f8040713          	addi	a4,s0,-128
    800012da:	fc040793          	addi	a5,s0,-64
    800012de:	86ba                	mv	a3,a4
    800012e0:	4609                	li	a2,2
    800012e2:	4595                	li	a1,5
    800012e4:	853e                	mv	a0,a5
    800012e6:	cd1ff0ef          	jal	80000fb6 <sha3_512_hash>
  count_cycles += read_csr(mcycle);
    800012ea:	b00027f3          	csrr	a5,mcycle
    800012ee:	fcf43c23          	sd	a5,-40(s0)
    800012f2:	fd843783          	ld	a5,-40(s0)
    800012f6:	fe043703          	ld	a4,-32(s0)
    800012fa:	97ba                	add	a5,a5,a4
    800012fc:	fef43023          	sd	a5,-32(s0)

  kprintf("# SHA3-512 - Cryptography Accelerator ===============================\r\n");
    80001300:	00001517          	auipc	a0,0x1
    80001304:	c6850513          	addi	a0,a0,-920 # 80001f68 <name+0x6a8>
    80001308:	10c000ef          	jal	80001414 <kprintf>
  kprintf("Elapsed cycles: %d\r\n", count_cycles);
    8000130c:	fe043583          	ld	a1,-32(s0)
    80001310:	00001517          	auipc	a0,0x1
    80001314:	8c850513          	addi	a0,a0,-1848 # 80001bd8 <name+0x318>
    80001318:	0fc000ef          	jal	80001414 <kprintf>
}
    8000131c:	0001                	nop
    8000131e:	70e6                	ld	ra,120(sp)
    80001320:	7446                	ld	s0,112(sp)
    80001322:	6109                	addi	sp,sp,128
    80001324:	8082                	ret

0000000080001326 <main>:
//#include "soft_cipher/chacha_soft.h"
//#include "soft_cipher/sha3_soft.h"

#define REG32(p, i)	((p)[(i) >> 2])

int main(int hartid, char **arv) {
    80001326:	1101                	addi	sp,sp,-32
    80001328:	ec06                	sd	ra,24(sp)
    8000132a:	e822                	sd	s0,16(sp)
    8000132c:	1000                	addi	s0,sp,32
    8000132e:	87aa                	mv	a5,a0
    80001330:	feb43023          	sd	a1,-32(s0)
    80001334:	fef42623          	sw	a5,-20(s0)

  if(hartid == 0)
    80001338:	fec42783          	lw	a5,-20(s0)
    8000133c:	2781                	sext.w	a5,a5
    8000133e:	e799                	bnez	a5,8000134c <main+0x26>
    kprintf("Hello world!\r\n");
    80001340:	00001517          	auipc	a0,0x1
    80001344:	c8850513          	addi	a0,a0,-888 # 80001fc8 <name+0x708>
    80001348:	0cc000ef          	jal	80001414 <kprintf>
//
//  sha3_test_elapsed();
//  sha3_512_simple();

  // Function evaluation
  klein_test();
    8000134c:	85dff0ef          	jal	80000ba8 <klein_test>
  chacha_test_cases();
    80001350:	a82ff0ef          	jal	800005d2 <chacha_test_cases>
  sha3_test_cases();
    80001354:	d4fff0ef          	jal	800010a2 <sha3_test_cases>
//  poly_test_rfc8439();

  return 0;
    80001358:	4781                	li	a5,0
}
    8000135a:	853e                	mv	a0,a5
    8000135c:	60e2                	ld	ra,24(sp)
    8000135e:	6442                	ld	s0,16(sp)
    80001360:	6105                	addi	sp,sp,32
    80001362:	8082                	ret

0000000080001364 <kputc>:
  #define UART_CTRL_ADDR _UART_CTRL_ADDR(UART_NUM)
#endif
static volatile uint32_t * const uart = (void *)(UART_CTRL_ADDR);

static inline void kputc(char c)
{
    80001364:	7179                	addi	sp,sp,-48
    80001366:	f406                	sd	ra,40(sp)
    80001368:	f022                	sd	s0,32(sp)
    8000136a:	1800                	addi	s0,sp,48
    8000136c:	87aa                	mv	a5,a0
    8000136e:	fcf40fa3          	sb	a5,-33(s0)
	volatile uint32_t *tx = &REG32(uart, UART_REG_TXFIFO);
    80001372:	640007b7          	lui	a5,0x64000
    80001376:	fef43423          	sd	a5,-24(s0)
#ifdef __riscv_atomic
	int32_t r;
	do {
		__asm__ __volatile__ (
    8000137a:	fe843703          	ld	a4,-24(s0)
    8000137e:	fdf44783          	lbu	a5,-33(s0)
    80001382:	86be                	mv	a3,a5
    80001384:	fe843783          	ld	a5,-24(s0)
    80001388:	40d727af          	amoor.w	a5,a3,(a4)
    8000138c:	fef42223          	sw	a5,-28(s0)
			"amoor.w %0, %2, %1\n"
			: "=r" (r), "+A" (*tx)
			: "r" (c));
	} while (r < 0);
    80001390:	fe442783          	lw	a5,-28(s0)
    80001394:	2781                	sext.w	a5,a5
    80001396:	fe07c2e3          	bltz	a5,8000137a <kputc+0x16>
#else
	while ((int32_t)(*tx) < 0);
	*tx = c;
#endif
}
    8000139a:	0001                	nop
    8000139c:	0001                	nop
    8000139e:	70a2                	ld	ra,40(sp)
    800013a0:	7402                	ld	s0,32(sp)
    800013a2:	6145                	addi	sp,sp,48
    800013a4:	8082                	ret

00000000800013a6 <_kputs>:
#include <stdbool.h>

#include "kprintf.h"

static inline void _kputs(const char *s)
{
    800013a6:	7179                	addi	sp,sp,-48
    800013a8:	f406                	sd	ra,40(sp)
    800013aa:	f022                	sd	s0,32(sp)
    800013ac:	1800                	addi	s0,sp,48
    800013ae:	fca43c23          	sd	a0,-40(s0)
	char c;
	for (; (c = *s) != '\0'; s++)
    800013b2:	a819                	j	800013c8 <_kputs+0x22>
		kputc(c);
    800013b4:	fef44783          	lbu	a5,-17(s0)
    800013b8:	853e                	mv	a0,a5
    800013ba:	fabff0ef          	jal	80001364 <kputc>
	for (; (c = *s) != '\0'; s++)
    800013be:	fd843783          	ld	a5,-40(s0)
    800013c2:	0785                	addi	a5,a5,1 # 64000001 <__heap_size+0x63fe0001>
    800013c4:	fcf43c23          	sd	a5,-40(s0)
    800013c8:	fd843783          	ld	a5,-40(s0)
    800013cc:	0007c783          	lbu	a5,0(a5)
    800013d0:	fef407a3          	sb	a5,-17(s0)
    800013d4:	fef44783          	lbu	a5,-17(s0)
    800013d8:	0ff7f793          	zext.b	a5,a5
    800013dc:	ffe1                	bnez	a5,800013b4 <_kputs+0xe>
}
    800013de:	0001                	nop
    800013e0:	0001                	nop
    800013e2:	70a2                	ld	ra,40(sp)
    800013e4:	7402                	ld	s0,32(sp)
    800013e6:	6145                	addi	sp,sp,48
    800013e8:	8082                	ret

00000000800013ea <kputs>:

void kputs(const char *s)
{
    800013ea:	1101                	addi	sp,sp,-32
    800013ec:	ec06                	sd	ra,24(sp)
    800013ee:	e822                	sd	s0,16(sp)
    800013f0:	1000                	addi	s0,sp,32
    800013f2:	fea43423          	sd	a0,-24(s0)
	_kputs(s);
    800013f6:	fe843503          	ld	a0,-24(s0)
    800013fa:	fadff0ef          	jal	800013a6 <_kputs>
	kputc('\r');
    800013fe:	4535                	li	a0,13
    80001400:	f65ff0ef          	jal	80001364 <kputc>
	kputc('\n');
    80001404:	4529                	li	a0,10
    80001406:	f5fff0ef          	jal	80001364 <kputc>
}
    8000140a:	0001                	nop
    8000140c:	60e2                	ld	ra,24(sp)
    8000140e:	6442                	ld	s0,16(sp)
    80001410:	6105                	addi	sp,sp,32
    80001412:	8082                	ret

0000000080001414 <kprintf>:

void kprintf(const char *fmt, ...)
{
    80001414:	7155                	addi	sp,sp,-208
    80001416:	e506                	sd	ra,136(sp)
    80001418:	e122                	sd	s0,128(sp)
    8000141a:	0900                	addi	s0,sp,144
    8000141c:	f6a43c23          	sd	a0,-136(s0)
    80001420:	e40c                	sd	a1,8(s0)
    80001422:	e810                	sd	a2,16(s0)
    80001424:	ec14                	sd	a3,24(s0)
    80001426:	f018                	sd	a4,32(s0)
    80001428:	f41c                	sd	a5,40(s0)
    8000142a:	03043823          	sd	a6,48(s0)
    8000142e:	03143c23          	sd	a7,56(s0)
    va_list vl;
    bool is_format, is_long, is_char;
    char c;

    va_start(vl, fmt);
    80001432:	04040793          	addi	a5,s0,64
    80001436:	f6f43823          	sd	a5,-144(s0)
    8000143a:	f7043783          	ld	a5,-144(s0)
    8000143e:	fc878793          	addi	a5,a5,-56
    80001442:	faf43423          	sd	a5,-88(s0)
    is_format = false;
    80001446:	fe0407a3          	sb	zero,-17(s0)
    is_long = false;
    8000144a:	fe040723          	sb	zero,-18(s0)
    is_char = false;
    8000144e:	fe0406a3          	sb	zero,-19(s0)

    while ((c = *fmt++) != '\0') {
    80001452:	a60d                	j	80001774 <kprintf+0x360>
        if (is_format) {
    80001454:	fef44783          	lbu	a5,-17(s0)
    80001458:	0ff7f793          	zext.b	a5,a5
    8000145c:	2e078b63          	beqz	a5,80001752 <kprintf+0x33e>
            switch (c) {
    80001460:	fc744783          	lbu	a5,-57(s0)
    80001464:	2781                	sext.w	a5,a5
    80001466:	07800713          	li	a4,120
    8000146a:	06e78763          	beq	a5,a4,800014d8 <kprintf+0xc4>
    8000146e:	07800713          	li	a4,120
    80001472:	2cf74963          	blt	a4,a5,80001744 <kprintf+0x330>
    80001476:	07700713          	li	a4,119
    8000147a:	24e78863          	beq	a5,a4,800016ca <kprintf+0x2b6>
    8000147e:	07700713          	li	a4,119
    80001482:	2cf74163          	blt	a4,a5,80001744 <kprintf+0x330>
    80001486:	07300713          	li	a4,115
    8000148a:	20e78863          	beq	a5,a4,8000169a <kprintf+0x286>
    8000148e:	07300713          	li	a4,115
    80001492:	2af74963          	blt	a4,a5,80001744 <kprintf+0x330>
    80001496:	06c00713          	li	a4,108
    8000149a:	02e78763          	beq	a5,a4,800014c8 <kprintf+0xb4>
    8000149e:	06c00713          	li	a4,108
    800014a2:	2af74163          	blt	a4,a5,80001744 <kprintf+0x330>
    800014a6:	06800713          	li	a4,104
    800014aa:	02e78363          	beq	a5,a4,800014d0 <kprintf+0xbc>
    800014ae:	06800713          	li	a4,104
    800014b2:	28f74963          	blt	a4,a5,80001744 <kprintf+0x330>
    800014b6:	06300713          	li	a4,99
    800014ba:	1ee78b63          	beq	a5,a4,800016b0 <kprintf+0x29c>
    800014be:	06400713          	li	a4,100
    800014c2:	0ce78463          	beq	a5,a4,8000158a <kprintf+0x176>
    800014c6:	acbd                	j	80001744 <kprintf+0x330>
            case 'l':
                /* 'l' indicates a "long" modifier (e.g. %ld) */
                is_long = true;
    800014c8:	4785                	li	a5,1
    800014ca:	fef40723          	sb	a5,-18(s0)
                continue;
    800014ce:	a45d                	j	80001774 <kprintf+0x360>
            case 'h':
                /* 'h' indicates a "short" modifier (e.g. %hd) */
                is_char = true;  /* re-using is_char to represent short */
    800014d0:	4785                	li	a5,1
    800014d2:	fef406a3          	sb	a5,-19(s0)
                continue;
    800014d6:	ac79                	j	80001774 <kprintf+0x360>
            case 'x': {
                /* Print in hexadecimal. Existing code. */
                unsigned long n;
                long i;
                if (is_long) {
    800014d8:	fee44783          	lbu	a5,-18(s0)
    800014dc:	0ff7f793          	zext.b	a5,a5
    800014e0:	cf99                	beqz	a5,800014fe <kprintf+0xea>
                    n = va_arg(vl, unsigned long);
    800014e2:	fa843783          	ld	a5,-88(s0)
    800014e6:	00878713          	addi	a4,a5,8
    800014ea:	fae43423          	sd	a4,-88(s0)
    800014ee:	639c                	ld	a5,0(a5)
    800014f0:	fef43023          	sd	a5,-32(s0)
                    i = (sizeof(unsigned long) << 3) - 4;
    800014f4:	03c00793          	li	a5,60
    800014f8:	fcf43c23          	sd	a5,-40(s0)
    800014fc:	a051                	j	80001580 <kprintf+0x16c>
                } else {
                    n = va_arg(vl, unsigned int);
    800014fe:	fa843783          	ld	a5,-88(s0)
    80001502:	00878713          	addi	a4,a5,8
    80001506:	fae43423          	sd	a4,-88(s0)
    8000150a:	439c                	lw	a5,0(a5)
    8000150c:	1782                	slli	a5,a5,0x20
    8000150e:	9381                	srli	a5,a5,0x20
    80001510:	fef43023          	sd	a5,-32(s0)
                    i = is_char ? 4 : (sizeof(unsigned int) << 3) - 4;
    80001514:	fed44783          	lbu	a5,-19(s0)
    80001518:	0ff7f793          	zext.b	a5,a5
    8000151c:	c789                	beqz	a5,80001526 <kprintf+0x112>
    8000151e:	4791                	li	a5,4
    80001520:	fcf43c23          	sd	a5,-40(s0)
    80001524:	a8b1                	j	80001580 <kprintf+0x16c>
    80001526:	47f1                	li	a5,28
    80001528:	fcf43c23          	sd	a5,-40(s0)
                }
                for (; i >= 0; i -= 4) {
    8000152c:	a891                	j	80001580 <kprintf+0x16c>
                    long d = (n >> i) & 0xF;
    8000152e:	fd843783          	ld	a5,-40(s0)
    80001532:	2781                	sext.w	a5,a5
    80001534:	873e                	mv	a4,a5
    80001536:	fe043783          	ld	a5,-32(s0)
    8000153a:	00e7d7b3          	srl	a5,a5,a4
    8000153e:	8bbd                	andi	a5,a5,15
    80001540:	faf43c23          	sd	a5,-72(s0)
                    kputc(d < 10 ? '0' + d : 'a' + d - 10);
    80001544:	fb843703          	ld	a4,-72(s0)
    80001548:	47a5                	li	a5,9
    8000154a:	00e7cb63          	blt	a5,a4,80001560 <kprintf+0x14c>
    8000154e:	fb843783          	ld	a5,-72(s0)
    80001552:	0ff7f793          	zext.b	a5,a5
    80001556:	0307879b          	addiw	a5,a5,48
    8000155a:	0ff7f793          	zext.b	a5,a5
    8000155e:	a809                	j	80001570 <kprintf+0x15c>
    80001560:	fb843783          	ld	a5,-72(s0)
    80001564:	0ff7f793          	zext.b	a5,a5
    80001568:	0577879b          	addiw	a5,a5,87
    8000156c:	0ff7f793          	zext.b	a5,a5
    80001570:	853e                	mv	a0,a5
    80001572:	df3ff0ef          	jal	80001364 <kputc>
                for (; i >= 0; i -= 4) {
    80001576:	fd843783          	ld	a5,-40(s0)
    8000157a:	17f1                	addi	a5,a5,-4
    8000157c:	fcf43c23          	sd	a5,-40(s0)
    80001580:	fd843783          	ld	a5,-40(s0)
    80001584:	fa07d5e3          	bgez	a5,8000152e <kprintf+0x11a>
                }
                break;
    80001588:	aa75                	j	80001744 <kprintf+0x330>
                 * If 'l' was present: treat as 'long'
                 * If 'h' was present: treat as 'short'
                 * otherwise treat as regular 'int'.
                 */
                long num;
                if (is_long) {
    8000158a:	fee44783          	lbu	a5,-18(s0)
    8000158e:	0ff7f793          	zext.b	a5,a5
    80001592:	cb99                	beqz	a5,800015a8 <kprintf+0x194>
                    num = va_arg(vl, long);
    80001594:	fa843783          	ld	a5,-88(s0)
    80001598:	00878713          	addi	a4,a5,8
    8000159c:	fae43423          	sd	a4,-88(s0)
    800015a0:	639c                	ld	a5,0(a5)
    800015a2:	fcf43823          	sd	a5,-48(s0)
    800015a6:	a03d                	j	800015d4 <kprintf+0x1c0>
                } else {
                    /* Variadic arguments of type short/char
                     * are promoted to int, but we can cast later if needed. */
                    num = va_arg(vl, int);
    800015a8:	fa843783          	ld	a5,-88(s0)
    800015ac:	00878713          	addi	a4,a5,8
    800015b0:	fae43423          	sd	a4,-88(s0)
    800015b4:	439c                	lw	a5,0(a5)
    800015b6:	fcf43823          	sd	a5,-48(s0)
                    if (is_char) {
    800015ba:	fed44783          	lbu	a5,-19(s0)
    800015be:	0ff7f793          	zext.b	a5,a5
    800015c2:	cb89                	beqz	a5,800015d4 <kprintf+0x1c0>
                        /* For %hd, cast down to short (optional). */
                        num = (short)num;
    800015c4:	fd043783          	ld	a5,-48(s0)
    800015c8:	0107979b          	slliw	a5,a5,0x10
    800015cc:	4107d79b          	sraiw	a5,a5,0x10
    800015d0:	fcf43823          	sd	a5,-48(s0)
                    }
                }

                /* Handle negative sign if needed */
                if (num < 0) {
    800015d4:	fd043783          	ld	a5,-48(s0)
    800015d8:	0007dc63          	bgez	a5,800015f0 <kprintf+0x1dc>
                    kputc('-');
    800015dc:	02d00513          	li	a0,45
    800015e0:	d85ff0ef          	jal	80001364 <kputc>
                    num = -num;
    800015e4:	fd043783          	ld	a5,-48(s0)
    800015e8:	40f007b3          	neg	a5,a5
    800015ec:	fcf43823          	sd	a5,-48(s0)
                }

                /* Convert number to decimal string (in reverse) */
                char buffer[32];
                int pos = 0;
    800015f0:	fc042623          	sw	zero,-52(s0)
                do {
                    buffer[pos++] = '0' + (num % 10);
    800015f4:	fd043703          	ld	a4,-48(s0)
    800015f8:	00001797          	auipc	a5,0x1
    800015fc:	9e078793          	addi	a5,a5,-1568 # 80001fd8 <name+0x718>
    80001600:	639c                	ld	a5,0(a5)
    80001602:	02f717b3          	mulh	a5,a4,a5
    80001606:	4027d693          	srai	a3,a5,0x2
    8000160a:	43f75793          	srai	a5,a4,0x3f
    8000160e:	8e9d                	sub	a3,a3,a5
    80001610:	87b6                	mv	a5,a3
    80001612:	078a                	slli	a5,a5,0x2
    80001614:	97b6                	add	a5,a5,a3
    80001616:	0786                	slli	a5,a5,0x1
    80001618:	40f706b3          	sub	a3,a4,a5
    8000161c:	0ff6f713          	zext.b	a4,a3
    80001620:	fcc42783          	lw	a5,-52(s0)
    80001624:	0017869b          	addiw	a3,a5,1
    80001628:	fcd42623          	sw	a3,-52(s0)
    8000162c:	0307071b          	addiw	a4,a4,48
    80001630:	0ff77713          	zext.b	a4,a4
    80001634:	17c1                	addi	a5,a5,-16
    80001636:	97a2                	add	a5,a5,s0
    80001638:	f8e78c23          	sb	a4,-104(a5)
                    num /= 10;
    8000163c:	fd043783          	ld	a5,-48(s0)
    80001640:	00001717          	auipc	a4,0x1
    80001644:	99870713          	addi	a4,a4,-1640 # 80001fd8 <name+0x718>
    80001648:	6318                	ld	a4,0(a4)
    8000164a:	02e79733          	mulh	a4,a5,a4
    8000164e:	8709                	srai	a4,a4,0x2
    80001650:	97fd                	srai	a5,a5,0x3f
    80001652:	40f707b3          	sub	a5,a4,a5
    80001656:	fcf43823          	sd	a5,-48(s0)
                } while (num > 0 && pos < (int)sizeof(buffer));
    8000165a:	fd043783          	ld	a5,-48(s0)
    8000165e:	02f05863          	blez	a5,8000168e <kprintf+0x27a>
    80001662:	fcc42783          	lw	a5,-52(s0)
    80001666:	0007871b          	sext.w	a4,a5
    8000166a:	47fd                	li	a5,31
    8000166c:	f8e7d4e3          	bge	a5,a4,800015f4 <kprintf+0x1e0>

                /* Write out the digits in correct order */
                while (pos > 0) {
    80001670:	a839                	j	8000168e <kprintf+0x27a>
                    kputc(buffer[--pos]);
    80001672:	fcc42783          	lw	a5,-52(s0)
    80001676:	37fd                	addiw	a5,a5,-1
    80001678:	fcf42623          	sw	a5,-52(s0)
    8000167c:	fcc42783          	lw	a5,-52(s0)
    80001680:	17c1                	addi	a5,a5,-16
    80001682:	97a2                	add	a5,a5,s0
    80001684:	f987c783          	lbu	a5,-104(a5)
    80001688:	853e                	mv	a0,a5
    8000168a:	cdbff0ef          	jal	80001364 <kputc>
                while (pos > 0) {
    8000168e:	fcc42783          	lw	a5,-52(s0)
    80001692:	2781                	sext.w	a5,a5
    80001694:	fcf04fe3          	bgtz	a5,80001672 <kprintf+0x25e>
                }
                break;
    80001698:	a075                	j	80001744 <kprintf+0x330>
            }
            case 's':
                _kputs(va_arg(vl, const char *));
    8000169a:	fa843783          	ld	a5,-88(s0)
    8000169e:	00878713          	addi	a4,a5,8
    800016a2:	fae43423          	sd	a4,-88(s0)
    800016a6:	639c                	ld	a5,0(a5)
    800016a8:	853e                	mv	a0,a5
    800016aa:	cfdff0ef          	jal	800013a6 <_kputs>
                break;
    800016ae:	a859                	j	80001744 <kprintf+0x330>
            case 'c':
                kputc(va_arg(vl, int));
    800016b0:	fa843783          	ld	a5,-88(s0)
    800016b4:	00878713          	addi	a4,a5,8
    800016b8:	fae43423          	sd	a4,-88(s0)
    800016bc:	439c                	lw	a5,0(a5)
    800016be:	0ff7f793          	zext.b	a5,a5
    800016c2:	853e                	mv	a0,a5
    800016c4:	ca1ff0ef          	jal	80001364 <kputc>
                break;
    800016c8:	a8b5                	j	80001744 <kprintf+0x330>
            case 'w': /* Force 32-bit hex output */
                unsigned int n = va_arg(vl, unsigned int);
    800016ca:	fa843783          	ld	a5,-88(s0)
    800016ce:	00878713          	addi	a4,a5,8
    800016d2:	fae43423          	sd	a4,-88(s0)
    800016d6:	439c                	lw	a5,0(a5)
    800016d8:	faf42a23          	sw	a5,-76(s0)
                /* We want exactly 32 bits (8 hex digits). Start at bit 28 (the top nibble). */
                for (int i = 28; i >= 0; i -= 4) {
    800016dc:	47f1                	li	a5,28
    800016de:	fcf42423          	sw	a5,-56(s0)
    800016e2:	a899                	j	80001738 <kprintf+0x324>
                    unsigned int d = (n >> i) & 0xF;
    800016e4:	fc842783          	lw	a5,-56(s0)
    800016e8:	fb442703          	lw	a4,-76(s0)
    800016ec:	00f757bb          	srlw	a5,a4,a5
    800016f0:	2781                	sext.w	a5,a5
    800016f2:	8bbd                	andi	a5,a5,15
    800016f4:	faf42823          	sw	a5,-80(s0)
                    kputc(d < 10 ? '0' + d : 'a' + d - 10);
    800016f8:	fb042783          	lw	a5,-80(s0)
    800016fc:	0007871b          	sext.w	a4,a5
    80001700:	47a5                	li	a5,9
    80001702:	00e7eb63          	bltu	a5,a4,80001718 <kprintf+0x304>
    80001706:	fb042783          	lw	a5,-80(s0)
    8000170a:	0ff7f793          	zext.b	a5,a5
    8000170e:	0307879b          	addiw	a5,a5,48
    80001712:	0ff7f793          	zext.b	a5,a5
    80001716:	a809                	j	80001728 <kprintf+0x314>
    80001718:	fb042783          	lw	a5,-80(s0)
    8000171c:	0ff7f793          	zext.b	a5,a5
    80001720:	0577879b          	addiw	a5,a5,87
    80001724:	0ff7f793          	zext.b	a5,a5
    80001728:	853e                	mv	a0,a5
    8000172a:	c3bff0ef          	jal	80001364 <kputc>
                for (int i = 28; i >= 0; i -= 4) {
    8000172e:	fc842783          	lw	a5,-56(s0)
    80001732:	37f1                	addiw	a5,a5,-4
    80001734:	fcf42423          	sw	a5,-56(s0)
    80001738:	fc842783          	lw	a5,-56(s0)
    8000173c:	2781                	sext.w	a5,a5
    8000173e:	fa07d3e3          	bgez	a5,800016e4 <kprintf+0x2d0>
                }
                break;
    80001742:	0001                	nop
            }

            /* Reset state after handling a format specifier */
            is_format = false;
    80001744:	fe0407a3          	sb	zero,-17(s0)
            is_long   = false;
    80001748:	fe040723          	sb	zero,-18(s0)
            is_char   = false;
    8000174c:	fe0406a3          	sb	zero,-19(s0)
    80001750:	a015                	j	80001774 <kprintf+0x360>
        } else if (c == '%') {
    80001752:	fc744783          	lbu	a5,-57(s0)
    80001756:	0ff7f713          	zext.b	a4,a5
    8000175a:	02500793          	li	a5,37
    8000175e:	00f71663          	bne	a4,a5,8000176a <kprintf+0x356>
            /* Next character(s) will define a format specifier */
            is_format = true;
    80001762:	4785                	li	a5,1
    80001764:	fef407a3          	sb	a5,-17(s0)
    80001768:	a031                	j	80001774 <kprintf+0x360>
        } else {
            /* Normal character output */
            kputc(c);
    8000176a:	fc744783          	lbu	a5,-57(s0)
    8000176e:	853e                	mv	a0,a5
    80001770:	bf5ff0ef          	jal	80001364 <kputc>
    while ((c = *fmt++) != '\0') {
    80001774:	f7843783          	ld	a5,-136(s0)
    80001778:	00178713          	addi	a4,a5,1
    8000177c:	f6e43c23          	sd	a4,-136(s0)
    80001780:	0007c783          	lbu	a5,0(a5)
    80001784:	fcf403a3          	sb	a5,-57(s0)
    80001788:	fc744783          	lbu	a5,-57(s0)
    8000178c:	0ff7f793          	zext.b	a5,a5
    80001790:	cc0792e3          	bnez	a5,80001454 <kprintf+0x40>
        }
    }

    va_end(vl);
}
    80001794:	0001                	nop
    80001796:	0001                	nop
    80001798:	60aa                	ld	ra,136(sp)
    8000179a:	640a                	ld	s0,128(sp)
    8000179c:	6169                	addi	sp,sp,208
    8000179e:	8082                	ret

00000000800017a0 <__libc_init_array>:
   crt0 + libgloss_htif need these; we provide lightweight versions. */

extern void _exit(int code) __attribute__((noreturn));

/* No static constructors/destructors in this baremetal program */
void __libc_init_array(void) {}
    800017a0:	1141                	addi	sp,sp,-16
    800017a2:	e406                	sd	ra,8(sp)
    800017a4:	e022                	sd	s0,0(sp)
    800017a6:	0800                	addi	s0,sp,16
    800017a8:	0001                	nop
    800017aa:	60a2                	ld	ra,8(sp)
    800017ac:	6402                	ld	s0,0(sp)
    800017ae:	0141                	addi	sp,sp,16
    800017b0:	8082                	ret

00000000800017b2 <__libc_fini_array>:
void __libc_fini_array(void) {}
    800017b2:	1141                	addi	sp,sp,-16
    800017b4:	e406                	sd	ra,8(sp)
    800017b6:	e022                	sd	s0,0(sp)
    800017b8:	0800                	addi	s0,sp,16
    800017ba:	0001                	nop
    800017bc:	60a2                	ld	ra,8(sp)
    800017be:	6402                	ld	s0,0(sp)
    800017c0:	0141                	addi	sp,sp,16
    800017c2:	8082                	ret

00000000800017c4 <atexit>:

int atexit(void (*f)(void)) { (void)f; return 0; }
    800017c4:	1101                	addi	sp,sp,-32
    800017c6:	ec06                	sd	ra,24(sp)
    800017c8:	e822                	sd	s0,16(sp)
    800017ca:	1000                	addi	s0,sp,32
    800017cc:	fea43423          	sd	a0,-24(s0)
    800017d0:	4781                	li	a5,0
    800017d2:	853e                	mv	a0,a5
    800017d4:	60e2                	ld	ra,24(sp)
    800017d6:	6442                	ld	s0,16(sp)
    800017d8:	6105                	addi	sp,sp,32
    800017da:	8082                	ret

00000000800017dc <exit>:

void exit(int code) { _exit(code); }
    800017dc:	1101                	addi	sp,sp,-32
    800017de:	ec06                	sd	ra,24(sp)
    800017e0:	e822                	sd	s0,16(sp)
    800017e2:	1000                	addi	s0,sp,32
    800017e4:	87aa                	mv	a5,a0
    800017e6:	fef42623          	sw	a5,-20(s0)
    800017ea:	fec42783          	lw	a5,-20(s0)
    800017ee:	853e                	mv	a0,a5
    800017f0:	a8bfe0ef          	jal	8000027a <_exit>

00000000800017f4 <memset>:

/* environ required by crtmain.S (envp arg to main) */
char *environ[] = { 0 };

/* Minimal memset / memcpy for BSS clear and TLS init */
void *memset(void *s, int c, __SIZE_TYPE__ n) {
    800017f4:	7139                	addi	sp,sp,-64
    800017f6:	fc06                	sd	ra,56(sp)
    800017f8:	f822                	sd	s0,48(sp)
    800017fa:	0080                	addi	s0,sp,64
    800017fc:	fca43c23          	sd	a0,-40(s0)
    80001800:	87ae                	mv	a5,a1
    80001802:	fcc43423          	sd	a2,-56(s0)
    80001806:	fcf42a23          	sw	a5,-44(s0)
    unsigned char *p = (unsigned char *)s;
    8000180a:	fd843783          	ld	a5,-40(s0)
    8000180e:	fef43423          	sd	a5,-24(s0)
    while (n--) *p++ = (unsigned char)c;
    80001812:	a829                	j	8000182c <memset+0x38>
    80001814:	fe843783          	ld	a5,-24(s0)
    80001818:	00178713          	addi	a4,a5,1
    8000181c:	fee43423          	sd	a4,-24(s0)
    80001820:	fd442703          	lw	a4,-44(s0)
    80001824:	0ff77713          	zext.b	a4,a4
    80001828:	00e78023          	sb	a4,0(a5)
    8000182c:	fc843783          	ld	a5,-56(s0)
    80001830:	fff78713          	addi	a4,a5,-1
    80001834:	fce43423          	sd	a4,-56(s0)
    80001838:	fff1                	bnez	a5,80001814 <memset+0x20>
    return s;
    8000183a:	fd843783          	ld	a5,-40(s0)
}
    8000183e:	853e                	mv	a0,a5
    80001840:	70e2                	ld	ra,56(sp)
    80001842:	7442                	ld	s0,48(sp)
    80001844:	6121                	addi	sp,sp,64
    80001846:	8082                	ret

0000000080001848 <memcpy>:

void *memcpy(void *dst, const void *src, __SIZE_TYPE__ n) {
    80001848:	7139                	addi	sp,sp,-64
    8000184a:	fc06                	sd	ra,56(sp)
    8000184c:	f822                	sd	s0,48(sp)
    8000184e:	0080                	addi	s0,sp,64
    80001850:	fca43c23          	sd	a0,-40(s0)
    80001854:	fcb43823          	sd	a1,-48(s0)
    80001858:	fcc43423          	sd	a2,-56(s0)
    unsigned char *d = (unsigned char *)dst;
    8000185c:	fd843783          	ld	a5,-40(s0)
    80001860:	fef43423          	sd	a5,-24(s0)
    const unsigned char *s2 = (const unsigned char *)src;
    80001864:	fd043783          	ld	a5,-48(s0)
    80001868:	fef43023          	sd	a5,-32(s0)
    while (n--) *d++ = *s2++;
    8000186c:	a00d                	j	8000188e <memcpy+0x46>
    8000186e:	fe043703          	ld	a4,-32(s0)
    80001872:	00170793          	addi	a5,a4,1
    80001876:	fef43023          	sd	a5,-32(s0)
    8000187a:	fe843783          	ld	a5,-24(s0)
    8000187e:	00178693          	addi	a3,a5,1
    80001882:	fed43423          	sd	a3,-24(s0)
    80001886:	00074703          	lbu	a4,0(a4)
    8000188a:	00e78023          	sb	a4,0(a5)
    8000188e:	fc843783          	ld	a5,-56(s0)
    80001892:	fff78713          	addi	a4,a5,-1
    80001896:	fce43423          	sd	a4,-56(s0)
    8000189a:	fbf1                	bnez	a5,8000186e <memcpy+0x26>
    return dst;
    8000189c:	fd843783          	ld	a5,-40(s0)
}
    800018a0:	853e                	mv	a0,a5
    800018a2:	70e2                	ld	ra,56(sp)
    800018a4:	7442                	ld	s0,48(sp)
    800018a6:	6121                	addi	sp,sp,64
    800018a8:	8082                	ret

Disassembly of section .rodata:

00000000800018b0 <argv>:
    800018b0:	18c0                	addi	s0,sp,116
    800018b2:	8000                	.insn	2, 0x8000
	...

00000000800018c0 <name>:
    800018c0:	70696863          	bltu	s2,t1,80001fd0 <name+0x710>
    800018c4:	6179                	addi	sp,sp,464
    800018c6:	6472                	ld	s0,280(sp)
	...
    800018d0:	68432023          	sw	tp,1664(t1)
    800018d4:	4361                	li	t1,24
    800018d6:	6168                	ld	a0,192(a0)
    800018d8:	2d20                	fld	fs0,88(a0)
    800018da:	3820                	fld	fs0,112(s0)
    800018dc:	7220                	ld	s0,96(a2)
    800018de:	646e756f          	jal	a0,800e8f24 <__stack_start+0xc5f24>
    800018e2:	31202c73          	csrr	s8,0x312
    800018e6:	3832                	fld	fa6,296(sp)
    800018e8:	622d                	lui	tp,0xb
    800018ea:	7469                	lui	s0,0xffffa
    800018ec:	6b20                	ld	s0,80(a4)
    800018ee:	7965                	lui	s2,0xffff9
    800018f0:	3d20                	fld	fs0,120(a0)
    800018f2:	3d3d                	addiw	s10,s10,-17
    800018f4:	3d3d                	addiw	s10,s10,-17
    800018f6:	3d3d                	addiw	s10,s10,-17
    800018f8:	3d3d                	addiw	s10,s10,-17
    800018fa:	3d3d                	addiw	s10,s10,-17
    800018fc:	3d3d                	addiw	s10,s10,-17
    800018fe:	3d3d                	addiw	s10,s10,-17
    80001900:	3d3d                	addiw	s10,s10,-17
    80001902:	3d3d                	addiw	s10,s10,-17
    80001904:	3d3d                	addiw	s10,s10,-17
    80001906:	3d3d                	addiw	s10,s10,-17
    80001908:	3d3d                	addiw	s10,s10,-17
    8000190a:	3d3d                	addiw	s10,s10,-17
    8000190c:	3d3d                	addiw	s10,s10,-17
    8000190e:	3d3d                	addiw	s10,s10,-17
    80001910:	3d3d                	addiw	s10,s10,-17
    80001912:	3d3d                	addiw	s10,s10,-17
    80001914:	3d3d                	addiw	s10,s10,-17
    80001916:	3d3d                	addiw	s10,s10,-17
    80001918:	3d3d                	addiw	s10,s10,-17
    8000191a:	3d3d                	addiw	s10,s10,-17
    8000191c:	3d3d                	addiw	s10,s10,-17
    8000191e:	0a0d                	addi	s4,s4,3
	...
    80001928:	7845                	lui	a6,0xffff1
    8000192a:	6570                	ld	a2,200(a0)
    8000192c:	64657463          	bgeu	a0,t1,80001f74 <name+0x6b4>
    80001930:	7220                	ld	s0,96(a2)
    80001932:	7365                	lui	t1,0xffff9
    80001934:	6c75                	lui	s8,0x1d
    80001936:	3a74                	fld	fa3,240(a2)
    80001938:	0020                	addi	s0,sp,8
    8000193a:	0000                	unimp
    8000193c:	0000                	unimp
    8000193e:	0000                	unimp
    80001940:	7825                	lui	a6,0xfffe9
    80001942:	0000                	unimp
    80001944:	0000                	unimp
    80001946:	0000                	unimp
    80001948:	0a0d                	addi	s4,s4,3
    8000194a:	6552                	ld	a0,272(sp)
    8000194c:	746c7573          	csrrci	a0,0x746,24
    80001950:	6420                	ld	s0,72(s0)
    80001952:	6d75                	lui	s10,0x1d
    80001954:	3a70                	fld	fa2,240(a2)
    80001956:	2020                	fld	fs0,64(s0)
    80001958:	2020                	fld	fs0,64(s0)
    8000195a:	0020                	addi	s0,sp,8
    8000195c:	0000                	unimp
    8000195e:	0000                	unimp
    80001960:	0a0d                	addi	s4,s4,3
    80001962:	0a0d                	addi	s4,s4,3
    80001964:	0000                	unimp
    80001966:	0000                	unimp
    80001968:	68432023          	sw	tp,1664(t1) # ffffffffffff9680 <__stack_start+0xffffffff7ffd6680>
    8000196c:	4361                	li	t1,24
    8000196e:	6168                	ld	a0,192(a0)
    80001970:	2d20                	fld	fs0,88(a0)
    80001972:	3220                	fld	fs0,96(a2)
    80001974:	2030                	fld	fa2,64(s0)
    80001976:	6f72                	ld	t5,280(sp)
    80001978:	6e75                	lui	t3,0x1d
    8000197a:	7364                	ld	s1,224(a4)
    8000197c:	202c                	fld	fa1,64(s0)
    8000197e:	3532                	fld	fa0,296(sp)
    80001980:	2d36                	fld	fs10,328(sp)
    80001982:	6962                	ld	s2,24(sp)
    80001984:	2074                	fld	fa3,192(s0)
    80001986:	2079656b          	.insn	4, 0x2079656b
    8000198a:	3d3d                	addiw	s10,s10,-17 # 1cfef <__stack_size+0x14fef>
    8000198c:	3d3d                	addiw	s10,s10,-17
    8000198e:	3d3d                	addiw	s10,s10,-17
    80001990:	3d3d                	addiw	s10,s10,-17
    80001992:	3d3d                	addiw	s10,s10,-17
    80001994:	3d3d                	addiw	s10,s10,-17
    80001996:	3d3d                	addiw	s10,s10,-17
    80001998:	3d3d                	addiw	s10,s10,-17
    8000199a:	3d3d                	addiw	s10,s10,-17
    8000199c:	3d3d                	addiw	s10,s10,-17
    8000199e:	3d3d                	addiw	s10,s10,-17
    800019a0:	3d3d                	addiw	s10,s10,-17
    800019a2:	3d3d                	addiw	s10,s10,-17
    800019a4:	3d3d                	addiw	s10,s10,-17
    800019a6:	3d3d                	addiw	s10,s10,-17
    800019a8:	3d3d                	addiw	s10,s10,-17
    800019aa:	3d3d                	addiw	s10,s10,-17
    800019ac:	3d3d                	addiw	s10,s10,-17
    800019ae:	3d3d                	addiw	s10,s10,-17
    800019b0:	3d3d                	addiw	s10,s10,-17
    800019b2:	3d3d                	addiw	s10,s10,-17
    800019b4:	3d3d                	addiw	s10,s10,-17
    800019b6:	0a0d                	addi	s4,s4,3
	...
    800019c0:	68432023          	sw	tp,1664(t1)
    800019c4:	4361                	li	t1,24
    800019c6:	6168                	ld	a0,192(a0)
    800019c8:	2d20                	fld	fs0,88(a0)
    800019ca:	3220                	fld	fs0,96(a2)
    800019cc:	2030                	fld	fa2,64(s0)
    800019ce:	6f72                	ld	t5,280(sp)
    800019d0:	6e75                	lui	t3,0x1d
    800019d2:	7364                	ld	s1,224(a4)
    800019d4:	202c                	fld	fa1,64(s0)
    800019d6:	3532                	fld	fa0,296(sp)
    800019d8:	2d36                	fld	fs10,328(sp)
    800019da:	6962                	ld	s2,24(sp)
    800019dc:	2074                	fld	fa3,192(s0)
    800019de:	2c79656b          	.insn	4, 0x2c79656b
    800019e2:	6e20                	ld	s0,88(a2)
    800019e4:	7865                	lui	a6,0xffff9
    800019e6:	2074                	fld	fa3,192(s0)
    800019e8:	6c62                	ld	s8,24(sp)
    800019ea:	206b636f          	jal	t1,800b7bf0 <__stack_start+0x94bf0>
    800019ee:	3d3d                	addiw	s10,s10,-17
    800019f0:	3d3d                	addiw	s10,s10,-17
    800019f2:	3d3d                	addiw	s10,s10,-17
    800019f4:	3d3d                	addiw	s10,s10,-17
    800019f6:	3d3d                	addiw	s10,s10,-17
    800019f8:	3d3d                	addiw	s10,s10,-17
    800019fa:	3d3d                	addiw	s10,s10,-17
    800019fc:	3d3d                	addiw	s10,s10,-17
    800019fe:	3d3d                	addiw	s10,s10,-17
    80001a00:	3d3d                	addiw	s10,s10,-17
    80001a02:	3d3d                	addiw	s10,s10,-17
    80001a04:	3d3d                	addiw	s10,s10,-17
    80001a06:	3d3d                	addiw	s10,s10,-17
    80001a08:	3d3d                	addiw	s10,s10,-17
    80001a0a:	3d3d                	addiw	s10,s10,-17
    80001a0c:	3d3d                	addiw	s10,s10,-17
    80001a0e:	0a0d                	addi	s4,s4,3
	...
    80001a18:	7845                	lui	a6,0xffff1
    80001a1a:	6570                	ld	a2,200(a0)
    80001a1c:	64657463          	bgeu	a0,t1,80002064 <htif_lock+0x4>
    80001a20:	7220                	ld	s0,96(a2)
    80001a22:	7365                	lui	t1,0xffff9
    80001a24:	6c75                	lui	s8,0x1d
    80001a26:	3a74                	fld	fa3,240(a2)
    80001a28:	3920                	fld	fs0,112(a0)
    80001a2a:	3066                	fld	ft0,120(sp)
    80001a2c:	62376537          	lui	a0,0x62376
    80001a30:	3565                	addiw	a0,a0,-7 # 62375ff9 <__heap_size+0x62355ff9>
    80001a32:	3535                	addiw	a0,a0,-19
    80001a34:	3331                	addiw	t1,t1,-20 # ffffffffffff8fec <__stack_start+0xffffffff7ffd5fec>
    80001a36:	3738                	fld	fa4,104(a4)
    80001a38:	3961                	addiw	s2,s2,-8 # ffffffffffff8ff8 <__stack_start+0xffffffff7ffd5ff8>
    80001a3a:	6238                	ld	a4,64(a2)
    80001a3c:	3961                	addiw	s2,s2,-8
    80001a3e:	37633737          	lui	a4,0x37633
    80001a42:	30643233          	.insn	4, 0x30643233
    80001a46:	3038                	fld	fa4,96(s0)
    80001a48:	6364                	ld	s1,192(a4)
    80001a4a:	3062                	fld	ft0,56(sp)
    80001a4c:	3266                	fld	ft4,120(sp)
    80001a4e:	6139                	addi	sp,sp,448
    80001a50:	3430                	fld	fa2,104(s0)
    80001a52:	6538                	ld	a4,72(a0)
    80001a54:	36353633          	.insn	4, 0x36353633
    80001a58:	3139                	addiw	sp,sp,-18
    80001a5a:	6332                	ld	t1,264(sp)
    80001a5c:	3536                	fld	fa0,360(sp)
    80001a5e:	33653333          	.insn	4, 0x33653333
    80001a62:	6532                	ld	a0,264(sp)
    80001a64:	3765                	addiw	a4,a4,-7 # 37632ff9 <__heap_size+0x37612ff9>
    80001a66:	6561                	lui	a0,0x18
    80001a68:	3264                	fld	fs1,224(a2)
    80001a6a:	6239                	lui	tp,0xe
    80001a6c:	37313237          	lui	tp,0x37313
    80001a70:	3936                	fld	fs2,360(sp)
    80001a72:	34366563          	bltu	a2,gp,80001dbc <name+0x4fc>
    80001a76:	3465                	addiw	s0,s0,-7 # ffffffffffff9ff9 <__stack_start+0xffffffff7ffd6ff9>
    80001a78:	37356433          	.insn	4, 0x37356433
    80001a7c:	3331                	addiw	t1,t1,-20
    80001a7e:	37306233          	.insn	4, 0x37306233
    80001a82:	6434                	ld	a3,72(s0)
    80001a84:	3338                	fld	fa4,96(a4)
    80001a86:	6439                	lui	s0,0xe
    80001a88:	3335                	addiw	t1,t1,-19
    80001a8a:	6531                	lui	a0,0xc
    80001a8c:	3164                	fld	fs1,224(a0)
    80001a8e:	3266                	fld	ft4,120(sp)
    80001a90:	3538                	fld	fa4,104(a0)
    80001a92:	3031                	.insn	2, 0x3031
    80001a94:	6661                	lui	a2,0x18
    80001a96:	3462                	fld	fs0,56(sp)
    80001a98:	6135                	addi	sp,sp,352
    80001a9a:	30316563          	bltu	sp,gp,80001da4 <name+0x4e4>
    80001a9e:	3161                	addiw	sp,sp,-8
    80001aa0:	3466                	fld	fs0,120(sp)
    80001aa2:	3762                	fld	fa4,56(sp)
    80001aa4:	3439                	addiw	s0,s0,-18 # dfee <__stack_size+0x5fee>
    80001aa6:	3664                	fld	fs1,232(a2)
    80001aa8:	0066                	c.slli	zero,0x19
    80001aaa:	0000                	unimp
    80001aac:	0000                	unimp
    80001aae:	0000                	unimp
    80001ab0:	0a0d                	addi	s4,s4,3
    80001ab2:	0000                	unimp
    80001ab4:	0000                	unimp
    80001ab6:	0000                	unimp
    80001ab8:	6552                	ld	a0,272(sp)
    80001aba:	746c7573          	csrrci	a0,0x746,24
    80001abe:	6420                	ld	s0,72(s0)
    80001ac0:	6d75                	lui	s10,0x1d
    80001ac2:	3a70                	fld	fa2,240(a2)
    80001ac4:	2020                	fld	fs0,64(s0)
    80001ac6:	2020                	fld	fs0,64(s0)
    80001ac8:	3920                	fld	fs0,112(a0)
    80001aca:	3066                	fld	ft0,120(sp)
    80001acc:	62376537          	lui	a0,0x62376
    80001ad0:	3565                	addiw	a0,a0,-7 # 62375ff9 <__heap_size+0x62355ff9>
    80001ad2:	3535                	addiw	a0,a0,-19
    80001ad4:	3331                	addiw	t1,t1,-20
    80001ad6:	3738                	fld	fa4,104(a4)
    80001ad8:	3961                	addiw	s2,s2,-8
    80001ada:	6238                	ld	a4,64(a2)
    80001adc:	3961                	addiw	s2,s2,-8
    80001ade:	37633737          	lui	a4,0x37633
    80001ae2:	30643233          	.insn	4, 0x30643233
    80001ae6:	3038                	fld	fa4,96(s0)
    80001ae8:	6364                	ld	s1,192(a4)
    80001aea:	3062                	fld	ft0,56(sp)
    80001aec:	3266                	fld	ft4,120(sp)
    80001aee:	6139                	addi	sp,sp,448
    80001af0:	3430                	fld	fa2,104(s0)
    80001af2:	6538                	ld	a4,72(a0)
    80001af4:	36353633          	.insn	4, 0x36353633
    80001af8:	3139                	addiw	sp,sp,-18
    80001afa:	6332                	ld	t1,264(sp)
    80001afc:	3536                	fld	fa0,360(sp)
    80001afe:	33653333          	.insn	4, 0x33653333
    80001b02:	6532                	ld	a0,264(sp)
    80001b04:	3765                	addiw	a4,a4,-7 # 37632ff9 <__heap_size+0x37612ff9>
    80001b06:	6561                	lui	a0,0x18
    80001b08:	3264                	fld	fs1,224(a2)
    80001b0a:	6239                	lui	tp,0xe
    80001b0c:	37313237          	lui	tp,0x37313
    80001b10:	3936                	fld	fs2,360(sp)
    80001b12:	34366563          	bltu	a2,gp,80001e5c <name+0x59c>
    80001b16:	3465                	addiw	s0,s0,-7
    80001b18:	37356433          	.insn	4, 0x37356433
    80001b1c:	3331                	addiw	t1,t1,-20
    80001b1e:	37306233          	.insn	4, 0x37306233
    80001b22:	6434                	ld	a3,72(s0)
    80001b24:	3338                	fld	fa4,96(a4)
    80001b26:	6439                	lui	s0,0xe
    80001b28:	3335                	addiw	t1,t1,-19
    80001b2a:	6531                	lui	a0,0xc
    80001b2c:	3164                	fld	fs1,224(a0)
    80001b2e:	3266                	fld	ft4,120(sp)
    80001b30:	3538                	fld	fa4,104(a0)
    80001b32:	3031                	.insn	2, 0x3031
    80001b34:	6661                	lui	a2,0x18
    80001b36:	3462                	fld	fs0,56(sp)
    80001b38:	6135                	addi	sp,sp,352
    80001b3a:	30316563          	bltu	sp,gp,80001e44 <name+0x584>
    80001b3e:	3161                	addiw	sp,sp,-8
    80001b40:	3466                	fld	fs0,120(sp)
    80001b42:	3762                	fld	fa4,56(sp)
    80001b44:	3439                	addiw	s0,s0,-18 # dfee <__stack_size+0x5fee>
    80001b46:	3664                	fld	fs1,232(a2)
    80001b48:	0066                	c.slli	zero,0x19
    80001b4a:	0000                	unimp
    80001b4c:	0000                	unimp
    80001b4e:	0000                	unimp
    80001b50:	5fa4                	lw	s1,120(a5)
    80001b52:	e28a                	sd	sp,320(sp)
    80001b54:	8c5d                	or	s0,s0,a5
    80001b56:	a67f 3e6f efed 3486 	.insn	14, 0xaa8427d3b7303486efed3e6fa67f
    80001b5e:	b730 27d3 aa84 
    80001b64:	a729                	j	8000226e <__bss_end+0x1fa>
    80001b66:	1419                	addi	s0,s0,-26
    80001b68:	7779                	lui	a4,0xffffe
    80001b6a:	572d                	li	a4,-21
    80001b6c:	1120                	addi	s0,sp,168
    80001b6e:	5349                	li	t1,-14
    80001b70:	b64ab8e7          	.insn	4, 0xb64ab8e7
    80001b74:	eb85                	bnez	a5,80001ba4 <name+0x2e4>
    80001b76:	2b8d                	addiw	s7,s7,3
    80001b78:	ea7c                	sd	a5,208(a2)
    80001b7a:	cd6a                	sw	s10,152(sp)
    80001b7c:	9a10                	.insn	2, 0x9a10
    80001b7e:	b608                	fsd	fa0,40(a2)
    80001b80:	1824beeb          	.insn	4, 0x1824beeb
    80001b84:	4a42                	lw	s4,16(sp)
    80001b86:	0881                	addi	a7,a7,0
    80001b88:	1fa2                	slli	t6,t6,0x28
    80001b8a:	081b8aab          	.insn	4, 0x081b8aab
    80001b8e:	c816                	sw	t0,16(sp)
    80001b90:	68432023          	sw	tp,1664(t1)
    80001b94:	4361                	li	t1,24
    80001b96:	6168                	ld	a0,192(a0)
    80001b98:	3032                	fld	ft0,296(sp)
    80001b9a:	2d20                	fld	fs0,88(a0)
    80001b9c:	4320                	lw	s0,64(a4)
    80001b9e:	7972                	ld	s2,312(sp)
    80001ba0:	7470                	ld	a2,232(s0)
    80001ba2:	6172676f          	jal	a4,800289b8 <__stack_start+0x59b8>
    80001ba6:	6870                	ld	a2,208(s0)
    80001ba8:	2079                	.insn	2, 0x2079
    80001baa:	6341                	lui	t1,0x10
    80001bac:	656c6563          	bltu	s8,s6,800021f6 <__bss_end+0x182>
    80001bb0:	6172                	ld	sp,280(sp)
    80001bb2:	6f74                	ld	a3,216(a4)
    80001bb4:	2072                	fld	ft0,280(sp)
    80001bb6:	3d3d                	addiw	s10,s10,-17 # 1cfef <__stack_size+0x14fef>
    80001bb8:	3d3d                	addiw	s10,s10,-17
    80001bba:	3d3d                	addiw	s10,s10,-17
    80001bbc:	3d3d                	addiw	s10,s10,-17
    80001bbe:	3d3d                	addiw	s10,s10,-17
    80001bc0:	3d3d                	addiw	s10,s10,-17
    80001bc2:	3d3d                	addiw	s10,s10,-17
    80001bc4:	3d3d                	addiw	s10,s10,-17
    80001bc6:	3d3d                	addiw	s10,s10,-17
    80001bc8:	3d3d                	addiw	s10,s10,-17
    80001bca:	3d3d                	addiw	s10,s10,-17
    80001bcc:	3d3d                	addiw	s10,s10,-17
    80001bce:	3d3d                	addiw	s10,s10,-17
    80001bd0:	3d3d                	addiw	s10,s10,-17
    80001bd2:	3d3d                	addiw	s10,s10,-17
    80001bd4:	0d3d                	addi	s10,s10,15
    80001bd6:	000a                	c.slli	zero,0x2
    80001bd8:	6c45                	lui	s8,0x11
    80001bda:	7061                	c.lui	zero,0xffff8
    80001bdc:	20646573          	csrrsi	a0,0x206,8
    80001be0:	6c637963          	bgeu	t1,t1,800022b2 <__bss_end+0x23e>
    80001be4:	7365                	lui	t1,0xffff9
    80001be6:	203a                	fld	ft0,392(sp)
    80001be8:	6425                	lui	s0,0x9
    80001bea:	0a0d                	addi	s4,s4,3
    80001bec:	0000                	unimp
    80001bee:	0000                	unimp
    80001bf0:	230d                	addiw	t1,t1,3 # ffffffffffff9003 <__stack_start+0xffffffff7ffd6003>
    80001bf2:	4b20                	lw	s0,80(a4)
    80001bf4:	454c                	lw	a1,12(a0)
    80001bf6:	4e49                	li	t3,18
    80001bf8:	362d                	addiw	a2,a2,-21 # 17feb <__stack_size+0xffeb>
    80001bfa:	2034                	fld	fa3,64(s0)
    80001bfc:	202d                	.insn	2, 0x202d
    80001bfe:	68706943          	fmadd.s	fs2,ft0,ft7,fa3,unknown
    80001c02:	7265                	lui	tp,0xffff9
    80001c04:	6120                	ld	s0,64(a0)
    80001c06:	646e                	ld	s0,216(sp)
    80001c08:	4420                	lw	s0,72(s0)
    80001c0a:	6365                	lui	t1,0x19
    80001c0c:	7069                	c.lui	zero,0xffffa
    80001c0e:	6568                	ld	a0,200(a0)
    80001c10:	2072                	fld	ft0,280(sp)
    80001c12:	3d3d                	addiw	s10,s10,-17
    80001c14:	3d3d                	addiw	s10,s10,-17
    80001c16:	3d3d                	addiw	s10,s10,-17
    80001c18:	3d3d                	addiw	s10,s10,-17
    80001c1a:	3d3d                	addiw	s10,s10,-17
    80001c1c:	3d3d                	addiw	s10,s10,-17
    80001c1e:	3d3d                	addiw	s10,s10,-17
    80001c20:	3d3d                	addiw	s10,s10,-17
    80001c22:	3d3d                	addiw	s10,s10,-17
    80001c24:	3d3d                	addiw	s10,s10,-17
    80001c26:	3d3d                	addiw	s10,s10,-17
    80001c28:	3d3d                	addiw	s10,s10,-17
    80001c2a:	3d3d                	addiw	s10,s10,-17
    80001c2c:	3d3d                	addiw	s10,s10,-17
    80001c2e:	3d3d                	addiw	s10,s10,-17
    80001c30:	3d3d                	addiw	s10,s10,-17
    80001c32:	3d3d                	addiw	s10,s10,-17
    80001c34:	3d3d                	addiw	s10,s10,-17
    80001c36:	0a0d                	addi	s4,s4,3
	...
    80001c40:	420d                	li	tp,3
    80001c42:	6f6c                	ld	a1,216(a4)
    80001c44:	203a6b63          	bltu	s4,gp,80001e5a <name+0x59a>
    80001c48:	2020                	fld	fs0,64(s0)
    80001c4a:	6420                	ld	s0,72(s0)
    80001c4c:	6165                	addi	sp,sp,112
    80001c4e:	6264                	ld	s1,192(a2)
    80001c50:	6565                	lui	a0,0x19
    80001c52:	6666                	ld	a2,88(sp)
    80001c54:	3030                	fld	fa2,96(s0)
    80001c56:	3030                	fld	fa2,96(s0)
    80001c58:	3030                	fld	fa2,96(s0)
    80001c5a:	0d66                	slli	s10,s10,0x19
    80001c5c:	000a                	c.slli	zero,0x2
    80001c5e:	0000                	unimp
    80001c60:	4b0d                	li	s6,3
    80001c62:	7965                	lui	s2,0xffff9
    80001c64:	203a                	fld	ft0,392(sp)
    80001c66:	2020                	fld	fs0,64(s0)
    80001c68:	2020                	fld	fs0,64(s0)
    80001c6a:	3120                	fld	fs0,96(a0)
    80001c6c:	3332                	fld	ft6,296(sp)
    80001c6e:	3534                	fld	fa3,104(a0)
    80001c70:	3736                	fld	fa4,360(sp)
    80001c72:	3938                	fld	fa4,112(a0)
    80001c74:	6130                	ld	a2,64(a0)
    80001c76:	6362                	ld	t1,24(sp)
    80001c78:	6564                	ld	s1,200(a0)
    80001c7a:	0d66                	slli	s10,s10,0x19
    80001c7c:	000a                	c.slli	zero,0x2
    80001c7e:	0000                	unimp
    80001c80:	430d                	li	t1,3
    80001c82:	7069                	c.lui	zero,0xffffa
    80001c84:	6568                	ld	a0,200(a0)
    80001c86:	3a72                	fld	fs4,312(sp)
    80001c88:	2020                	fld	fs0,64(s0)
    80001c8a:	2520                	fld	fs0,72(a0)
    80001c8c:	0d772577          	.insn	4, 0x0d772577
    80001c90:	000a                	c.slli	zero,0x2
    80001c92:	0000                	unimp
    80001c94:	0000                	unimp
    80001c96:	0000                	unimp
    80001c98:	440d                	li	s0,3
    80001c9a:	6365                	lui	t1,0x19
    80001c9c:	7069                	c.lui	zero,0xffffa
    80001c9e:	6568                	ld	a0,200(a0)
    80001ca0:	3a72                	fld	fs4,312(sp)
    80001ca2:	2520                	fld	fs0,72(a0)
    80001ca4:	0d772577          	.insn	4, 0x0d772577
    80001ca8:	0d0a                	slli	s10,s10,0x2
    80001caa:	000a                	c.slli	zero,0x2
    80001cac:	0000                	unimp
    80001cae:	0000                	unimp
    80001cb0:	7845                	lui	a6,0xffff1
    80001cb2:	6365                	lui	t1,0x19
    80001cb4:	7475                	lui	s0,0xffffd
    80001cb6:	6465                	lui	s0,0x19
    80001cb8:	6320                	ld	s0,64(a4)
    80001cba:	6379                	lui	t1,0x1e
    80001cbc:	656c                	ld	a1,200(a0)
    80001cbe:	6f662073          	csrs	0x6f6,a2
    80001cc2:	2072                	fld	ft0,280(sp)
    80001cc4:	6e65                	lui	t3,0x19
    80001cc6:	70797263          	bgeu	s2,t2,800023ca <__bss_end+0x356>
    80001cca:	6974                	ld	a3,208(a0)
    80001ccc:	203a6e6f          	jal	t3,800a86ce <__stack_start+0x856ce>
    80001cd0:	6425                	lui	s0,0x9
    80001cd2:	0a0d                	addi	s4,s4,3
    80001cd4:	0000                	unimp
    80001cd6:	0000                	unimp
    80001cd8:	7845                	lui	a6,0xffff1
    80001cda:	6365                	lui	t1,0x19
    80001cdc:	7475                	lui	s0,0xffffd
    80001cde:	6465                	lui	s0,0x19
    80001ce0:	6320                	ld	s0,64(a4)
    80001ce2:	6379                	lui	t1,0x1e
    80001ce4:	656c                	ld	a1,200(a0)
    80001ce6:	6f662073          	csrs	0x6f6,a2
    80001cea:	2072                	fld	ft0,280(sp)
    80001cec:	6564                	ld	s1,200(a0)
    80001cee:	70797263          	bgeu	s2,t2,800023f2 <__bss_end+0x37e>
    80001cf2:	6974                	ld	a3,208(a0)
    80001cf4:	203a6e6f          	jal	t3,800a86f6 <__stack_start+0x856f6>
    80001cf8:	6425                	lui	s0,0x9
    80001cfa:	0a0d                	addi	s4,s4,3
    80001cfc:	0000                	unimp
    80001cfe:	0000                	unimp
    80001d00:	48532023          	sw	t0,1152(t1) # 1e480 <__stack_size+0x16480>
    80001d04:	3341                	addiw	t1,t1,-16
    80001d06:	352d                	addiw	a0,a0,-21 # 18feb <__stack_size+0x10feb>
    80001d08:	3231                	addiw	tp,tp,-20 # ffffffffffff8fec <__stack_start+0xffffffff7ffd5fec>
    80001d0a:	3d20                	fld	fs0,120(a0)
    80001d0c:	3d3d                	addiw	s10,s10,-17
    80001d0e:	3d3d                	addiw	s10,s10,-17
    80001d10:	3d3d                	addiw	s10,s10,-17
    80001d12:	3d3d                	addiw	s10,s10,-17
    80001d14:	3d3d                	addiw	s10,s10,-17
    80001d16:	3d3d                	addiw	s10,s10,-17
    80001d18:	3d3d                	addiw	s10,s10,-17
    80001d1a:	3d3d                	addiw	s10,s10,-17
    80001d1c:	3d3d                	addiw	s10,s10,-17
    80001d1e:	3d3d                	addiw	s10,s10,-17
    80001d20:	3d3d                	addiw	s10,s10,-17
    80001d22:	3d3d                	addiw	s10,s10,-17
    80001d24:	3d3d                	addiw	s10,s10,-17
    80001d26:	3d3d                	addiw	s10,s10,-17
    80001d28:	3d3d                	addiw	s10,s10,-17
    80001d2a:	3d3d                	addiw	s10,s10,-17
    80001d2c:	3d3d                	addiw	s10,s10,-17
    80001d2e:	3d3d                	addiw	s10,s10,-17
    80001d30:	3d3d                	addiw	s10,s10,-17
    80001d32:	3d3d                	addiw	s10,s10,-17
    80001d34:	3d3d                	addiw	s10,s10,-17
    80001d36:	3d3d                	addiw	s10,s10,-17
    80001d38:	3d3d                	addiw	s10,s10,-17
    80001d3a:	3d3d                	addiw	s10,s10,-17
    80001d3c:	3d3d                	addiw	s10,s10,-17
    80001d3e:	3d3d                	addiw	s10,s10,-17
    80001d40:	3d3d                	addiw	s10,s10,-17
    80001d42:	3d3d                	addiw	s10,s10,-17
    80001d44:	3d3d                	addiw	s10,s10,-17
    80001d46:	3d3d                	addiw	s10,s10,-17
    80001d48:	3d3d                	addiw	s10,s10,-17
    80001d4a:	0a0d                	addi	s4,s4,3
    80001d4c:	0000                	unimp
    80001d4e:	0000                	unimp
    80001d50:	654d                	lui	a0,0x13
    80001d52:	67617373          	csrrci	t1,0x676,2
    80001d56:	3a65                	addiw	s4,s4,-7
    80001d58:	2020                	fld	fs0,64(s0)
    80001d5a:	5422                	lw	s0,40(sp)
    80001d5c:	6568                	ld	a0,200(a0)
    80001d5e:	7120                	ld	s0,96(a0)
    80001d60:	6975                	lui	s2,0x1d
    80001d62:	62206b63          	bltu	zero,sp,80002398 <__bss_end+0x324>
    80001d66:	6f72                	ld	t5,280(sp)
    80001d68:	66206e77          	.insn	4, 0x66206e77
    80001d6c:	6a20786f          	jal	a6,8000940e <__global_pointer$+0x6bbe>
    80001d70:	6d75                	lui	s10,0x1d
    80001d72:	7370                	ld	a2,224(a4)
    80001d74:	6f20                	ld	s0,88(a4)
    80001d76:	6576                	ld	a0,344(sp)
    80001d78:	2072                	fld	ft0,280(sp)
    80001d7a:	6874                	ld	a3,208(s0)
    80001d7c:	2065                	.insn	2, 0x2065
    80001d7e:	616c                	ld	a1,192(a0)
    80001d80:	797a                	ld	s2,440(sp)
    80001d82:	6420                	ld	s0,72(s0)
    80001d84:	2220676f          	jal	a4,80007fa6 <__global_pointer$+0x5756>
    80001d88:	0a0d                	addi	s4,s4,3
    80001d8a:	0000                	unimp
    80001d8c:	0000                	unimp
    80001d8e:	0000                	unimp
    80001d90:	7845                	lui	a6,0xffff1
    80001d92:	6570                	ld	a2,200(a0)
    80001d94:	64657463          	bgeu	a0,t1,800023dc <__bss_end+0x368>
    80001d98:	203a                	fld	ft0,392(sp)
    80001d9a:	3130                	fld	fa2,96(a0)
    80001d9c:	6564                	ld	s1,200(a0)
    80001d9e:	6464                	ld	s1,200(s0)
    80001da0:	6435                	lui	s0,0xd
    80001da2:	3465                	addiw	s0,s0,-7 # cff9 <__stack_size+0x4ff9>
    80001da4:	6665                	lui	a2,0x19
    80001da6:	3431                	addiw	s0,s0,-20
    80001da8:	3436                	fld	fs0,360(sp)
    80001daa:	3432                	fld	fs0,296(sp)
    80001dac:	3534                	fld	fa3,104(a0)
    80001dae:	6162                	ld	sp,24(sp)
    80001db0:	6635                	lui	a2,0xd
    80001db2:	6235                	lui	tp,0xd
    80001db4:	3739                	addiw	a4,a4,-18 # ffffffffffffdfee <__stack_start+0xffffffff7ffdafee>
    80001db6:	65353163          	.insn	4, 0x65353163
    80001dba:	3734                	fld	fa3,104(a4)
    80001dbc:	3962                	fld	fs2,56(sp)
    80001dbe:	6461                	lui	s0,0x18
    80001dc0:	3339                	addiw	t1,t1,-18
    80001dc2:	3331                	addiw	t1,t1,-20
    80001dc4:	3632                	fld	fa2,296(sp)
    80001dc6:	3465                	addiw	s0,s0,-7 # 17ff9 <__stack_size+0xfff9>
    80001dc8:	3062                	fld	ft0,56(sp)
    80001dca:	63373237          	lui	tp,0x63373
    80001dce:	3964                	fld	fs1,240(a0)
    80001dd0:	6334                	ld	a3,64(a4)
    80001dd2:	6665                	lui	a2,0x19
    80001dd4:	66343463          	.insn	4, 0x66343463
    80001dd8:	6666                	ld	a2,88(sp)
    80001dda:	3332                	fld	ft6,296(sp)
    80001ddc:	3066                	fld	ft0,120(sp)
    80001dde:	35666237          	lui	tp,0x35666
    80001de2:	3334                	fld	fa3,96(a4)
    80001de4:	3331                	addiw	t1,t1,-20
    80001de6:	3939                	addiw	s2,s2,-18 # 1cfee <__stack_size+0x14fee>
    80001de8:	34623933          	.insn	4, 0x34623933
    80001dec:	3139                	addiw	sp,sp,-18
    80001dee:	3832                	fld	fa6,296(sp)
    80001df0:	34666163          	bltu	a2,t1,80002132 <__bss_end+0xbe>
    80001df4:	63643633          	.insn	4, 0x63643633
    80001df8:	6231                	lui	tp,0xc
    80001dfa:	6564                	ld	s1,200(a0)
    80001dfc:	3565                	addiw	a0,a0,-7 # 12ff9 <__stack_size+0xaff9>
    80001dfe:	6634                	ld	a3,72(a2)
    80001e00:	34326263          	bltu	tp,gp,80002144 <__bss_end+0xd0>
    80001e04:	3230                	fld	fa2,96(a2)
    80001e06:	38306133          	.insn	4, 0x38306133
    80001e0a:	3964                	fld	fs1,240(a0)
    80001e0c:	3034                	fld	fa3,96(s0)
    80001e0e:	62396633          	.insn	4, 0x62396633
    80001e12:	6234                	ld	a3,64(a2)
    80001e14:	3066                	fld	ft0,120(sp)
    80001e16:	3464                	fld	fs1,232(s0)
    80001e18:	3035                	.insn	2, 0x3035
    80001e1a:	0a0d                	addi	s4,s4,3
    80001e1c:	0000                	unimp
    80001e1e:	0000                	unimp
    80001e20:	6944                	ld	s1,144(a0)
    80001e22:	74736567          	.insn	4, 0x74736567
    80001e26:	203a                	fld	ft0,392(sp)
    80001e28:	2020                	fld	fs0,64(s0)
    80001e2a:	0000                	unimp
    80001e2c:	0000                	unimp
    80001e2e:	0000                	unimp
    80001e30:	7725                	lui	a4,0xfffe9
    80001e32:	0000                	unimp
    80001e34:	0000                	unimp
    80001e36:	0000                	unimp
    80001e38:	654d                	lui	a0,0x13
    80001e3a:	67617373          	csrrci	t1,0x676,2
    80001e3e:	3a65                	addiw	s4,s4,-7
    80001e40:	2020                	fld	fs0,64(s0)
    80001e42:	5422                	lw	s0,40(sp)
    80001e44:	6568                	ld	a0,200(a0)
    80001e46:	7120                	ld	s0,96(a0)
    80001e48:	6975                	lui	s2,0x1d
    80001e4a:	62206b63          	bltu	zero,sp,80002480 <__bss_end+0x40c>
    80001e4e:	6f72                	ld	t5,280(sp)
    80001e50:	66206e77          	.insn	4, 0x66206e77
    80001e54:	6a20786f          	jal	a6,800094f6 <__global_pointer$+0x6ca6>
    80001e58:	6d75                	lui	s10,0x1d
    80001e5a:	7370                	ld	a2,224(a4)
    80001e5c:	6f20                	ld	s0,88(a4)
    80001e5e:	6576                	ld	a0,344(sp)
    80001e60:	2072                	fld	ft0,280(sp)
    80001e62:	6874                	ld	a3,208(s0)
    80001e64:	2065                	.insn	2, 0x2065
    80001e66:	616c                	ld	a1,192(a0)
    80001e68:	797a                	ld	s2,440(sp)
    80001e6a:	6420                	ld	s0,72(s0)
    80001e6c:	222e676f          	jal	a4,800e808e <__stack_start+0xc508e>
    80001e70:	0a0d                	addi	s4,s4,3
    80001e72:	0000                	unimp
    80001e74:	0000                	unimp
    80001e76:	0000                	unimp
    80001e78:	7845                	lui	a6,0xffff1
    80001e7a:	6570                	ld	a2,200(a0)
    80001e7c:	64657463          	bgeu	a0,t1,800024c4 <__bss_end+0x450>
    80001e80:	203a                	fld	ft0,392(sp)
    80001e82:	3831                	addiw	a6,a6,-20 # ffffffffffff0fec <__stack_start+0xffffffff7ffcdfec>
    80001e84:	3466                	fld	fs0,120(sp)
    80001e86:	3466                	fld	fs0,120(sp)
    80001e88:	6462                	ld	s0,24(sp)
    80001e8a:	3134                	fld	fa3,96(a0)
    80001e8c:	3639                	addiw	a2,a2,-18 # 18fee <__stack_size+0x10fee>
    80001e8e:	3330                	fld	fa2,96(a4)
    80001e90:	3966                	fld	fs2,120(sp)
    80001e92:	3535                	addiw	a0,a0,-19 # 12fed <__stack_size+0xafed>
    80001e94:	33383833          	.insn	4, 0x33383833
    80001e98:	33303037          	lui	zero,0x33303
    80001e9c:	3964                	fld	fs1,240(a0)
    80001e9e:	3264                	fld	fs1,224(a2)
    80001ea0:	3435                	addiw	s0,s0,-19
    80001ea2:	63363263          	.insn	4, 0x63363263
    80001ea6:	3332                	fld	ft6,296(sp)
    80001ea8:	35353637          	lui	a2,0x35353
    80001eac:	3536                	fld	fa0,360(sp)
    80001eae:	3631                	addiw	a2,a2,-20 # 35352fec <__heap_size+0x35332fec>
    80001eb0:	3232                	fld	ft4,296(sp)
    80001eb2:	3734                	fld	fa3,104(a4)
    80001eb4:	3834                	fld	fa3,112(s0)
    80001eb6:	35366633          	.insn	4, 0x35366633
    80001eba:	33303563          	.insn	4, 0x33303563
    80001ebe:	3330                	fld	fa2,96(a4)
    80001ec0:	3935                	addiw	s2,s2,-19 # 1cfed <__stack_size+0x14fed>
    80001ec2:	39636237          	lui	tp,0x39636
    80001ec6:	64346563          	bltu	s0,gp,80002510 <__bss_end+0x49c>
    80001eca:	3832                	fld	fa6,296(sp)
    80001ecc:	6639                	lui	a2,0xe
    80001ece:	3132                	fld	ft2,296(sp)
    80001ed0:	3164                	fld	fs1,224(a0)
    80001ed2:	31663263          	.insn	4, 0x31663263
    80001ed6:	3466                	fld	fs0,120(sp)
    80001ed8:	3835                	addiw	a6,a6,-19
    80001eda:	3238                	fld	fa4,96(a2)
    80001edc:	6538                	ld	a4,72(a0)
    80001ede:	63643333          	.insn	4, 0x63643333
    80001ee2:	3434                	fld	fa3,104(s0)
    80001ee4:	3132                	fld	ft2,296(sp)
    80001ee6:	3030                	fld	fa2,96(s0)
    80001ee8:	62313333          	.insn	4, 0x62313333
    80001eec:	37653533          	.insn	4, 0x37653533
    80001ef0:	6265                	lui	tp,0x19
    80001ef2:	3330                	fld	fa2,96(a4)
    80001ef4:	6231                	lui	tp,0xc
    80001ef6:	6435                	lui	s0,0xd
    80001ef8:	61623833          	.insn	4, 0x61623833
    80001efc:	3436                	fld	fs0,360(sp)
    80001efe:	3036                	fld	ft0,360(sp)
    80001f00:	3866                	fld	fa6,120(sp)
    80001f02:	0a0d                	addi	s4,s4,3
    80001f04:	0000                	unimp
    80001f06:	0000                	unimp
    80001f08:	6520                	ld	s0,72(a0)
    80001f0a:	5468                	lw	a0,108(s0)
    80001f0c:	71756963          	bltu	a0,s7,8000261e <__bss_end+0x5aa>
    80001f10:	6272                	ld	tp,280(sp)
    80001f12:	6b20                	ld	s0,80(a4)
    80001f14:	6e20                	ld	s0,88(a2)
    80001f16:	78206f77          	.insn	4, 0x78206f77
    80001f1a:	6d70666f          	jal	a2,80008df0 <__global_pointer$+0x65a0>
    80001f1e:	6a75                	lui	s4,0x1d
    80001f20:	6f76                	ld	t5,344(sp)
    80001f22:	7320                	ld	s0,96(a4)
    80001f24:	2074                	fld	fa3,192(s0)
    80001f26:	6572                	ld	a0,280(sp)
    80001f28:	206c                	fld	fa1,192(s0)
    80001f2a:	6865                	lui	a6,0x19
    80001f2c:	7920                	ld	s0,112(a0)
    80001f2e:	617a                	ld	sp,408(sp)
    80001f30:	6700                	ld	s0,8(a4)
    80001f32:	0000646f          	jal	s0,80007f32 <__global_pointer$+0x56e2>
    80001f36:	0000                	unimp
    80001f38:	6520                	ld	s0,72(a0)
    80001f3a:	5468                	lw	a0,108(s0)
    80001f3c:	71756963          	bltu	a0,s7,8000264e <__bss_end+0x5da>
    80001f40:	6272                	ld	tp,280(sp)
    80001f42:	6b20                	ld	s0,80(a4)
    80001f44:	6e20                	ld	s0,88(a2)
    80001f46:	78206f77          	.insn	4, 0x78206f77
    80001f4a:	6d70666f          	jal	a2,80008e20 <__global_pointer$+0x65d0>
    80001f4e:	6a75                	lui	s4,0x1d
    80001f50:	6f76                	ld	t5,344(sp)
    80001f52:	7320                	ld	s0,96(a4)
    80001f54:	2074                	fld	fa3,192(s0)
    80001f56:	6572                	ld	a0,280(sp)
    80001f58:	206c                	fld	fa1,192(s0)
    80001f5a:	6865                	lui	a6,0x19
    80001f5c:	7920                	ld	s0,112(a0)
    80001f5e:	617a                	ld	sp,408(sp)
    80001f60:	672e                	ld	a4,200(sp)
    80001f62:	0000646f          	jal	s0,80007f62 <__global_pointer$+0x5712>
    80001f66:	0000                	unimp
    80001f68:	48532023          	sw	t0,1152(t1)
    80001f6c:	3341                	addiw	t1,t1,-16
    80001f6e:	352d                	addiw	a0,a0,-21
    80001f70:	3231                	addiw	tp,tp,-20 # bfec <__stack_size+0x3fec>
    80001f72:	2d20                	fld	fs0,88(a0)
    80001f74:	4320                	lw	s0,64(a4)
    80001f76:	7972                	ld	s2,312(sp)
    80001f78:	7470                	ld	a2,232(s0)
    80001f7a:	6172676f          	jal	a4,80028d90 <__stack_start+0x5d90>
    80001f7e:	6870                	ld	a2,208(s0)
    80001f80:	2079                	.insn	2, 0x2079
    80001f82:	6341                	lui	t1,0x10
    80001f84:	656c6563          	bltu	s8,s6,800025ce <__bss_end+0x55a>
    80001f88:	6172                	ld	sp,280(sp)
    80001f8a:	6f74                	ld	a3,216(a4)
    80001f8c:	2072                	fld	ft0,280(sp)
    80001f8e:	3d3d                	addiw	s10,s10,-17 # 1cfef <__stack_size+0x14fef>
    80001f90:	3d3d                	addiw	s10,s10,-17
    80001f92:	3d3d                	addiw	s10,s10,-17
    80001f94:	3d3d                	addiw	s10,s10,-17
    80001f96:	3d3d                	addiw	s10,s10,-17
    80001f98:	3d3d                	addiw	s10,s10,-17
    80001f9a:	3d3d                	addiw	s10,s10,-17
    80001f9c:	3d3d                	addiw	s10,s10,-17
    80001f9e:	3d3d                	addiw	s10,s10,-17
    80001fa0:	3d3d                	addiw	s10,s10,-17
    80001fa2:	3d3d                	addiw	s10,s10,-17
    80001fa4:	3d3d                	addiw	s10,s10,-17
    80001fa6:	3d3d                	addiw	s10,s10,-17
    80001fa8:	3d3d                	addiw	s10,s10,-17
    80001faa:	3d3d                	addiw	s10,s10,-17
    80001fac:	0d3d                	addi	s10,s10,15
    80001fae:	000a                	c.slli	zero,0x2
    80001fb0:	4d55                	li	s10,21
    80001fb2:	46454843          	.insn	4, 0x46454843
    80001fb6:	5320                	lw	s0,96(a4)
    80001fb8:	4c20                	lw	s0,88(s0)
    80001fba:	5445                	li	s0,-15
    80001fbc:	534c                	lw	a1,36(a4)
    80001fbe:	4445                	li	s0,17
    80001fc0:	0000                	unimp
    80001fc2:	4142                	lw	sp,16(sp)
    80001fc4:	0000                	unimp
    80001fc6:	0000                	unimp
    80001fc8:	6548                	ld	a0,136(a0)
    80001fca:	6c6c                	ld	a1,216(s0)
    80001fcc:	6f77206f          	j	80074ec2 <__stack_start+0x51ec2>
    80001fd0:	6c72                	ld	s8,280(sp)
    80001fd2:	2164                	fld	fs1,192(a0)
    80001fd4:	0a0d                	addi	s4,s4,3 # 1d003 <__stack_size+0x15003>
    80001fd6:	0000                	unimp
    80001fd8:	66666667          	.insn	4, 0x66666667
    80001fdc:	6666                	ld	a2,88(sp)
    80001fde:	6666                	ld	a2,88(sp)

Disassembly of section .eh_frame:

0000000080001fe0 <.eh_frame>:
    80001fe0:	0010                	.insn	2, 0x0010
    80001fe2:	0000                	unimp
    80001fe4:	0000                	unimp
    80001fe6:	0000                	unimp
    80001fe8:	00527a03          	.insn	4, 0x00527a03
    80001fec:	7c01                	lui	s8,0xfffe0
    80001fee:	0101                	addi	sp,sp,0
    80001ff0:	00020c1b          	sext.w	s8,tp
    80001ff4:	0010                	.insn	2, 0x0010
    80001ff6:	0000                	unimp
    80001ff8:	0018                	.insn	2, 0x0018
    80001ffa:	0000                	unimp
    80001ffc:	e004                	sd	s1,0(s0)
    80001ffe:	ffff                	.insn	2, 0xffff
    80002000:	0148                	addi	a0,sp,132
    80002002:	0000                	unimp
    80002004:	0000                	unimp
	...

Disassembly of section .htif:

0000000080002040 <tohost>:
	...

0000000080002048 <fromhost>:
	...

Disassembly of section .sdata:

0000000080002050 <uart>:
static volatile uint32_t * const uart = (void *)(UART_CTRL_ADDR);
    80002050:	0000                	unimp
    80002052:	6400                	ld	s0,8(s0)
    80002054:	0000                	unimp
	...

0000000080002058 <uart>:
    80002058:	0000                	unimp
    8000205a:	6400                	ld	s0,8(s0)
    8000205c:	0000                	unimp
	...

Disassembly of section .riscv.attributes:

0000000000000000 <.riscv.attributes>:
   0:	7741                	lui	a4,0xffff0
   2:	0000                	unimp
   4:	7200                	ld	s0,32(a2)
   6:	7369                	lui	t1,0xffffa
   8:	01007663          	bgeu	zero,a6,14 <__stack_align+0x4>
   c:	006d                	c.nop	27
   e:	0000                	unimp
  10:	1004                	addi	s1,sp,32
  12:	7205                	lui	tp,0xfffe1
  14:	3676                	fld	fa2,376(sp)
  16:	6934                	ld	a3,80(a0)
  18:	7032                	.insn	2, 0x7032
  1a:	5f31                	li	t5,-20
  1c:	326d                	addiw	tp,tp,-5 # fffffffffffe0ffb <__stack_start+0xffffffff7ffbdffb>
  1e:	3070                	fld	fa2,224(s0)
  20:	615f 7032 5f31      	.insn	6, 0x5f317032615f
  26:	3266                	fld	ft4,120(sp)
  28:	3270                	fld	fa2,224(a2)
  2a:	645f 7032 5f32      	.insn	6, 0x5f327032645f
  30:	30703263          	.insn	4, 0x30703263
  34:	7a5f 6369 7273      	.insn	6, 0x727363697a5f
  3a:	7032                	.insn	2, 0x7032
  3c:	5f30                	lw	a2,120(a4)
  3e:	697a                	ld	s2,408(sp)
  40:	6566                	ld	a0,88(sp)
  42:	636e                	ld	t1,216(sp)
  44:	6965                	lui	s2,0x19
  46:	7032                	.insn	2, 0x7032
  48:	5f30                	lw	a2,120(a4)
  4a:	6d7a                	ld	s10,408(sp)
  4c:	756d                	lui	a0,0xffffb
  4e:	316c                	fld	fa1,224(a0)
  50:	3070                	fld	fa2,224(s0)
  52:	7a5f 6161 6f6d      	.insn	6, 0x6f6d61617a5f
  58:	7031                	c.lui	zero,0xfffec
  5a:	5f30                	lw	a2,120(a4)
  5c:	617a                	ld	sp,408(sp)
  5e:	726c                	ld	a1,224(a2)
  60:	70316373          	csrrsi	t1,0x703,2
  64:	5f30                	lw	a2,120(a4)
  66:	637a                	ld	t1,408(sp)
  68:	3161                	addiw	sp,sp,-8
  6a:	3070                	fld	fa2,224(s0)
  6c:	7a5f 6463 7031      	.insn	6, 0x703164637a5f
  72:	0030                	addi	a2,sp,8
  74:	0108                	addi	a0,sp,128
  76:	0b0a                	slli	s6,s6,0x2

Disassembly of section .comment:

0000000000000000 <.comment>:
   0:	3a434347          	fmsub.d	ft6,ft6,ft4,ft7,rmm
   4:	2820                	fld	fs0,80(s0)
   6:	31313567          	.insn	4, 0x31313567
   a:	6335                	lui	t1,0xd
   c:	34346537          	lui	a0,0x34346
  10:	2029                	.insn	2, 0x2029
  12:	3531                	addiw	a0,a0,-20 # 34345fec <__heap_size+0x34325fec>
  14:	322e                	fld	ft4,232(sp)
  16:	302e                	fld	ft0,232(sp)
	...

Disassembly of section .debug_line:

0000000000000000 <.debug_line>:
       0:	042e                	slli	s0,s0,0xb
       2:	0000                	unimp
       4:	0005                	c.nop	1
       6:	0008                	.insn	2, 0x0008
       8:	002e                	c.slli	zero,0xb
       a:	0000                	unimp
       c:	0101                	addi	sp,sp,0
       e:	fb01                	bnez	a4,ffffffffffffff1e <__stack_start+0xffffffff7ffdcf1e>
      10:	0d0e                	slli	s10,s10,0x3
      12:	0100                	addi	s0,sp,128
      14:	0101                	addi	sp,sp,0
      16:	0001                	nop
      18:	0000                	unimp
      1a:	0001                	nop
      1c:	0100                	addi	s0,sp,128
      1e:	0101                	addi	sp,sp,0
      20:	021f 0000 0000      	.insn	6, 0x021f
      26:	0025                	c.nop	9
      28:	0000                	unimp
      2a:	0102                	c.slli	sp,0x0
      2c:	021f 020f 002d      	.insn	6, 0x002d020f021f
      32:	0000                	unimp
      34:	2d01                	sext.w	s10,s10
      36:	0000                	unimp
      38:	0100                	addi	s0,sp,128
      3a:	0900                	addi	s0,sp,144
      3c:	0002                	c.slli	zero,0x0
      3e:	0000                	unimp
      40:	0080                	addi	s0,sp,64
      42:	0000                	unimp
      44:	0300                	addi	s0,sp,384
      46:	0109                	addi	sp,sp,2
      48:	02090103          	lb	sp,32(s2) # 19020 <__stack_size+0x11020>
      4c:	0100                	addi	s0,sp,128
      4e:	02090103          	lb	sp,32(s2)
      52:	0100                	addi	s0,sp,128
      54:	02090103          	lb	sp,32(s2)
      58:	0100                	addi	s0,sp,128
      5a:	02090103          	lb	sp,32(s2)
      5e:	0100                	addi	s0,sp,128
      60:	02090103          	lb	sp,32(s2)
      64:	0100                	addi	s0,sp,128
      66:	02090103          	lb	sp,32(s2)
      6a:	0100                	addi	s0,sp,128
      6c:	02090103          	lb	sp,32(s2)
      70:	0100                	addi	s0,sp,128
      72:	02090103          	lb	sp,32(s2)
      76:	0100                	addi	s0,sp,128
      78:	02090103          	lb	sp,32(s2)
      7c:	0100                	addi	s0,sp,128
      7e:	02090103          	lb	sp,32(s2)
      82:	0100                	addi	s0,sp,128
      84:	02090103          	lb	sp,32(s2)
      88:	0100                	addi	s0,sp,128
      8a:	02090103          	lb	sp,32(s2)
      8e:	0100                	addi	s0,sp,128
      90:	02090103          	lb	sp,32(s2)
      94:	0100                	addi	s0,sp,128
      96:	02090103          	lb	sp,32(s2)
      9a:	0100                	addi	s0,sp,128
      9c:	02090103          	lb	sp,32(s2)
      a0:	0100                	addi	s0,sp,128
      a2:	02090103          	lb	sp,32(s2)
      a6:	0100                	addi	s0,sp,128
      a8:	02090103          	lb	sp,32(s2)
      ac:	0100                	addi	s0,sp,128
      ae:	02090103          	lb	sp,32(s2)
      b2:	0100                	addi	s0,sp,128
      b4:	02090103          	lb	sp,32(s2)
      b8:	0100                	addi	s0,sp,128
      ba:	02090103          	lb	sp,32(s2)
      be:	0100                	addi	s0,sp,128
      c0:	02090103          	lb	sp,32(s2)
      c4:	0100                	addi	s0,sp,128
      c6:	02090103          	lb	sp,32(s2)
      ca:	0100                	addi	s0,sp,128
      cc:	02090103          	lb	sp,32(s2)
      d0:	0100                	addi	s0,sp,128
      d2:	02090103          	lb	sp,32(s2)
      d6:	0100                	addi	s0,sp,128
      d8:	02090103          	lb	sp,32(s2)
      dc:	0100                	addi	s0,sp,128
      de:	02090103          	lb	sp,32(s2)
      e2:	0100                	addi	s0,sp,128
      e4:	02090103          	lb	sp,32(s2)
      e8:	0100                	addi	s0,sp,128
      ea:	02090103          	lb	sp,32(s2)
      ee:	0100                	addi	s0,sp,128
      f0:	02090103          	lb	sp,32(s2)
      f4:	0100                	addi	s0,sp,128
      f6:	02090103          	lb	sp,32(s2)
      fa:	0100                	addi	s0,sp,128
      fc:	02090203          	lb	tp,32(s2)
     100:	0100                	addi	s0,sp,128
     102:	06090103          	lb	sp,96(s2)
     106:	0100                	addi	s0,sp,128
     108:	04090403          	lb	s0,64(s2)
     10c:	0100                	addi	s0,sp,128
     10e:	08090103          	lb	sp,128(s2)
     112:	0100                	addi	s0,sp,128
     114:	04090203          	lb	tp,64(s2)
     118:	0100                	addi	s0,sp,128
     11a:	04090103          	lb	sp,64(s2)
     11e:	0100                	addi	s0,sp,128
     120:	04090103          	lb	sp,64(s2)
     124:	0100                	addi	s0,sp,128
     126:	04090103          	lb	sp,64(s2)
     12a:	0100                	addi	s0,sp,128
     12c:	04090103          	lb	sp,64(s2)
     130:	0100                	addi	s0,sp,128
     132:	04090103          	lb	sp,64(s2)
     136:	0100                	addi	s0,sp,128
     138:	04090103          	lb	sp,64(s2)
     13c:	0100                	addi	s0,sp,128
     13e:	04090103          	lb	sp,64(s2)
     142:	0100                	addi	s0,sp,128
     144:	04090103          	lb	sp,64(s2)
     148:	0100                	addi	s0,sp,128
     14a:	04090103          	lb	sp,64(s2)
     14e:	0100                	addi	s0,sp,128
     150:	04090103          	lb	sp,64(s2)
     154:	0100                	addi	s0,sp,128
     156:	04090103          	lb	sp,64(s2)
     15a:	0100                	addi	s0,sp,128
     15c:	04090103          	lb	sp,64(s2)
     160:	0100                	addi	s0,sp,128
     162:	04090103          	lb	sp,64(s2)
     166:	0100                	addi	s0,sp,128
     168:	04090103          	lb	sp,64(s2)
     16c:	0100                	addi	s0,sp,128
     16e:	04090103          	lb	sp,64(s2)
     172:	0100                	addi	s0,sp,128
     174:	04090103          	lb	sp,64(s2)
     178:	0100                	addi	s0,sp,128
     17a:	04090103          	lb	sp,64(s2)
     17e:	0100                	addi	s0,sp,128
     180:	04090103          	lb	sp,64(s2)
     184:	0100                	addi	s0,sp,128
     186:	04090103          	lb	sp,64(s2)
     18a:	0100                	addi	s0,sp,128
     18c:	04090103          	lb	sp,64(s2)
     190:	0100                	addi	s0,sp,128
     192:	04090103          	lb	sp,64(s2)
     196:	0100                	addi	s0,sp,128
     198:	04090103          	lb	sp,64(s2)
     19c:	0100                	addi	s0,sp,128
     19e:	04090103          	lb	sp,64(s2)
     1a2:	0100                	addi	s0,sp,128
     1a4:	04090103          	lb	sp,64(s2)
     1a8:	0100                	addi	s0,sp,128
     1aa:	04090103          	lb	sp,64(s2)
     1ae:	0100                	addi	s0,sp,128
     1b0:	04090103          	lb	sp,64(s2)
     1b4:	0100                	addi	s0,sp,128
     1b6:	04090103          	lb	sp,64(s2)
     1ba:	0100                	addi	s0,sp,128
     1bc:	04090103          	lb	sp,64(s2)
     1c0:	0100                	addi	s0,sp,128
     1c2:	04090103          	lb	sp,64(s2)
     1c6:	0100                	addi	s0,sp,128
     1c8:	04090103          	lb	sp,64(s2)
     1cc:	0100                	addi	s0,sp,128
     1ce:	04090103          	lb	sp,64(s2)
     1d2:	0100                	addi	s0,sp,128
     1d4:	04090103          	lb	sp,64(s2)
     1d8:	0100                	addi	s0,sp,128
     1da:	04090803          	lb	a6,64(s2)
     1de:	0100                	addi	s0,sp,128
     1e0:	08090403          	lb	s0,128(s2)
     1e4:	0100                	addi	s0,sp,128
     1e6:	04090103          	lb	sp,64(s2)
     1ea:	0100                	addi	s0,sp,128
     1ec:	00090103          	lb	sp,0(s2)
     1f0:	0100                	addi	s0,sp,128
     1f2:	04090103          	lb	sp,64(s2)
     1f6:	0100                	addi	s0,sp,128
     1f8:	08090103          	lb	sp,128(s2)
     1fc:	0100                	addi	s0,sp,128
     1fe:	04090103          	lb	sp,64(s2)
     202:	0100                	addi	s0,sp,128
     204:	02090303          	lb	t1,32(s2)
     208:	0100                	addi	s0,sp,128
     20a:	02090103          	lb	sp,32(s2)
     20e:	0100                	addi	s0,sp,128
     210:	04090103          	lb	sp,64(s2)
     214:	0100                	addi	s0,sp,128
     216:	04090303          	lb	t1,64(s2)
     21a:	0100                	addi	s0,sp,128
     21c:	08090103          	lb	sp,128(s2)
     220:	0100                	addi	s0,sp,128
     222:	04090303          	lb	t1,64(s2)
     226:	0100                	addi	s0,sp,128
     228:	04090303          	lb	t1,64(s2)
     22c:	0100                	addi	s0,sp,128
     22e:	04090103          	lb	sp,64(s2)
     232:	0100                	addi	s0,sp,128
     234:	08090303          	lb	t1,128(s2)
     238:	0100                	addi	s0,sp,128
     23a:	04090103          	lb	sp,64(s2)
     23e:	0100                	addi	s0,sp,128
     240:	08090103          	lb	sp,128(s2)
     244:	0100                	addi	s0,sp,128
     246:	04090203          	lb	tp,64(s2)
     24a:	0100                	addi	s0,sp,128
     24c:	04090103          	lb	sp,64(s2)
     250:	0100                	addi	s0,sp,128
     252:	02090103          	lb	sp,32(s2)
     256:	0100                	addi	s0,sp,128
     258:	04090403          	lb	s0,64(s2)
     25c:	0100                	addi	s0,sp,128
     25e:	08090103          	lb	sp,128(s2)
     262:	0100                	addi	s0,sp,128
     264:	04090103          	lb	sp,64(s2)
     268:	0100                	addi	s0,sp,128
     26a:	04090303          	lb	t1,64(s2)
     26e:	0100                	addi	s0,sp,128
     270:	02090703          	lb	a4,32(s2)
     274:	0100                	addi	s0,sp,128
     276:	04090103          	lb	sp,64(s2)
     27a:	0100                	addi	s0,sp,128
     27c:	02090303          	lb	t1,32(s2)
     280:	0100                	addi	s0,sp,128
     282:	02090103          	lb	sp,32(s2)
     286:	0100                	addi	s0,sp,128
     288:	04090103          	lb	sp,64(s2)
     28c:	0100                	addi	s0,sp,128
     28e:	02090103          	lb	sp,32(s2)
     292:	0100                	addi	s0,sp,128
     294:	02090103          	lb	sp,32(s2)
     298:	0100                	addi	s0,sp,128
     29a:	02090103          	lb	sp,32(s2)
     29e:	0100                	addi	s0,sp,128
     2a0:	02090103          	lb	sp,32(s2)
     2a4:	0100                	addi	s0,sp,128
     2a6:	02090103          	lb	sp,32(s2)
     2aa:	0100                	addi	s0,sp,128
     2ac:	02090103          	lb	sp,32(s2)
     2b0:	0100                	addi	s0,sp,128
     2b2:	02090103          	lb	sp,32(s2)
     2b6:	0100                	addi	s0,sp,128
     2b8:	02090103          	lb	sp,32(s2)
     2bc:	0100                	addi	s0,sp,128
     2be:	02090103          	lb	sp,32(s2)
     2c2:	0100                	addi	s0,sp,128
     2c4:	02090103          	lb	sp,32(s2)
     2c8:	0100                	addi	s0,sp,128
     2ca:	02090103          	lb	sp,32(s2)
     2ce:	0100                	addi	s0,sp,128
     2d0:	02090103          	lb	sp,32(s2)
     2d4:	0100                	addi	s0,sp,128
     2d6:	02090103          	lb	sp,32(s2)
     2da:	0100                	addi	s0,sp,128
     2dc:	02090103          	lb	sp,32(s2)
     2e0:	0100                	addi	s0,sp,128
     2e2:	02090103          	lb	sp,32(s2)
     2e6:	0100                	addi	s0,sp,128
     2e8:	02090103          	lb	sp,32(s2)
     2ec:	0100                	addi	s0,sp,128
     2ee:	02090103          	lb	sp,32(s2)
     2f2:	0100                	addi	s0,sp,128
     2f4:	02090103          	lb	sp,32(s2)
     2f8:	0100                	addi	s0,sp,128
     2fa:	02090103          	lb	sp,32(s2)
     2fe:	0100                	addi	s0,sp,128
     300:	02090103          	lb	sp,32(s2)
     304:	0100                	addi	s0,sp,128
     306:	02090103          	lb	sp,32(s2)
     30a:	0100                	addi	s0,sp,128
     30c:	02090103          	lb	sp,32(s2)
     310:	0100                	addi	s0,sp,128
     312:	02090103          	lb	sp,32(s2)
     316:	0100                	addi	s0,sp,128
     318:	02090103          	lb	sp,32(s2)
     31c:	0100                	addi	s0,sp,128
     31e:	02090103          	lb	sp,32(s2)
     322:	0100                	addi	s0,sp,128
     324:	02090103          	lb	sp,32(s2)
     328:	0100                	addi	s0,sp,128
     32a:	02090103          	lb	sp,32(s2)
     32e:	0100                	addi	s0,sp,128
     330:	02090103          	lb	sp,32(s2)
     334:	0100                	addi	s0,sp,128
     336:	02090103          	lb	sp,32(s2)
     33a:	0100                	addi	s0,sp,128
     33c:	02090303          	lb	t1,32(s2)
     340:	0100                	addi	s0,sp,128
     342:	04090103          	lb	sp,64(s2)
     346:	0100                	addi	s0,sp,128
     348:	04090103          	lb	sp,64(s2)
     34c:	0100                	addi	s0,sp,128
     34e:	04090103          	lb	sp,64(s2)
     352:	0100                	addi	s0,sp,128
     354:	02090103          	lb	sp,32(s2)
     358:	0100                	addi	s0,sp,128
     35a:	04090103          	lb	sp,64(s2)
     35e:	0100                	addi	s0,sp,128
     360:	04090303          	lb	t1,64(s2)
     364:	0100                	addi	s0,sp,128
     366:	06090103          	lb	sp,96(s2)
     36a:	0100                	addi	s0,sp,128
     36c:	04090203          	lb	tp,64(s2)
     370:	0100                	addi	s0,sp,128
     372:	02090103          	lb	sp,32(s2)
     376:	0100                	addi	s0,sp,128
     378:	02090103          	lb	sp,32(s2)
     37c:	0100                	addi	s0,sp,128
     37e:	02090103          	lb	sp,32(s2)
     382:	0100                	addi	s0,sp,128
     384:	02090103          	lb	sp,32(s2)
     388:	0100                	addi	s0,sp,128
     38a:	02090103          	lb	sp,32(s2)
     38e:	0100                	addi	s0,sp,128
     390:	02090103          	lb	sp,32(s2)
     394:	0100                	addi	s0,sp,128
     396:	02090103          	lb	sp,32(s2)
     39a:	0100                	addi	s0,sp,128
     39c:	02090103          	lb	sp,32(s2)
     3a0:	0100                	addi	s0,sp,128
     3a2:	02090103          	lb	sp,32(s2)
     3a6:	0100                	addi	s0,sp,128
     3a8:	02090103          	lb	sp,32(s2)
     3ac:	0100                	addi	s0,sp,128
     3ae:	02090103          	lb	sp,32(s2)
     3b2:	0100                	addi	s0,sp,128
     3b4:	02090103          	lb	sp,32(s2)
     3b8:	0100                	addi	s0,sp,128
     3ba:	02090103          	lb	sp,32(s2)
     3be:	0100                	addi	s0,sp,128
     3c0:	02090103          	lb	sp,32(s2)
     3c4:	0100                	addi	s0,sp,128
     3c6:	02090103          	lb	sp,32(s2)
     3ca:	0100                	addi	s0,sp,128
     3cc:	02090103          	lb	sp,32(s2)
     3d0:	0100                	addi	s0,sp,128
     3d2:	02090103          	lb	sp,32(s2)
     3d6:	0100                	addi	s0,sp,128
     3d8:	02090103          	lb	sp,32(s2)
     3dc:	0100                	addi	s0,sp,128
     3de:	02090103          	lb	sp,32(s2)
     3e2:	0100                	addi	s0,sp,128
     3e4:	02090103          	lb	sp,32(s2)
     3e8:	0100                	addi	s0,sp,128
     3ea:	02090103          	lb	sp,32(s2)
     3ee:	0100                	addi	s0,sp,128
     3f0:	02090103          	lb	sp,32(s2)
     3f4:	0100                	addi	s0,sp,128
     3f6:	02090103          	lb	sp,32(s2)
     3fa:	0100                	addi	s0,sp,128
     3fc:	02090103          	lb	sp,32(s2)
     400:	0100                	addi	s0,sp,128
     402:	02090103          	lb	sp,32(s2)
     406:	0100                	addi	s0,sp,128
     408:	02090103          	lb	sp,32(s2)
     40c:	0100                	addi	s0,sp,128
     40e:	02090103          	lb	sp,32(s2)
     412:	0100                	addi	s0,sp,128
     414:	02090103          	lb	sp,32(s2)
     418:	0100                	addi	s0,sp,128
     41a:	02090103          	lb	sp,32(s2)
     41e:	0100                	addi	s0,sp,128
     420:	02090203          	lb	tp,32(s2)
     424:	0100                	addi	s0,sp,128
     426:	02090203          	lb	tp,32(s2)
     42a:	0100                	addi	s0,sp,128
     42c:	0409                	addi	s0,s0,2 # d002 <__stack_size+0x5002>
     42e:	0000                	unimp
     430:	0101                	addi	sp,sp,0
     432:	00b6                	slli	ra,ra,0xd
     434:	0000                	unimp
     436:	0005                	c.nop	1
     438:	0008                	.insn	2, 0x0008
     43a:	0049                	c.nop	18
     43c:	0000                	unimp
     43e:	0101                	addi	sp,sp,0
     440:	f601                	bnez	a2,348 <__stack_align+0x338>
     442:	0df2                	slli	s11,s11,0x1c
     444:	0100                	addi	s0,sp,128
     446:	0101                	addi	sp,sp,0
     448:	0001                	nop
     44a:	0000                	unimp
     44c:	0001                	nop
     44e:	0100                	addi	s0,sp,128
     450:	0101                	addi	sp,sp,0
     452:	051f 0000 0000      	.insn	6, 0x051f
     458:	0098                	addi	a4,sp,64
     45a:	0000                	unimp
     45c:	0025                	c.nop	9
     45e:	0000                	unimp
     460:	0069                	c.nop	26
     462:	0000                	unimp
     464:	003e                	c.slli	zero,0xf
     466:	0000                	unimp
     468:	0102                	c.slli	sp,0x0
     46a:	021f 050b 00be      	.insn	6, 0x00be050b021f
     470:	0000                	unimp
     472:	c600                	sw	s0,8(a2)
     474:	0000                	unimp
     476:	0200                	addi	s0,sp,256
     478:	000000a3          	sb	zero,1(zero) # 1 <__boot_hart+0x1>
     47c:	0000b403          	ld	s0,0(ra)
     480:	0400                	addi	s0,sp,512
     482:	0034                	addi	a3,sp,8
     484:	0000                	unimp
     486:	0001                	nop
     488:	0209                	addi	tp,tp,2 # 2 <__boot_hart+0x2>
     48a:	0234                	addi	a3,sp,264
     48c:	8000                	.insn	2, 0x8000
     48e:	0000                	unimp
     490:	0000                	unimp
     492:	0901051b          	addiw	a0,sp,144
     496:	0000                	unimp
     498:	0519                	addi	a0,a0,6
     49a:	0905                	addi	s2,s2,1
     49c:	0000                	unimp
     49e:	1506                	slli	a0,a0,0x21
     4a0:	0105                	addi	sp,sp,1
     4a2:	0209                	addi	tp,tp,2 # 2 <__boot_hart+0x2>
     4a4:	1900                	addi	s0,sp,176
     4a6:	0905                	addi	s2,s2,1
     4a8:	0409                	addi	s0,s0,2
     4aa:	1500                	addi	s0,sp,672
     4ac:	0105                	addi	sp,sp,1
     4ae:	0209                	addi	tp,tp,2 # 2 <__boot_hart+0x2>
     4b0:	1900                	addi	s0,sp,176
     4b2:	0905                	addi	s2,s2,1
     4b4:	0209                	addi	tp,tp,2 # 2 <__boot_hart+0x2>
     4b6:	0600                	addi	s0,sp,768
     4b8:	0519                	addi	a0,a0,6
     4ba:	0905                	addi	s2,s2,1
     4bc:	0000                	unimp
     4be:	0106                	slli	sp,sp,0x1
     4c0:	2a05                	addiw	s4,s4,1
     4c2:	0409                	addi	s0,s0,2
     4c4:	0000                	unimp
     4c6:	0402                	c.slli	s0,0x0
     4c8:	0101                	addi	sp,sp,0
     4ca:	0a05                	addi	s4,s4,1
     4cc:	0409                	addi	s0,s0,2
     4ce:	0000                	unimp
     4d0:	0402                	c.slli	s0,0x0
     4d2:	0600                	addi	s0,sp,768
     4d4:	0518                	addi	a4,sp,640
     4d6:	0905                	addi	s2,s2,1
     4d8:	0004                	.insn	2, 0x0004
     4da:	0106                	slli	sp,sp,0x1
     4dc:	0505                	addi	a0,a0,1
     4de:	0900                	addi	s0,sp,144
     4e0:	4a02                	lw	s4,0(sp)
     4e2:	0002                	c.slli	zero,0x0
     4e4:	0080                	addi	s0,sp,64
     4e6:	0000                	unimp
     4e8:	0000                	unimp
     4ea:	0101                	addi	sp,sp,0
     4ec:	00d9                	addi	ra,ra,22
     4ee:	0000                	unimp
     4f0:	0005                	c.nop	1
     4f2:	0008                	.insn	2, 0x0008
     4f4:	0040                	addi	s0,sp,4
     4f6:	0000                	unimp
     4f8:	0101                	addi	sp,sp,0
     4fa:	f601                	bnez	a2,402 <__stack_align+0x3f2>
     4fc:	0df2                	slli	s11,s11,0x1c
     4fe:	0100                	addi	s0,sp,128
     500:	0101                	addi	sp,sp,0
     502:	0001                	nop
     504:	0000                	unimp
     506:	0001                	nop
     508:	0100                	addi	s0,sp,128
     50a:	0101                	addi	sp,sp,0
     50c:	041f 0000 0000      	.insn	6, 0x041f
     512:	0025                	c.nop	9
     514:	0000                	unimp
     516:	000000d7          	.insn	4, 0x00d7
     51a:	0124                	addi	s1,sp,136
     51c:	0000                	unimp
     51e:	0102                	c.slli	sp,0x0
     520:	021f 040b 010d      	.insn	6, 0x010d040b021f
     526:	0000                	unimp
     528:	1500                	addi	s0,sp,672
     52a:	0001                	nop
     52c:	0100                	addi	s0,sp,128
     52e:	00ce                	slli	ra,ra,0x13
     530:	0000                	unimp
     532:	00011b03          	lh	s6,0(sp)
     536:	0200                	addi	s0,sp,256
     538:	0900                	addi	s0,sp,144
     53a:	4a02                	lw	s4,0(sp)
     53c:	0002                	c.slli	zero,0x0
     53e:	0080                	addi	s0,sp,64
     540:	0000                	unimp
     542:	1a00                	addi	s0,sp,304
     544:	0105                	addi	sp,sp,1
     546:	0009                	c.nop	2
     548:	1800                	addi	s0,sp,48
     54a:	0505                	addi	a0,a0,1
     54c:	0009                	c.nop	2
     54e:	1800                	addi	s0,sp,48
     550:	0505                	addi	a0,a0,1
     552:	0009                	c.nop	2
     554:	1800                	addi	s0,sp,48
     556:	0505                	addi	a0,a0,1
     558:	0009                	c.nop	2
     55a:	1800                	addi	s0,sp,48
     55c:	0505                	addi	a0,a0,1
     55e:	0009                	c.nop	2
     560:	1800                	addi	s0,sp,48
     562:	0505                	addi	a0,a0,1
     564:	0009                	c.nop	2
     566:	1900                	addi	s0,sp,176
     568:	0505                	addi	a0,a0,1
     56a:	0009                	c.nop	2
     56c:	0600                	addi	s0,sp,768
     56e:	0510                	addi	a2,sp,640
     570:	0901                	addi	s2,s2,0
     572:	0002                	c.slli	zero,0x0
     574:	051e                	slli	a0,a0,0x7
     576:	0905                	addi	s2,s2,1
     578:	000e                	c.slli	zero,0x3
     57a:	0510                	addi	a2,sp,640
     57c:	0901                	addi	s2,s2,0
     57e:	0004                	.insn	2, 0x0004
     580:	051e                	slli	a0,a0,0x7
     582:	0905                	addi	s2,s2,1
     584:	0006                	c.slli	zero,0x1
     586:	1806                	slli	a6,a6,0x21
     588:	0505                	addi	a0,a0,1
     58a:	0009                	c.nop	2
     58c:	0600                	addi	s0,sp,768
     58e:	0501                	addi	a0,a0,0
     590:	091a                	slli	s2,s2,0x6
     592:	0004                	.insn	2, 0x0004
     594:	0501                	addi	a0,a0,0
     596:	0905                	addi	s2,s2,1
     598:	0002                	c.slli	zero,0x0
     59a:	0518                	addi	a4,sp,640
     59c:	0901                	addi	s2,s2,0
     59e:	0004                	.insn	2, 0x0004
     5a0:	0516                	slli	a0,a0,0x5
     5a2:	0905                	addi	s2,s2,1
     5a4:	0004                	.insn	2, 0x0004
     5a6:	0518                	addi	a4,sp,640
     5a8:	0901                	addi	s2,s2,0
     5aa:	0000                	unimp
     5ac:	0516                	slli	a0,a0,0x5
     5ae:	0905                	addi	s2,s2,1
     5b0:	0002                	c.slli	zero,0x0
     5b2:	0518                	addi	a4,sp,640
     5b4:	0901                	addi	s2,s2,0
     5b6:	0002                	c.slli	zero,0x0
     5b8:	0516                	slli	a0,a0,0x5
     5ba:	0005                	c.nop	1
     5bc:	0209                	addi	tp,tp,2 # 2 <__boot_hart+0x2>
     5be:	027a                	slli	tp,tp,0x1e
     5c0:	8000                	.insn	2, 0x8000
     5c2:	0000                	unimp
     5c4:	0000                	unimp
     5c6:	0100                	addi	s0,sp,128
     5c8:	b101                	j	1c8 <__stack_align+0x1b8>
     5ca:	0000                	unimp
     5cc:	0500                	addi	s0,sp,640
     5ce:	0800                	addi	s0,sp,16
     5d0:	4900                	lw	s0,16(a0)
     5d2:	0000                	unimp
     5d4:	0100                	addi	s0,sp,128
     5d6:	0101                	addi	sp,sp,0
     5d8:	f2f6                	sd	t4,352(sp)
     5da:	000d                	c.nop	3
     5dc:	0101                	addi	sp,sp,0
     5de:	0101                	addi	sp,sp,0
     5e0:	0000                	unimp
     5e2:	0100                	addi	s0,sp,128
     5e4:	0000                	unimp
     5e6:	0101                	addi	sp,sp,0
     5e8:	1f01                	addi	t5,t5,-32
     5ea:	0005                	c.nop	1
     5ec:	0000                	unimp
     5ee:	9800                	.insn	2, 0x9800
     5f0:	0000                	unimp
     5f2:	4b00                	lw	s0,16(a4)
     5f4:	0001                	nop
     5f6:	6900                	ld	s0,16(a0)
     5f8:	0000                	unimp
     5fa:	3e00                	fld	fs0,56(a2)
     5fc:	0000                	unimp
     5fe:	0200                	addi	s0,sp,256
     600:	1f01                	addi	t5,t5,-32
     602:	0b02                	c.slli	s6,0x0
     604:	5905                	li	s2,-31
     606:	0001                	nop
     608:	0000                	unimp
     60a:	0160                	addi	s0,sp,140
     60c:	0000                	unimp
     60e:	a302                	fsd	ft0,384(sp)
     610:	0000                	unimp
     612:	0300                	addi	s0,sp,384
     614:	00b4                	addi	a3,sp,72
     616:	0000                	unimp
     618:	5204                	lw	s1,32(a2)
     61a:	0001                	nop
     61c:	0100                	addi	s0,sp,128
     61e:	0900                	addi	s0,sp,144
     620:	7a02                	ld	s4,32(sp)
     622:	0002                	c.slli	zero,0x0
     624:	0080                	addi	s0,sp,64
     626:	0000                	unimp
     628:	1b00                	addi	s0,sp,432
     62a:	0105                	addi	sp,sp,1
     62c:	0009                	c.nop	2
     62e:	1800                	addi	s0,sp,48
     630:	0505                	addi	a0,a0,1
     632:	0009                	c.nop	2
     634:	0600                	addi	s0,sp,768
     636:	0501                	addi	a0,a0,0
     638:	0914                	addi	a3,sp,144
     63a:	0008                	.insn	2, 0x0008
     63c:	0501                	addi	a0,a0,0
     63e:	090e                	slli	s2,s2,0x3
     640:	0004                	.insn	2, 0x0004
     642:	1806                	slli	a6,a6,0x21
     644:	0505                	addi	a0,a0,1
     646:	0009                	c.nop	2
     648:	1800                	addi	s0,sp,48
     64a:	0905                	addi	s2,s2,1
     64c:	0009                	c.nop	2
     64e:	0600                	addi	s0,sp,768
     650:	0501                	addi	a0,a0,0
     652:	0912                	slli	s2,s2,0x4
     654:	0008                	.insn	2, 0x0008
     656:	0200                	addi	s0,sp,256
     658:	0104                	addi	s1,sp,128
     65a:	1806                	slli	a6,a6,0x21
     65c:	0905                	addi	s2,s2,1
     65e:	0009                	c.nop	2
     660:	0600                	addi	s0,sp,768
     662:	0501                	addi	a0,a0,0
     664:	0910                	addi	a2,sp,144
     666:	0008                	.insn	2, 0x0008
     668:	0200                	addi	s0,sp,256
     66a:	0004                	.insn	2, 0x0004
     66c:	1506                	slli	a0,a0,0x21
     66e:	0505                	addi	a0,a0,1
     670:	0900                	addi	s0,sp,144
     672:	9802                	jalr	a6
     674:	0002                	c.slli	zero,0x0
     676:	0080                	addi	s0,sp,64
     678:	0000                	unimp
     67a:	0000                	unimp
     67c:	0101                	addi	sp,sp,0
     67e:	005c                	addi	a5,sp,4
     680:	0000                	unimp
     682:	0005                	c.nop	1
     684:	0008                	.insn	2, 0x0008
     686:	002e                	c.slli	zero,0xb
     688:	0000                	unimp
     68a:	0101                	addi	sp,sp,0
     68c:	fb01                	bnez	a4,59c <__stack_align+0x58c>
     68e:	0d0e                	slli	s10,s10,0x3
     690:	0100                	addi	s0,sp,128
     692:	0101                	addi	sp,sp,0
     694:	0001                	nop
     696:	0000                	unimp
     698:	0001                	nop
     69a:	0100                	addi	s0,sp,128
     69c:	0101                	addi	sp,sp,0
     69e:	021f 0000 0000      	.insn	6, 0x021f
     6a4:	0025                	c.nop	9
     6a6:	0000                	unimp
     6a8:	0102                	c.slli	sp,0x0
     6aa:	021f 020f 0167      	.insn	6, 0x0167020f021f
     6b0:	0000                	unimp
     6b2:	6701                	.insn	2, 0x6701
     6b4:	0001                	nop
     6b6:	0100                	addi	s0,sp,128
     6b8:	0900                	addi	s0,sp,144
     6ba:	f202                	sd	zero,288(sp)
     6bc:	0001                	nop
     6be:	0080                	addi	s0,sp,64
     6c0:	0000                	unimp
     6c2:	0300                	addi	s0,sp,384
     6c4:	0110                	addi	a2,sp,128
     6c6:	0a090103          	lb	sp,160(s2)
     6ca:	0100                	addi	s0,sp,128
     6cc:	16090603          	lb	a2,352(s2)
     6d0:	0100                	addi	s0,sp,128
     6d2:	0c090103          	lb	sp,192(s2)
     6d6:	0100                	addi	s0,sp,128
     6d8:	1609                	addi	a2,a2,-30 # dfe2 <__stack_size+0x5fe2>
     6da:	0000                	unimp
     6dc:	0101                	addi	sp,sp,0
     6de:	006c                	addi	a1,sp,12
     6e0:	0000                	unimp
     6e2:	0005                	c.nop	1
     6e4:	0008                	.insn	2, 0x0008
     6e6:	002e                	c.slli	zero,0xb
     6e8:	0000                	unimp
     6ea:	0101                	addi	sp,sp,0
     6ec:	f601                	bnez	a2,5f4 <__stack_align+0x5e4>
     6ee:	0df2                	slli	s11,s11,0x1c
     6f0:	0100                	addi	s0,sp,128
     6f2:	0101                	addi	sp,sp,0
     6f4:	0001                	nop
     6f6:	0000                	unimp
     6f8:	0001                	nop
     6fa:	0100                	addi	s0,sp,128
     6fc:	0101                	addi	sp,sp,0
     6fe:	021f 0000 0000      	.insn	6, 0x021f
     704:	0025                	c.nop	9
     706:	0000                	unimp
     708:	0102                	c.slli	sp,0x0
     70a:	021f 020b 0171      	.insn	6, 0x0171020b021f
     710:	0000                	unimp
     712:	7900                	ld	s0,48(a0)
     714:	0001                	nop
     716:	0100                	addi	s0,sp,128
     718:	0900                	addi	s0,sp,144
     71a:	9802                	jalr	a6
     71c:	0002                	c.slli	zero,0x0
     71e:	0080                	addi	s0,sp,64
     720:	0000                	unimp
     722:	1e00                	addi	s0,sp,816
     724:	0105                	addi	sp,sp,1
     726:	0009                	c.nop	2
     728:	1800                	addi	s0,sp,48
     72a:	0505                	addi	a0,a0,1
     72c:	0009                	c.nop	2
     72e:	0000                	unimp
     730:	0402                	c.slli	s0,0x0
     732:	1801                	addi	a6,a6,-32 # 18fe0 <__stack_size+0x10fe0>
     734:	0905                	addi	s2,s2,1
     736:	0409                	addi	s0,s0,2
     738:	0000                	unimp
     73a:	0402                	c.slli	s0,0x0
     73c:	1600                	addi	s0,sp,800
     73e:	0505                	addi	a0,a0,1
     740:	0900                	addi	s0,sp,144
     742:	9e02                	jalr	t3
     744:	0002                	c.slli	zero,0x0
     746:	0080                	addi	s0,sp,64
     748:	0000                	unimp
     74a:	0000                	unimp
     74c:	0101                	addi	sp,sp,0
     74e:	0206                	slli	tp,tp,0x1
     750:	0000                	unimp
     752:	0005                	c.nop	1
     754:	0008                	.insn	2, 0x0008
     756:	00000053          	fadd.s	ft0,ft0,ft0,rne
     75a:	0101                	addi	sp,sp,0
     75c:	f601                	bnez	a2,664 <__stack_align+0x654>
     75e:	0df2                	slli	s11,s11,0x1c
     760:	0100                	addi	s0,sp,128
     762:	0101                	addi	sp,sp,0
     764:	0001                	nop
     766:	0000                	unimp
     768:	0001                	nop
     76a:	0100                	addi	s0,sp,128
     76c:	0101                	addi	sp,sp,0
     76e:	051f 0000 0000      	.insn	6, 0x051f
     774:	0098                	addi	a4,sp,64
     776:	0000                	unimp
     778:	0025                	c.nop	9
     77a:	0000                	unimp
     77c:	0069                	c.nop	26
     77e:	0000                	unimp
     780:	003e                	c.slli	zero,0xf
     782:	0000                	unimp
     784:	0102                	c.slli	sp,0x0
     786:	021f 070b 0180      	.insn	6, 0x0180070b021f
     78c:	0000                	unimp
     78e:	8800                	.insn	2, 0x8800
     790:	0001                	nop
     792:	0200                	addi	s0,sp,256
     794:	0198                	addi	a4,sp,192
     796:	0000                	unimp
     798:	8f01                	sub	a4,a4,s0
     79a:	0001                	nop
     79c:	0100                	addi	s0,sp,128
     79e:	000000a3          	sb	zero,1(zero) # 1 <__boot_hart+0x1>
     7a2:	0000b403          	ld	s0,0(ra)
     7a6:	0400                	addi	s0,sp,512
     7a8:	0152                	slli	sp,sp,0x14
     7aa:	0000                	unimp
     7ac:	0001                	nop
     7ae:	0209                	addi	tp,tp,2 # 2 <__boot_hart+0x2>
     7b0:	029e                	slli	t0,t0,0x7
     7b2:	8000                	.insn	2, 0x8000
     7b4:	0000                	unimp
     7b6:	0000                	unimp
     7b8:	09010523          	sb	a6,138(sp)
     7bc:	0000                	unimp
     7be:	0518                	addi	a4,sp,640
     7c0:	0905                	addi	s2,s2,1
     7c2:	0000                	unimp
     7c4:	0518                	addi	a4,sp,640
     7c6:	0905                	addi	s2,s2,1
     7c8:	0000                	unimp
     7ca:	0519                	addi	a0,a0,6
     7cc:	0905                	addi	s2,s2,1
     7ce:	0000                	unimp
     7d0:	1306                	slli	t1,t1,0x21
     7d2:	0105                	addi	sp,sp,1
     7d4:	0209                	addi	tp,tp,2 # 2 <__boot_hart+0x2>
     7d6:	1b00                	addi	s0,sp,432
     7d8:	0c05                	addi	s8,s8,1 # fffffffffffe0001 <__stack_start+0xffffffff7ffbd001>
     7da:	0209                	addi	tp,tp,2 # 2 <__boot_hart+0x2>
     7dc:	0600                	addi	s0,sp,768
     7de:	0518                	addi	a4,sp,640
     7e0:	0905                	addi	s2,s2,1
     7e2:	0000                	unimp
     7e4:	0106                	slli	sp,sp,0x1
     7e6:	0c05                	addi	s8,s8,1
     7e8:	0209                	addi	tp,tp,2 # 2 <__boot_hart+0x2>
     7ea:	0600                	addi	s0,sp,768
     7ec:	0518                	addi	a4,sp,640
     7ee:	0905                	addi	s2,s2,1
     7f0:	0000                	unimp
     7f2:	1a06                	slli	s4,s4,0x21
     7f4:	0805                	addi	a6,a6,1
     7f6:	0209                	addi	tp,tp,2 # 2 <__boot_hart+0x2>
     7f8:	1400                	addi	s0,sp,544
     7fa:	0c05                	addi	s8,s8,1
     7fc:	0209                	addi	tp,tp,2 # 2 <__boot_hart+0x2>
     7fe:	0600                	addi	s0,sp,768
     800:	0518                	addi	a4,sp,640
     802:	0905                	addi	s2,s2,1
     804:	0000                	unimp
     806:	1906                	slli	s2,s2,0x21
     808:	0805                	addi	a6,a6,1
     80a:	0409                	addi	s0,s0,2
     80c:	1500                	addi	s0,sp,672
     80e:	0c05                	addi	s8,s8,1
     810:	0209                	addi	tp,tp,2 # 2 <__boot_hart+0x2>
     812:	0600                	addi	s0,sp,768
     814:	0519                	addi	a0,a0,6
     816:	0905                	addi	s2,s2,1
     818:	0004                	.insn	2, 0x0004
     81a:	0106                	slli	sp,sp,0x1
     81c:	0805                	addi	a6,a6,1
     81e:	0409                	addi	s0,s0,2
     820:	0600                	addi	s0,sp,768
     822:	0518                	addi	a4,sp,640
     824:	0905                	addi	s2,s2,1
     826:	0000                	unimp
     828:	0204                	addi	s1,sp,256
     82a:	05017503          	.insn	4, 0x05017503
     82e:	0914                	addi	a3,sp,144
     830:	0000                	unimp
     832:	0200                	addi	s0,sp,256
     834:	0204                	addi	s1,sp,256
     836:	0910051b          	addiw	a0,zero,145
     83a:	0000                	unimp
     83c:	0304                	addi	s1,sp,384
     83e:	0200                	addi	s0,sp,256
     840:	0004                	.insn	2, 0x0004
     842:	0524                	addi	s1,sp,648
     844:	0914                	addi	a3,sp,144
     846:	0000                	unimp
     848:	051a                	slli	a0,a0,0x6
     84a:	0905                	addi	s2,s2,1
     84c:	0000                	unimp
     84e:	0106                	slli	sp,sp,0x1
     850:	0c05                	addi	s8,s8,1
     852:	0409                	addi	s0,s0,2
     854:	0100                	addi	s0,sp,128
     856:	0c05                	addi	s8,s8,1
     858:	0009                	c.nop	2
     85a:	0400                	addi	s0,sp,512
     85c:	0002                	c.slli	zero,0x0
     85e:	0402                	c.slli	s0,0x0
     860:	0302                	c.slli	t1,0x0
     862:	0170                	addi	a2,sp,140
     864:	1005                	c.nop	-31
     866:	0209                	addi	tp,tp,2 # 2 <__boot_hart+0x2>
     868:	0000                	unimp
     86a:	0402                	c.slli	s0,0x0
     86c:	0600                	addi	s0,sp,768
     86e:	0519                	addi	a0,a0,6
     870:	090e                	slli	s2,s2,0x3
     872:	0000                	unimp
     874:	0304                	addi	s1,sp,384
     876:	052d                	addi	a0,a0,11
     878:	0914                	addi	a3,sp,144
     87a:	0000                	unimp
     87c:	0519                	addi	a0,a0,6
     87e:	0905                	addi	s2,s2,1
     880:	0000                	unimp
     882:	0519                	addi	a0,a0,6
     884:	0905                	addi	s2,s2,1
     886:	0004                	.insn	2, 0x0004
     888:	0524                	addi	s1,sp,648
     88a:	0905                	addi	s2,s2,1
     88c:	0000                	unimp
     88e:	0106                	slli	sp,sp,0x1
     890:	0505                	addi	a0,a0,1
     892:	0009                	c.nop	2
     894:	0400                	addi	s0,sp,512
     896:	0002                	c.slli	zero,0x0
     898:	0402                	c.slli	s0,0x0
     89a:	0301                	addi	t1,t1,0 # d000 <__stack_size+0x5000>
     89c:	0159                	addi	sp,sp,22
     89e:	0e05                	addi	t3,t3,1 # 19001 <__stack_size+0x11001>
     8a0:	0209                	addi	tp,tp,2 # 2 <__boot_hart+0x2>
     8a2:	0100                	addi	s0,sp,128
     8a4:	0e05                	addi	t3,t3,1
     8a6:	0009                	c.nop	2
     8a8:	0400                	addi	s0,sp,512
     8aa:	0001                	nop
     8ac:	0402                	c.slli	s0,0x0
     8ae:	0600                	addi	s0,sp,768
     8b0:	051d                	addi	a0,a0,7
     8b2:	0905                	addi	s2,s2,1
     8b4:	0000                	unimp
     8b6:	0304                	addi	s1,sp,384
     8b8:	0515                	addi	a0,a0,5
     8ba:	0914                	addi	a3,sp,144
     8bc:	0000                	unimp
     8be:	0501                	addi	a0,a0,0
     8c0:	0920                	addi	s0,sp,152
     8c2:	0004                	.insn	2, 0x0004
     8c4:	0104                	addi	s1,sp,128
     8c6:	051a                	slli	a0,a0,0x6
     8c8:	0905                	addi	s2,s2,1
     8ca:	0000                	unimp
     8cc:	0106                	slli	sp,sp,0x1
     8ce:	0c05                	addi	s8,s8,1
     8d0:	0a09                	addi	s4,s4,2
     8d2:	0600                	addi	s0,sp,768
     8d4:	0518                	addi	a4,sp,640
     8d6:	0905                	addi	s2,s2,1
     8d8:	0000                	unimp
     8da:	0200                	addi	s0,sp,256
     8dc:	0104                	addi	s1,sp,128
     8de:	0501                	addi	a0,a0,0
     8e0:	0915                	addi	s2,s2,5
     8e2:	0004                	.insn	2, 0x0004
     8e4:	0200                	addi	s0,sp,256
     8e6:	0004                	.insn	2, 0x0004
     8e8:	0518                	addi	a4,sp,640
     8ea:	0905                	addi	s2,s2,1
     8ec:	0000                	unimp
     8ee:	0106                	slli	sp,sp,0x1
     8f0:	0e05                	addi	t3,t3,1
     8f2:	0809                	addi	a6,a6,2
     8f4:	0600                	addi	s0,sp,768
     8f6:	0518                	addi	a4,sp,640
     8f8:	0905                	addi	s2,s2,1
     8fa:	0000                	unimp
     8fc:	0204                	addi	s1,sp,256
     8fe:	0510                	addi	a2,sp,640
     900:	0914                	addi	a3,sp,144
     902:	0000                	unimp
     904:	0519                	addi	a0,a0,6
     906:	0905                	addi	s2,s2,1
     908:	0000                	unimp
     90a:	0304                	addi	s1,sp,384
     90c:	053c                	addi	a5,sp,648
     90e:	0914                	addi	a3,sp,144
     910:	0000                	unimp
     912:	051a                	slli	a0,a0,0x6
     914:	0905                	addi	s2,s2,1
     916:	0004                	.insn	2, 0x0004
     918:	0106                	slli	sp,sp,0x1
     91a:	0505                	addi	a0,a0,1
     91c:	0009                	c.nop	2
     91e:	0400                	addi	s0,sp,512
     920:	0601                	addi	a2,a2,0
     922:	05015f03          	lhu	t5,80(sp)
     926:	0905                	addi	s2,s2,1
     928:	0000                	unimp
     92a:	0304                	addi	s1,sp,384
     92c:	050e                	slli	a0,a0,0x3
     92e:	0914                	addi	a3,sp,144
     930:	0000                	unimp
     932:	0501                	addi	a0,a0,0
     934:	0920                	addi	s0,sp,152
     936:	0004                	.insn	2, 0x0004
     938:	0104                	addi	s1,sp,128
     93a:	0521                	addi	a0,a0,8
     93c:	0905                	addi	s2,s2,1
     93e:	0000                	unimp
     940:	0106                	slli	sp,sp,0x1
     942:	0f05                	addi	t5,t5,1
     944:	0209                	addi	tp,tp,2 # 2 <__boot_hart+0x2>
     946:	1800                	addi	s0,sp,48
     948:	0105                	addi	sp,sp,1
     94a:	0900                	addi	s0,sp,144
     94c:	ea02                	sd	zero,272(sp)
     94e:	0002                	c.slli	zero,0x0
     950:	0080                	addi	s0,sp,64
     952:	0000                	unimp
     954:	0000                	unimp
     956:	0101                	addi	sp,sp,0
     958:	0bb4                	addi	a3,sp,472
     95a:	0000                	unimp
     95c:	0005                	c.nop	1
     95e:	0008                	.insn	2, 0x0008
     960:	005d                	c.nop	23
     962:	0000                	unimp
     964:	0101                	addi	sp,sp,0
     966:	fb01                	bnez	a4,876 <__stack_align+0x866>
     968:	0d0e                	slli	s10,s10,0x3
     96a:	0100                	addi	s0,sp,128
     96c:	0101                	addi	sp,sp,0
     96e:	0001                	nop
     970:	0000                	unimp
     972:	0001                	nop
     974:	0100                	addi	s0,sp,128
     976:	0101                	addi	sp,sp,0
     978:	051f 01ac 0000      	.insn	6, 0x01ac051f
     97e:	01d1                	addi	gp,gp,20 # 80002864 <__global_pointer$+0x14>
     980:	0000                	unimp
     982:	01ff 0000 0069 0000 	.insn	10, 0x003e00000069000001ff
     98a:	003e 
     98c:	0000                	unimp
     98e:	0102                	c.slli	sp,0x0
     990:	021f 090f 01a3      	.insn	6, 0x01a3090f021f
     996:	0000                	unimp
     998:	3400                	fld	fs0,40(s0)
     99a:	0002                	c.slli	zero,0x0
     99c:	0100                	addi	s0,sp,128
     99e:	0000023b          	addw	tp,zero,zero
     9a2:	4a02                	lw	s4,0(sp)
     9a4:	0002                	c.slli	zero,0x0
     9a6:	0200                	addi	s0,sp,256
     9a8:	0258                	addi	a4,sp,260
     9aa:	0000                	unimp
     9ac:	a302                	fsd	ft0,384(sp)
     9ae:	0001                	nop
     9b0:	0000                	unimp
     9b2:	000000a3          	sb	zero,1(zero) # 1 <__boot_hart+0x1>
     9b6:	0000b403          	ld	s0,0(ra)
     9ba:	0400                	addi	s0,sp,512
     9bc:	0265                	addi	tp,tp,25 # 19 <__stack_align+0x9>
     9be:	0000                	unimp
     9c0:	0500                	addi	s0,sp,640
     9c2:	0001                	nop
     9c4:	0209                	addi	tp,tp,2 # 2 <__boot_hart+0x2>
     9c6:	02ea                	slli	t0,t0,0x1a
     9c8:	8000                	.insn	2, 0x8000
     9ca:	0000                	unimp
     9cc:	0000                	unimp
     9ce:	05011e03          	lh	t3,80(sp)
     9d2:	0315                	addi	t1,t1,5
     9d4:	0901                	addi	s2,s2,0
     9d6:	0012                	c.slli	zero,0x4
     9d8:	0501                	addi	a0,a0,0
     9da:	09010307          	.insn	4, 0x09010307
     9de:	0008                	.insn	2, 0x0008
     9e0:	0501                	addi	a0,a0,0
     9e2:	0301                	addi	t1,t1,0
     9e4:	0901                	addi	s2,s2,0
     9e6:	000a                	c.slli	zero,0x2
     9e8:	0301                	addi	t1,t1,0
     9ea:	000a0903          	lb	s2,0(s4)
     9ee:	0501                	addi	a0,a0,0
     9f0:	0315                	addi	t1,t1,5
     9f2:	0901                	addi	s2,s2,0
     9f4:	000c                	.insn	2, 0x000c
     9f6:	0501                	addi	a0,a0,0
     9f8:	0309                	addi	t1,t1,2
     9fa:	0901                	addi	s2,s2,0
     9fc:	0008                	.insn	2, 0x0008
     9fe:	0501                	addi	a0,a0,0
     a00:	0301                	addi	t1,t1,0
     a02:	0901                	addi	s2,s2,0
     a04:	0008                	.insn	2, 0x0008
     a06:	0401                	addi	s0,s0,0
     a08:	0502                	c.slli	a0,0x0
     a0a:	0321                	addi	t1,t1,8
     a0c:	0974                	addi	a3,sp,156
     a0e:	000a                	c.slli	zero,0x2
     a10:	0501                	addi	a0,a0,0
     a12:	09010303          	lb	t1,144(sp)
     a16:	0008                	.insn	2, 0x0008
     a18:	0301                	addi	t1,t1,0
     a1a:	0901                	addi	s2,s2,0
     a1c:	000a                	c.slli	zero,0x2
     a1e:	0501                	addi	a0,a0,0
     a20:	0301                	addi	t1,t1,0
     a22:	0901                	addi	s2,s2,0
     a24:	000a                	c.slli	zero,0x2
     a26:	0501                	addi	a0,a0,0
     a28:	034e                	slli	t1,t1,0x13
     a2a:	0902                	c.slli	s2,0x0
     a2c:	000a                	c.slli	zero,0x2
     a2e:	0501                	addi	a0,a0,0
     a30:	0305                	addi	t1,t1,1
     a32:	0901                	addi	s2,s2,0
     a34:	0016                	c.slli	zero,0x5
     a36:	0301                	addi	t1,t1,0
     a38:	0901                	addi	s2,s2,0
     a3a:	0012                	c.slli	zero,0x4
     a3c:	0301                	addi	t1,t1,0
     a3e:	0901                	addi	s2,s2,0
     a40:	0012                	c.slli	zero,0x4
     a42:	0301                	addi	t1,t1,0
     a44:	0901                	addi	s2,s2,0
     a46:	000a                	c.slli	zero,0x2
     a48:	0501                	addi	a0,a0,0
     a4a:	0301                	addi	t1,t1,0
     a4c:	0901                	addi	s2,s2,0
     a4e:	000a                	c.slli	zero,0x2
     a50:	0501                	addi	a0,a0,0
     a52:	0344                	addi	s1,sp,388
     a54:	0902                	c.slli	s2,0x0
     a56:	000a                	c.slli	zero,0x2
     a58:	0501                	addi	a0,a0,0
     a5a:	0305                	addi	t1,t1,1
     a5c:	0901                	addi	s2,s2,0
     a5e:	000e                	c.slli	zero,0x3
     a60:	0301                	addi	t1,t1,0
     a62:	0901                	addi	s2,s2,0
     a64:	0012                	c.slli	zero,0x4
     a66:	0301                	addi	t1,t1,0
     a68:	0902                	c.slli	s2,0x0
     a6a:	000e                	c.slli	zero,0x3
     a6c:	0501                	addi	a0,a0,0
     a6e:	0319                	addi	t1,t1,6
     a70:	0901                	addi	s2,s2,0
     a72:	000a                	c.slli	zero,0x2
     a74:	0501                	addi	a0,a0,0
     a76:	0305                	addi	t1,t1,1
     a78:	0901                	addi	s2,s2,0
     a7a:	0012                	c.slli	zero,0x4
     a7c:	0501                	addi	a0,a0,0
     a7e:	030c                	addi	a1,sp,384
     a80:	0901                	addi	s2,s2,0
     a82:	000a                	c.slli	zero,0x2
     a84:	0501                	addi	a0,a0,0
     a86:	0301                	addi	t1,t1,0
     a88:	0901                	addi	s2,s2,0
     a8a:	0004                	.insn	2, 0x0004
     a8c:	0301                	addi	t1,t1,0
     a8e:	0909                	addi	s2,s2,2
     a90:	000a                	c.slli	zero,0x2
     a92:	0501                	addi	a0,a0,0
     a94:	030e                	slli	t1,t1,0x3
     a96:	0901                	addi	s2,s2,0
     a98:	0026                	c.slli	zero,0x9
     a9a:	0501                	addi	a0,a0,0
     a9c:	0305                	addi	t1,t1,1
     a9e:	0900                	addi	s0,sp,144
     aa0:	0004                	.insn	2, 0x0004
     aa2:	0501                	addi	a0,a0,0
     aa4:	0336                	slli	t1,t1,0xd
     aa6:	0901                	addi	s2,s2,0
     aa8:	0002                	c.slli	zero,0x0
     aaa:	0501                	addi	a0,a0,0
     aac:	0309                	addi	t1,t1,2
     aae:	0900                	addi	s0,sp,144
     ab0:	0008                	.insn	2, 0x0008
     ab2:	0501                	addi	a0,a0,0
     ab4:	033e                	slli	t1,t1,0xf
     ab6:	0900                	addi	s0,sp,144
     ab8:	0002                	c.slli	zero,0x0
     aba:	0501                	addi	a0,a0,0
     abc:	0309                	addi	t1,t1,2
     abe:	0900                	addi	s0,sp,144
     ac0:	000c                	.insn	2, 0x000c
     ac2:	0501                	addi	a0,a0,0
     ac4:	001c                	.insn	2, 0x001c
     ac6:	0402                	c.slli	s0,0x0
     ac8:	097f0303          	lb	t1,151(t5)
     acc:	000a                	c.slli	zero,0x2
     ace:	0501                	addi	a0,a0,0
     ad0:	04020017          	auipc	zero,0x4020
     ad4:	0301                	addi	t1,t1,0
     ad6:	0900                	addi	s0,sp,144
     ad8:	000a                	c.slli	zero,0x2
     ada:	0501                	addi	a0,a0,0
     adc:	030e                	slli	t1,t1,0x3
     ade:	000e0903          	lb	s2,0(t3)
     ae2:	0501                	addi	a0,a0,0
     ae4:	0305                	addi	t1,t1,1
     ae6:	0900                	addi	s0,sp,144
     ae8:	0004                	.insn	2, 0x0004
     aea:	0501                	addi	a0,a0,0
     aec:	033a                	slli	t1,t1,0xe
     aee:	0901                	addi	s2,s2,0
     af0:	0002                	c.slli	zero,0x0
     af2:	0501                	addi	a0,a0,0
     af4:	0309                	addi	t1,t1,2
     af6:	0900                	addi	s0,sp,144
     af8:	000a                	c.slli	zero,0x2
     afa:	0501                	addi	a0,a0,0
     afc:	0346                	slli	t1,t1,0x11
     afe:	0900                	addi	s0,sp,144
     b00:	0002                	c.slli	zero,0x0
     b02:	0501                	addi	a0,a0,0
     b04:	0309                	addi	t1,t1,2
     b06:	0900                	addi	s0,sp,144
     b08:	000c                	.insn	2, 0x000c
     b0a:	0501                	addi	a0,a0,0
     b0c:	001d                	c.nop	7
     b0e:	0402                	c.slli	s0,0x0
     b10:	097f0303          	lb	t1,151(t5)
     b14:	000a                	c.slli	zero,0x2
     b16:	0501                	addi	a0,a0,0
     b18:	04020017          	auipc	zero,0x4020
     b1c:	0301                	addi	t1,t1,0
     b1e:	0900                	addi	s0,sp,144
     b20:	000a                	c.slli	zero,0x2
     b22:	0501                	addi	a0,a0,0
     b24:	0305                	addi	t1,t1,1
     b26:	000e0903          	lb	s2,0(t3)
     b2a:	0501                	addi	a0,a0,0
     b2c:	0330                	addi	a2,sp,392
     b2e:	0901                	addi	s2,s2,0
     b30:	0010                	.insn	2, 0x0010
     b32:	0501                	addi	a0,a0,0
     b34:	0305                	addi	t1,t1,1
     b36:	0900                	addi	s0,sp,144
     b38:	0006                	c.slli	zero,0x1
     b3a:	0301                	addi	t1,t1,0
     b3c:	0902                	c.slli	s2,0x0
     b3e:	000c                	.insn	2, 0x000c
     b40:	0301                	addi	t1,t1,0
     b42:	0901                	addi	s2,s2,0
     b44:	000c                	.insn	2, 0x000c
     b46:	0301                	addi	t1,t1,0
     b48:	0901                	addi	s2,s2,0
     b4a:	000c                	.insn	2, 0x000c
     b4c:	0501                	addi	a0,a0,0
     b4e:	030a                	slli	t1,t1,0x2
     b50:	0902                	c.slli	s2,0x0
     b52:	0008                	.insn	2, 0x0008
     b54:	0501                	addi	a0,a0,0
     b56:	0402000b          	.insn	4, 0x0402000b
     b5a:	0302                	c.slli	t1,0x0
     b5c:	0900                	addi	s0,sp,144
     b5e:	0002                	c.slli	zero,0x0
     b60:	0501                	addi	a0,a0,0
     b62:	0038                	addi	a4,sp,8
     b64:	0402                	c.slli	s0,0x0
     b66:	0302                	c.slli	t1,0x0
     b68:	0900                	addi	s0,sp,144
     b6a:	0008                	.insn	2, 0x0008
     b6c:	0501                	addi	a0,a0,0
     b6e:	030e                	slli	t1,t1,0x3
     b70:	0902                	c.slli	s2,0x0
     b72:	0002                	c.slli	zero,0x0
     b74:	0501                	addi	a0,a0,0
     b76:	0305                	addi	t1,t1,1
     b78:	0900                	addi	s0,sp,144
     b7a:	0004                	.insn	2, 0x0004
     b7c:	0501                	addi	a0,a0,0
     b7e:	034a                	slli	t1,t1,0x12
     b80:	0901                	addi	s2,s2,0
     b82:	0002                	c.slli	zero,0x0
     b84:	0501                	addi	a0,a0,0
     b86:	09000317          	auipc	t1,0x9000
     b8a:	000a                	c.slli	zero,0x2
     b8c:	0501                	addi	a0,a0,0
     b8e:	0311                	addi	t1,t1,4 # 9000b8a <__heap_size+0x8fe0b8a>
     b90:	0900                	addi	s0,sp,144
     b92:	0002                	c.slli	zero,0x0
     b94:	0501                	addi	a0,a0,0
     b96:	09000317          	auipc	t1,0x9000
     b9a:	000e                	c.slli	zero,0x3
     b9c:	0501                	addi	a0,a0,0
     b9e:	0015                	c.nop	5
     ba0:	0402                	c.slli	s0,0x0
     ba2:	0301                	addi	t1,t1,0 # 9000b96 <__heap_size+0x8fe0b96>
     ba4:	0900                	addi	s0,sp,144
     ba6:	0008                	.insn	2, 0x0008
     ba8:	0501                	addi	a0,a0,0
     baa:	001d                	c.nop	7
     bac:	0402                	c.slli	s0,0x0
     bae:	097f0303          	lb	t1,151(t5)
     bb2:	0002                	c.slli	zero,0x0
     bb4:	0501                	addi	a0,a0,0
     bb6:	04020017          	auipc	zero,0x4020
     bba:	0301                	addi	t1,t1,0
     bbc:	0900                	addi	s0,sp,144
     bbe:	000a                	c.slli	zero,0x2
     bc0:	0501                	addi	a0,a0,0
     bc2:	0301                	addi	t1,t1,0
     bc4:	0902                	c.slli	s2,0x0
     bc6:	000e                	c.slli	zero,0x3
     bc8:	0501                	addi	a0,a0,0
     bca:	033e                	slli	t1,t1,0xf
     bcc:	0902                	c.slli	s2,0x0
     bce:	000e                	c.slli	zero,0x3
     bd0:	0501                	addi	a0,a0,0
     bd2:	0305                	addi	t1,t1,1
     bd4:	0901                	addi	s2,s2,0
     bd6:	000e                	c.slli	zero,0x3
     bd8:	0501                	addi	a0,a0,0
     bda:	030a                	slli	t1,t1,0x2
     bdc:	0902                	c.slli	s2,0x0
     bde:	0008                	.insn	2, 0x0008
     be0:	0501                	addi	a0,a0,0
     be2:	0402000b          	.insn	4, 0x0402000b
     be6:	0302                	c.slli	t1,0x0
     be8:	0900                	addi	s0,sp,144
     bea:	0002                	c.slli	zero,0x0
     bec:	0501                	addi	a0,a0,0
     bee:	0038                	addi	a4,sp,8
     bf0:	0402                	c.slli	s0,0x0
     bf2:	0302                	c.slli	t1,0x0
     bf4:	0900                	addi	s0,sp,144
     bf6:	0008                	.insn	2, 0x0008
     bf8:	0501                	addi	a0,a0,0
     bfa:	030e                	slli	t1,t1,0x3
     bfc:	0902                	c.slli	s2,0x0
     bfe:	0002                	c.slli	zero,0x0
     c00:	0501                	addi	a0,a0,0
     c02:	0305                	addi	t1,t1,1
     c04:	0900                	addi	s0,sp,144
     c06:	0004                	.insn	2, 0x0004
     c08:	0501                	addi	a0,a0,0
     c0a:	034a                	slli	t1,t1,0x12
     c0c:	0901                	addi	s2,s2,0
     c0e:	0002                	c.slli	zero,0x0
     c10:	0501                	addi	a0,a0,0
     c12:	09000317          	auipc	t1,0x9000
     c16:	000a                	c.slli	zero,0x2
     c18:	0501                	addi	a0,a0,0
     c1a:	0311                	addi	t1,t1,4 # 9000c16 <__heap_size+0x8fe0c16>
     c1c:	0900                	addi	s0,sp,144
     c1e:	0002                	c.slli	zero,0x0
     c20:	0501                	addi	a0,a0,0
     c22:	09000317          	auipc	t1,0x9000
     c26:	000e                	c.slli	zero,0x3
     c28:	0501                	addi	a0,a0,0
     c2a:	0015                	c.nop	5
     c2c:	0402                	c.slli	s0,0x0
     c2e:	0301                	addi	t1,t1,0 # 9000c22 <__heap_size+0x8fe0c22>
     c30:	0900                	addi	s0,sp,144
     c32:	0008                	.insn	2, 0x0008
     c34:	0501                	addi	a0,a0,0
     c36:	001d                	c.nop	7
     c38:	0402                	c.slli	s0,0x0
     c3a:	097f0303          	lb	t1,151(t5)
     c3e:	0002                	c.slli	zero,0x0
     c40:	0501                	addi	a0,a0,0
     c42:	04020017          	auipc	zero,0x4020
     c46:	0301                	addi	t1,t1,0
     c48:	0900                	addi	s0,sp,144
     c4a:	000a                	c.slli	zero,0x2
     c4c:	0501                	addi	a0,a0,0
     c4e:	0301                	addi	t1,t1,0
     c50:	0902                	c.slli	s2,0x0
     c52:	000e                	c.slli	zero,0x3
     c54:	0501                	addi	a0,a0,0
     c56:	0321                	addi	t1,t1,8
     c58:	0902                	c.slli	s2,0x0
     c5a:	000e                	c.slli	zero,0x3
     c5c:	0501                	addi	a0,a0,0
     c5e:	0310                	addi	a2,sp,384
     c60:	0901                	addi	s2,s2,0
     c62:	0008                	.insn	2, 0x0008
     c64:	0501                	addi	a0,a0,0
     c66:	0901030f          	.insn	4, 0x0901030f
     c6a:	0020                	addi	s0,sp,8
     c6c:	0301                	addi	t1,t1,0
     c6e:	0901                	addi	s2,s2,0
     c70:	0008                	.insn	2, 0x0008
     c72:	0301                	addi	t1,t1,0
     c74:	0906                	slli	s2,s2,0x1
     c76:	0040                	addi	s0,sp,4
     c78:	0301                	addi	t1,t1,0
     c7a:	0906                	slli	s2,s2,0x1
     c7c:	0040                	addi	s0,sp,4
     c7e:	0501                	addi	a0,a0,0
     c80:	09080303          	lb	t1,144(a6)
     c84:	003c                	addi	a5,sp,8
     c86:	0301                	addi	t1,t1,0
     c88:	0902                	c.slli	s2,0x0
     c8a:	0018                	.insn	2, 0x0018
     c8c:	0301                	addi	t1,t1,0
     c8e:	0909                	addi	s2,s2,2
     c90:	000c                	.insn	2, 0x000c
     c92:	0501                	addi	a0,a0,0
     c94:	0901030b          	.insn	4, 0x0901030b
     c98:	000c                	.insn	2, 0x000c
     c9a:	0501                	addi	a0,a0,0
     c9c:	09000303          	lb	t1,144(zero) # 90 <__stack_align+0x80>
     ca0:	0004                	.insn	2, 0x0004
     ca2:	0501                	addi	a0,a0,0
     ca4:	09010307          	.insn	4, 0x09010307
     ca8:	0002                	c.slli	zero,0x0
     caa:	0501                	addi	a0,a0,0
     cac:	0402001b          	addiw	zero,tp,64 # 40 <__stack_align+0x30>
     cb0:	097f0303          	lb	t1,151(t5)
     cb4:	001c                	.insn	2, 0x001c
     cb6:	0501                	addi	a0,a0,0
     cb8:	0014                	.insn	2, 0x0014
     cba:	0402                	c.slli	s0,0x0
     cbc:	0301                	addi	t1,t1,0
     cbe:	0900                	addi	s0,sp,144
     cc0:	000a                	c.slli	zero,0x2
     cc2:	0501                	addi	a0,a0,0
     cc4:	0302                	c.slli	t1,0x0
     cc6:	000e0903          	lb	s2,0(t3)
     cca:	0501                	addi	a0,a0,0
     ccc:	030a                	slli	t1,t1,0x2
     cce:	0901                	addi	s2,s2,0
     cd0:	000c                	.insn	2, 0x000c
     cd2:	0501                	addi	a0,a0,0
     cd4:	0302                	c.slli	t1,0x0
     cd6:	0900                	addi	s0,sp,144
     cd8:	0004                	.insn	2, 0x0004
     cda:	0501                	addi	a0,a0,0
     cdc:	0306                	slli	t1,t1,0x1
     cde:	0901                	addi	s2,s2,0
     ce0:	0002                	c.slli	zero,0x0
     ce2:	0501                	addi	a0,a0,0
     ce4:	001a                	c.slli	zero,0x6
     ce6:	0402                	c.slli	s0,0x0
     ce8:	097f0303          	lb	t1,151(t5)
     cec:	001c                	.insn	2, 0x001c
     cee:	0501                	addi	a0,a0,0
     cf0:	04020013          	addi	zero,tp,64 # 40 <__stack_align+0x30>
     cf4:	0301                	addi	t1,t1,0
     cf6:	0900                	addi	s0,sp,144
     cf8:	000a                	c.slli	zero,0x2
     cfa:	0501                	addi	a0,a0,0
     cfc:	09030303          	lb	t1,144(t1)
     d00:	000e                	c.slli	zero,0x3
     d02:	0501                	addi	a0,a0,0
     d04:	0311                	addi	t1,t1,4
     d06:	000c0903          	lb	s2,0(s8)
     d0a:	0301                	addi	t1,t1,0
     d0c:	0901                	addi	s2,s2,0
     d0e:	0004                	.insn	2, 0x0004
     d10:	0301                	addi	t1,t1,0
     d12:	0901                	addi	s2,s2,0
     d14:	0004                	.insn	2, 0x0004
     d16:	0301                	addi	t1,t1,0
     d18:	0901                	addi	s2,s2,0
     d1a:	0004                	.insn	2, 0x0004
     d1c:	0301                	addi	t1,t1,0
     d1e:	0901                	addi	s2,s2,0
     d20:	0004                	.insn	2, 0x0004
     d22:	0301                	addi	t1,t1,0
     d24:	0901                	addi	s2,s2,0
     d26:	0004                	.insn	2, 0x0004
     d28:	0301                	addi	t1,t1,0
     d2a:	0901                	addi	s2,s2,0
     d2c:	0004                	.insn	2, 0x0004
     d2e:	0301                	addi	t1,t1,0
     d30:	0901                	addi	s2,s2,0
     d32:	0004                	.insn	2, 0x0004
     d34:	0501                	addi	a0,a0,0
     d36:	0310                	addi	a2,sp,384
     d38:	0902                	c.slli	s2,0x0
     d3a:	0004                	.insn	2, 0x0004
     d3c:	0301                	addi	t1,t1,0
     d3e:	0901                	addi	s2,s2,0
     d40:	0004                	.insn	2, 0x0004
     d42:	0501                	addi	a0,a0,0
     d44:	0316                	slli	t1,t1,0x5
     d46:	0902                	c.slli	s2,0x0
     d48:	0004                	.insn	2, 0x0004
     d4a:	0301                	addi	t1,t1,0
     d4c:	0901                	addi	s2,s2,0
     d4e:	000c                	.insn	2, 0x000c
     d50:	0301                	addi	t1,t1,0
     d52:	0901                	addi	s2,s2,0
     d54:	000c                	.insn	2, 0x000c
     d56:	0301                	addi	t1,t1,0
     d58:	0901                	addi	s2,s2,0
     d5a:	000c                	.insn	2, 0x000c
     d5c:	0301                	addi	t1,t1,0
     d5e:	0901                	addi	s2,s2,0
     d60:	000c                	.insn	2, 0x000c
     d62:	0301                	addi	t1,t1,0
     d64:	0901                	addi	s2,s2,0
     d66:	000c                	.insn	2, 0x000c
     d68:	0301                	addi	t1,t1,0
     d6a:	0901                	addi	s2,s2,0
     d6c:	000c                	.insn	2, 0x000c
     d6e:	0301                	addi	t1,t1,0
     d70:	0901                	addi	s2,s2,0
     d72:	000c                	.insn	2, 0x000c
     d74:	0301                	addi	t1,t1,0
     d76:	0901                	addi	s2,s2,0
     d78:	000c                	.insn	2, 0x000c
     d7a:	0301                	addi	t1,t1,0
     d7c:	0901                	addi	s2,s2,0
     d7e:	000c                	.insn	2, 0x000c
     d80:	0501                	addi	a0,a0,0
     d82:	09010317          	auipc	t1,0x9010
     d86:	000c                	.insn	2, 0x000c
     d88:	0301                	addi	t1,t1,0 # 9010d82 <__heap_size+0x8ff0d82>
     d8a:	0901                	addi	s2,s2,0
     d8c:	000c                	.insn	2, 0x000c
     d8e:	0301                	addi	t1,t1,0
     d90:	0901                	addi	s2,s2,0
     d92:	000c                	.insn	2, 0x000c
     d94:	0301                	addi	t1,t1,0
     d96:	0901                	addi	s2,s2,0
     d98:	000c                	.insn	2, 0x000c
     d9a:	0301                	addi	t1,t1,0
     d9c:	0901                	addi	s2,s2,0
     d9e:	000c                	.insn	2, 0x000c
     da0:	0301                	addi	t1,t1,0
     da2:	0901                	addi	s2,s2,0
     da4:	000c                	.insn	2, 0x000c
     da6:	0501                	addi	a0,a0,0
     da8:	09020303          	lb	t1,144(tp) # 90 <__stack_align+0x80>
     dac:	000c                	.insn	2, 0x000c
     dae:	0301                	addi	t1,t1,0
     db0:	0902                	c.slli	s2,0x0
     db2:	0018                	.insn	2, 0x0018
     db4:	0301                	addi	t1,t1,0
     db6:	0909                	addi	s2,s2,2
     db8:	000c                	.insn	2, 0x000c
     dba:	0501                	addi	a0,a0,0
     dbc:	0901030b          	.insn	4, 0x0901030b
     dc0:	000c                	.insn	2, 0x000c
     dc2:	0501                	addi	a0,a0,0
     dc4:	09000303          	lb	t1,144(zero) # 90 <__stack_align+0x80>
     dc8:	0004                	.insn	2, 0x0004
     dca:	0501                	addi	a0,a0,0
     dcc:	09010307          	.insn	4, 0x09010307
     dd0:	0002                	c.slli	zero,0x0
     dd2:	0501                	addi	a0,a0,0
     dd4:	0402001b          	addiw	zero,tp,64 # 40 <__stack_align+0x30>
     dd8:	097f0303          	lb	t1,151(t5)
     ddc:	001c                	.insn	2, 0x001c
     dde:	0501                	addi	a0,a0,0
     de0:	0014                	.insn	2, 0x0014
     de2:	0402                	c.slli	s0,0x0
     de4:	0301                	addi	t1,t1,0
     de6:	0900                	addi	s0,sp,144
     de8:	000a                	c.slli	zero,0x2
     dea:	0501                	addi	a0,a0,0
     dec:	0302                	c.slli	t1,0x0
     dee:	000e0903          	lb	s2,0(t3)
     df2:	0501                	addi	a0,a0,0
     df4:	030a                	slli	t1,t1,0x2
     df6:	0901                	addi	s2,s2,0
     df8:	000c                	.insn	2, 0x000c
     dfa:	0501                	addi	a0,a0,0
     dfc:	0302                	c.slli	t1,0x0
     dfe:	0900                	addi	s0,sp,144
     e00:	0004                	.insn	2, 0x0004
     e02:	0501                	addi	a0,a0,0
     e04:	0306                	slli	t1,t1,0x1
     e06:	0901                	addi	s2,s2,0
     e08:	0002                	c.slli	zero,0x0
     e0a:	0501                	addi	a0,a0,0
     e0c:	001a                	c.slli	zero,0x6
     e0e:	0402                	c.slli	s0,0x0
     e10:	097f0303          	lb	t1,151(t5)
     e14:	001c                	.insn	2, 0x001c
     e16:	0501                	addi	a0,a0,0
     e18:	04020013          	addi	zero,tp,64 # 40 <__stack_align+0x30>
     e1c:	0301                	addi	t1,t1,0
     e1e:	0900                	addi	s0,sp,144
     e20:	000a                	c.slli	zero,0x2
     e22:	0501                	addi	a0,a0,0
     e24:	09030303          	lb	t1,144(t1)
     e28:	000e                	c.slli	zero,0x3
     e2a:	0301                	addi	t1,t1,0
     e2c:	0902                	c.slli	s2,0x0
     e2e:	000c                	.insn	2, 0x000c
     e30:	0301                	addi	t1,t1,0
     e32:	0902                	c.slli	s2,0x0
     e34:	000a                	c.slli	zero,0x2
     e36:	0501                	addi	a0,a0,0
     e38:	0302                	c.slli	t1,0x0
     e3a:	0901                	addi	s2,s2,0
     e3c:	000c                	.insn	2, 0x000c
     e3e:	0301                	addi	t1,t1,0
     e40:	0901                	addi	s2,s2,0
     e42:	000c                	.insn	2, 0x000c
     e44:	0301                	addi	t1,t1,0
     e46:	0901                	addi	s2,s2,0
     e48:	000c                	.insn	2, 0x000c
     e4a:	0501                	addi	a0,a0,0
     e4c:	09050303          	lb	t1,144(a0)
     e50:	000c                	.insn	2, 0x000c
     e52:	0501                	addi	a0,a0,0
     e54:	0301                	addi	t1,t1,0
     e56:	0901                	addi	s2,s2,0
     e58:	000c                	.insn	2, 0x000c
     e5a:	0501                	addi	a0,a0,0
     e5c:	09020323          	sb	a6,134(tp) # 86 <__stack_align+0x76>
     e60:	000a                	c.slli	zero,0x2
     e62:	0501                	addi	a0,a0,0
     e64:	0310                	addi	a2,sp,384
     e66:	0901                	addi	s2,s2,0
     e68:	0008                	.insn	2, 0x0008
     e6a:	0501                	addi	a0,a0,0
     e6c:	0901030f          	.insn	4, 0x0901030f
     e70:	0020                	addi	s0,sp,8
     e72:	0301                	addi	t1,t1,0
     e74:	0901                	addi	s2,s2,0
     e76:	0008                	.insn	2, 0x0008
     e78:	0501                	addi	a0,a0,0
     e7a:	030c                	addi	a1,sp,384
     e7c:	0906                	slli	s2,s2,0x1
     e7e:	0040                	addi	s0,sp,4
     e80:	0501                	addi	a0,a0,0
     e82:	09000303          	lb	t1,144(zero) # 90 <__stack_align+0x80>
     e86:	0004                	.insn	2, 0x0004
     e88:	0501                	addi	a0,a0,0
     e8a:	0334                	addi	a3,sp,392
     e8c:	0901                	addi	s2,s2,0
     e8e:	0002                	c.slli	zero,0x0
     e90:	0501                	addi	a0,a0,0
     e92:	09000307          	.insn	4, 0x09000307
     e96:	0008                	.insn	2, 0x0008
     e98:	0501                	addi	a0,a0,0
     e9a:	001a                	c.slli	zero,0x6
     e9c:	0402                	c.slli	s0,0x0
     e9e:	097f0303          	lb	t1,151(t5)
     ea2:	0018                	.insn	2, 0x0018
     ea4:	0501                	addi	a0,a0,0
     ea6:	0015                	c.nop	5
     ea8:	0402                	c.slli	s0,0x0
     eaa:	0301                	addi	t1,t1,0
     eac:	0900                	addi	s0,sp,144
     eae:	000a                	c.slli	zero,0x2
     eb0:	0501                	addi	a0,a0,0
     eb2:	030c                	addi	a1,sp,384
     eb4:	000e0903          	lb	s2,0(t3)
     eb8:	0501                	addi	a0,a0,0
     eba:	09000303          	lb	t1,144(zero) # 90 <__stack_align+0x80>
     ebe:	0004                	.insn	2, 0x0004
     ec0:	0501                	addi	a0,a0,0
     ec2:	0338                	addi	a4,sp,392
     ec4:	0901                	addi	s2,s2,0
     ec6:	0002                	c.slli	zero,0x0
     ec8:	0501                	addi	a0,a0,0
     eca:	09000307          	.insn	4, 0x09000307
     ece:	000a                	c.slli	zero,0x2
     ed0:	0501                	addi	a0,a0,0
     ed2:	0402001b          	addiw	zero,tp,64 # 40 <__stack_align+0x30>
     ed6:	097f0303          	lb	t1,151(t5)
     eda:	0018                	.insn	2, 0x0018
     edc:	0501                	addi	a0,a0,0
     ede:	0015                	c.nop	5
     ee0:	0402                	c.slli	s0,0x0
     ee2:	0301                	addi	t1,t1,0
     ee4:	0900                	addi	s0,sp,144
     ee6:	000a                	c.slli	zero,0x2
     ee8:	0501                	addi	a0,a0,0
     eea:	09030303          	lb	t1,144(t1)
     eee:	000e                	c.slli	zero,0x3
     ef0:	0301                	addi	t1,t1,0
     ef2:	0901                	addi	s2,s2,0
     ef4:	000e                	c.slli	zero,0x3
     ef6:	0301                	addi	t1,t1,0
     ef8:	0902                	c.slli	s2,0x0
     efa:	000e                	c.slli	zero,0x3
     efc:	0301                	addi	t1,t1,0
     efe:	0901                	addi	s2,s2,0
     f00:	0008                	.insn	2, 0x0008
     f02:	0301                	addi	t1,t1,0
     f04:	0904                	addi	s1,sp,144
     f06:	0008                	.insn	2, 0x0008
     f08:	0501                	addi	a0,a0,0
     f0a:	0321                	addi	t1,t1,8
     f0c:	0901                	addi	s2,s2,0
     f0e:	0008                	.insn	2, 0x0008
     f10:	0501                	addi	a0,a0,0
     f12:	0311                	addi	t1,t1,4
     f14:	0900                	addi	s0,sp,144
     f16:	000c                	.insn	2, 0x000c
     f18:	0501                	addi	a0,a0,0
     f1a:	0308                	addi	a0,sp,384
     f1c:	0902                	c.slli	s2,0x0
     f1e:	0008                	.insn	2, 0x0008
     f20:	0501                	addi	a0,a0,0
     f22:	0009                	c.nop	2
     f24:	0402                	c.slli	s0,0x0
     f26:	0302                	c.slli	t1,0x0
     f28:	0900                	addi	s0,sp,144
     f2a:	0002                	c.slli	zero,0x0
     f2c:	0501                	addi	a0,a0,0
     f2e:	0036                	c.slli	zero,0xd
     f30:	0402                	c.slli	s0,0x0
     f32:	0302                	c.slli	t1,0x0
     f34:	0900                	addi	s0,sp,144
     f36:	0008                	.insn	2, 0x0008
     f38:	0501                	addi	a0,a0,0
     f3a:	09010313          	addi	t1,sp,144
     f3e:	0002                	c.slli	zero,0x0
     f40:	0501                	addi	a0,a0,0
     f42:	0310                	addi	a2,sp,384
     f44:	0900                	addi	s0,sp,144
     f46:	000c                	.insn	2, 0x000c
     f48:	0501                	addi	a0,a0,0
     f4a:	09030303          	lb	t1,144(t1)
     f4e:	000a                	c.slli	zero,0x2
     f50:	0301                	addi	t1,t1,0
     f52:	0901                	addi	s2,s2,0
     f54:	000c                	.insn	2, 0x000c
     f56:	0501                	addi	a0,a0,0
     f58:	0301                	addi	t1,t1,0
     f5a:	0902                	c.slli	s2,0x0
     f5c:	0010                	.insn	2, 0x0010
     f5e:	0401                	addi	s0,s0,0
     f60:	7eb20303          	lb	t1,2027(tp) # 7eb <__stack_align+0x7db>
     f64:	0a09                	addi	s4,s4,2
     f66:	0100                	addi	s0,sp,128
     f68:	0305                	addi	t1,t1,1
     f6a:	16090103          	lb	sp,352(s2)
     f6e:	0100                	addi	s0,sp,128
     f70:	12090103          	lb	sp,288(s2)
     f74:	0100                	addi	s0,sp,128
     f76:	12090103          	lb	sp,288(s2)
     f7a:	0100                	addi	s0,sp,128
     f7c:	0c090103          	lb	sp,192(s2)
     f80:	0100                	addi	s0,sp,128
     f82:	0105                	addi	sp,sp,1
     f84:	0a090103          	lb	sp,160(s2)
     f88:	0100                	addi	s0,sp,128
     f8a:	0a090303          	lb	t1,160(s2)
     f8e:	0100                	addi	s0,sp,128
     f90:	0305                	addi	t1,t1,1
     f92:	0e090103          	lb	sp,224(s2)
     f96:	0100                	addi	s0,sp,128
     f98:	12090103          	lb	sp,288(s2)
     f9c:	0100                	addi	s0,sp,128
     f9e:	0e090103          	lb	sp,224(s2)
     fa2:	0100                	addi	s0,sp,128
     fa4:	1305                	addi	t1,t1,-31
     fa6:	0a090103          	lb	sp,160(s2)
     faa:	0100                	addi	s0,sp,128
     fac:	0305                	addi	t1,t1,1
     fae:	12090103          	lb	sp,288(s2)
     fb2:	0100                	addi	s0,sp,128
     fb4:	0a05                	addi	s4,s4,1
     fb6:	0a090103          	lb	sp,160(s2)
     fba:	0100                	addi	s0,sp,128
     fbc:	0105                	addi	sp,sp,1
     fbe:	04090103          	lb	sp,64(s2)
     fc2:	0100                	addi	s0,sp,128
     fc4:	0a090303          	lb	t1,160(s2)
     fc8:	0100                	addi	s0,sp,128
     fca:	0305                	addi	t1,t1,1
     fcc:	08090203          	lb	tp,128(s2)
     fd0:	0100                	addi	s0,sp,128
     fd2:	0a090103          	lb	sp,160(s2)
     fd6:	0100                	addi	s0,sp,128
     fd8:	0a090203          	lb	tp,160(s2)
     fdc:	0100                	addi	s0,sp,128
     fde:	10090103          	lb	sp,256(s2)
     fe2:	0100                	addi	s0,sp,128
     fe4:	10090103          	lb	sp,256(s2)
     fe8:	0100                	addi	s0,sp,128
     fea:	0e090103          	lb	sp,224(s2)
     fee:	0100                	addi	s0,sp,128
     ff0:	0e090203          	lb	tp,224(s2)
     ff4:	0100                	addi	s0,sp,128
     ff6:	08090103          	lb	sp,128(s2)
     ffa:	0100                	addi	s0,sp,128
     ffc:	0805                	addi	a6,a6,1
     ffe:	08090203          	lb	tp,128(s2)
    1002:	0100                	addi	s0,sp,128
    1004:	0b05                	addi	s6,s6,1
    1006:	0200                	addi	s0,sp,256
    1008:	0204                	addi	s1,sp,256
    100a:	02090003          	lb	zero,32(s2)
    100e:	0100                	addi	s0,sp,128
    1010:	0905                	addi	s2,s2,1
    1012:	0200                	addi	s0,sp,256
    1014:	0204                	addi	s1,sp,256
    1016:	0a090003          	lb	zero,160(s2)
    101a:	0100                	addi	s0,sp,128
    101c:	0d05                	addi	s10,s10,1
    101e:	06090303          	lb	t1,96(s2)
    1022:	0100                	addi	s0,sp,128
    1024:	0e090103          	lb	sp,224(s2)
    1028:	0100                	addi	s0,sp,128
    102a:	0305                	addi	t1,t1,1
    102c:	0e090203          	lb	tp,224(s2)
    1030:	0100                	addi	s0,sp,128
    1032:	0c090103          	lb	sp,192(s2)
    1036:	0100                	addi	s0,sp,128
    1038:	0c090103          	lb	sp,192(s2)
    103c:	0100                	addi	s0,sp,128
    103e:	0c090103          	lb	sp,192(s2)
    1042:	0100                	addi	s0,sp,128
    1044:	18090303          	lb	t1,384(s2)
    1048:	0100                	addi	s0,sp,128
    104a:	0e090103          	lb	sp,224(s2)
    104e:	0100                	addi	s0,sp,128
    1050:	0e090103          	lb	sp,224(s2)
    1054:	0100                	addi	s0,sp,128
    1056:	0e090103          	lb	sp,224(s2)
    105a:	0100                	addi	s0,sp,128
    105c:	0e090203          	lb	tp,224(s2)
    1060:	0100                	addi	s0,sp,128
    1062:	08090103          	lb	sp,128(s2)
    1066:	0100                	addi	s0,sp,128
    1068:	0805                	addi	a6,a6,1
    106a:	08090203          	lb	tp,128(s2)
    106e:	0100                	addi	s0,sp,128
    1070:	0b05                	addi	s6,s6,1
    1072:	0200                	addi	s0,sp,256
    1074:	0204                	addi	s1,sp,256
    1076:	02090003          	lb	zero,32(s2)
    107a:	0100                	addi	s0,sp,128
    107c:	0905                	addi	s2,s2,1
    107e:	0200                	addi	s0,sp,256
    1080:	0204                	addi	s1,sp,256
    1082:	0a090003          	lb	zero,160(s2)
    1086:	0100                	addi	s0,sp,128
    1088:	0305                	addi	t1,t1,1
    108a:	06090103          	lb	sp,96(s2)
    108e:	0100                	addi	s0,sp,128
    1090:	0805                	addi	a6,a6,1
    1092:	08090103          	lb	sp,128(s2)
    1096:	0100                	addi	s0,sp,128
    1098:	0b05                	addi	s6,s6,1
    109a:	0200                	addi	s0,sp,256
    109c:	0204                	addi	s1,sp,256
    109e:	02090003          	lb	zero,32(s2)
    10a2:	0100                	addi	s0,sp,128
    10a4:	0905                	addi	s2,s2,1
    10a6:	0200                	addi	s0,sp,256
    10a8:	0204                	addi	s1,sp,256
    10aa:	0a090003          	lb	zero,160(s2)
    10ae:	0100                	addi	s0,sp,128
    10b0:	0d05                	addi	s10,s10,1
    10b2:	06090203          	lb	tp,96(s2)
    10b6:	0100                	addi	s0,sp,128
    10b8:	0e090103          	lb	sp,224(s2)
    10bc:	0100                	addi	s0,sp,128
    10be:	0305                	addi	t1,t1,1
    10c0:	0e090203          	lb	tp,224(s2)
    10c4:	0100                	addi	s0,sp,128
    10c6:	0105                	addi	sp,sp,1
    10c8:	18090103          	lb	sp,384(s2)
    10cc:	0100                	addi	s0,sp,128
    10ce:	2605                	addiw	a2,a2,1
    10d0:	0a090203          	lb	tp,160(s2)
    10d4:	0100                	addi	s0,sp,128
    10d6:	0505                	addi	a0,a0,1
    10d8:	08090203          	lb	tp,128(s2)
    10dc:	0100                	addi	s0,sp,128
    10de:	0a090103          	lb	sp,160(s2)
    10e2:	0100                	addi	s0,sp,128
    10e4:	0a090303          	lb	t1,160(s2)
    10e8:	0100                	addi	s0,sp,128
    10ea:	10090103          	lb	sp,256(s2)
    10ee:	0100                	addi	s0,sp,128
    10f0:	10090303          	lb	t1,256(s2)
    10f4:	0100                	addi	s0,sp,128
    10f6:	0e090103          	lb	sp,224(s2)
    10fa:	0100                	addi	s0,sp,128
    10fc:	0e090303          	lb	t1,224(s2)
    1100:	0100                	addi	s0,sp,128
    1102:	08090303          	lb	t1,128(s2)
    1106:	0100                	addi	s0,sp,128
    1108:	2905                	addiw	s2,s2,1
    110a:	08090103          	lb	sp,128(s2)
    110e:	0100                	addi	s0,sp,128
    1110:	1305                	addi	t1,t1,-31
    1112:	0c090003          	lb	zero,192(s2)
    1116:	0100                	addi	s0,sp,128
    1118:	0b05                	addi	s6,s6,1
    111a:	08090303          	lb	t1,128(s2)
    111e:	0100                	addi	s0,sp,128
    1120:	0e05                	addi	t3,t3,1
    1122:	0200                	addi	s0,sp,256
    1124:	0204                	addi	s1,sp,256
    1126:	02090003          	lb	zero,32(s2)
    112a:	0100                	addi	s0,sp,128
    112c:	0c05                	addi	s8,s8,1
    112e:	0200                	addi	s0,sp,256
    1130:	0204                	addi	s1,sp,256
    1132:	0a090003          	lb	zero,160(s2)
    1136:	0100                	addi	s0,sp,128
    1138:	1b05                	addi	s6,s6,-31
    113a:	06090303          	lb	t1,96(s2)
    113e:	0100                	addi	s0,sp,128
    1140:	1805                	addi	a6,a6,-31
    1142:	0c090003          	lb	zero,192(s2)
    1146:	0100                	addi	s0,sp,128
    1148:	0505                	addi	a0,a0,1
    114a:	0a090903          	lb	s2,160(s2)
    114e:	0100                	addi	s0,sp,128
    1150:	0105                	addi	sp,sp,1
    1152:	10090203          	lb	tp,256(s2)
    1156:	0100                	addi	s0,sp,128
    1158:	2605                	addiw	a2,a2,1
    115a:	0a090203          	lb	tp,160(s2)
    115e:	0100                	addi	s0,sp,128
    1160:	0505                	addi	a0,a0,1
    1162:	08090203          	lb	tp,128(s2)
    1166:	0100                	addi	s0,sp,128
    1168:	0a090103          	lb	sp,160(s2)
    116c:	0100                	addi	s0,sp,128
    116e:	0e05                	addi	t3,t3,1
    1170:	0a090303          	lb	t1,160(s2)
    1174:	0100                	addi	s0,sp,128
    1176:	0c090103          	lb	sp,192(s2)
    117a:	0100                	addi	s0,sp,128
    117c:	0505                	addi	a0,a0,1
    117e:	0c090203          	lb	tp,192(s2)
    1182:	0100                	addi	s0,sp,128
    1184:	0e090103          	lb	sp,224(s2)
    1188:	0100                	addi	s0,sp,128
    118a:	0e090303          	lb	t1,224(s2)
    118e:	0100                	addi	s0,sp,128
    1190:	0e090103          	lb	sp,224(s2)
    1194:	0100                	addi	s0,sp,128
    1196:	0e090303          	lb	t1,224(s2)
    119a:	0100                	addi	s0,sp,128
    119c:	08090303          	lb	t1,128(s2)
    11a0:	0100                	addi	s0,sp,128
    11a2:	2905                	addiw	s2,s2,1
    11a4:	08090103          	lb	sp,128(s2)
    11a8:	0100                	addi	s0,sp,128
    11aa:	1305                	addi	t1,t1,-31
    11ac:	0c090003          	lb	zero,192(s2)
    11b0:	0100                	addi	s0,sp,128
    11b2:	0b05                	addi	s6,s6,1
    11b4:	08090303          	lb	t1,128(s2)
    11b8:	0100                	addi	s0,sp,128
    11ba:	0e05                	addi	t3,t3,1
    11bc:	0200                	addi	s0,sp,256
    11be:	0204                	addi	s1,sp,256
    11c0:	02090003          	lb	zero,32(s2)
    11c4:	0100                	addi	s0,sp,128
    11c6:	0c05                	addi	s8,s8,1
    11c8:	0200                	addi	s0,sp,256
    11ca:	0204                	addi	s1,sp,256
    11cc:	0a090003          	lb	zero,160(s2)
    11d0:	0100                	addi	s0,sp,128
    11d2:	0505                	addi	a0,a0,1
    11d4:	06090303          	lb	t1,96(s2)
    11d8:	0100                	addi	s0,sp,128
    11da:	0b05                	addi	s6,s6,1
    11dc:	08090303          	lb	t1,128(s2)
    11e0:	0100                	addi	s0,sp,128
    11e2:	0e05                	addi	t3,t3,1
    11e4:	0200                	addi	s0,sp,256
    11e6:	0204                	addi	s1,sp,256
    11e8:	02090003          	lb	zero,32(s2)
    11ec:	0100                	addi	s0,sp,128
    11ee:	0c05                	addi	s8,s8,1
    11f0:	0200                	addi	s0,sp,256
    11f2:	0204                	addi	s1,sp,256
    11f4:	0a090003          	lb	zero,160(s2)
    11f8:	0100                	addi	s0,sp,128
    11fa:	1b05                	addi	s6,s6,-31
    11fc:	06090303          	lb	t1,96(s2)
    1200:	0100                	addi	s0,sp,128
    1202:	1805                	addi	a6,a6,-31
    1204:	0c090003          	lb	zero,192(s2)
    1208:	0100                	addi	s0,sp,128
    120a:	0505                	addi	a0,a0,1
    120c:	0a090903          	lb	s2,160(s2)
    1210:	0100                	addi	s0,sp,128
    1212:	0105                	addi	sp,sp,1
    1214:	10090203          	lb	tp,256(s2)
    1218:	0100                	addi	s0,sp,128
    121a:	0404                	addi	s1,sp,512
    121c:	1f05                	addi	t5,t5,-31
    121e:	097ef203          	.insn	4, 0x097ef203
    1222:	000a                	c.slli	zero,0x2
    1224:	0501                	addi	a0,a0,0
    1226:	09010303          	lb	t1,144(sp)
    122a:	0008                	.insn	2, 0x0008
    122c:	0301                	addi	t1,t1,0
    122e:	0901                	addi	s2,s2,0
    1230:	000a                	c.slli	zero,0x2
    1232:	0501                	addi	a0,a0,0
    1234:	0301                	addi	t1,t1,0
    1236:	0901                	addi	s2,s2,0
    1238:	000a                	c.slli	zero,0x2
    123a:	0501                	addi	a0,a0,0
    123c:	034c                	addi	a1,sp,388
    123e:	0902                	c.slli	s2,0x0
    1240:	000a                	c.slli	zero,0x2
    1242:	0501                	addi	a0,a0,0
    1244:	0305                	addi	t1,t1,1
    1246:	0901                	addi	s2,s2,0
    1248:	0016                	c.slli	zero,0x5
    124a:	0301                	addi	t1,t1,0
    124c:	0901                	addi	s2,s2,0
    124e:	0012                	c.slli	zero,0x4
    1250:	0301                	addi	t1,t1,0
    1252:	0901                	addi	s2,s2,0
    1254:	0012                	c.slli	zero,0x4
    1256:	0301                	addi	t1,t1,0
    1258:	0901                	addi	s2,s2,0
    125a:	000a                	c.slli	zero,0x2
    125c:	0501                	addi	a0,a0,0
    125e:	0301                	addi	t1,t1,0
    1260:	0901                	addi	s2,s2,0
    1262:	000a                	c.slli	zero,0x2
    1264:	0501                	addi	a0,a0,0
    1266:	0342                	slli	t1,t1,0x10
    1268:	0902                	c.slli	s2,0x0
    126a:	000a                	c.slli	zero,0x2
    126c:	0501                	addi	a0,a0,0
    126e:	0305                	addi	t1,t1,1
    1270:	0901                	addi	s2,s2,0
    1272:	000e                	c.slli	zero,0x3
    1274:	0301                	addi	t1,t1,0
    1276:	0901                	addi	s2,s2,0
    1278:	0012                	c.slli	zero,0x4
    127a:	0301                	addi	t1,t1,0
    127c:	0902                	c.slli	s2,0x0
    127e:	000e                	c.slli	zero,0x3
    1280:	0501                	addi	a0,a0,0
    1282:	0319                	addi	t1,t1,6
    1284:	0901                	addi	s2,s2,0
    1286:	000a                	c.slli	zero,0x2
    1288:	0501                	addi	a0,a0,0
    128a:	0305                	addi	t1,t1,1
    128c:	0901                	addi	s2,s2,0
    128e:	0012                	c.slli	zero,0x4
    1290:	0501                	addi	a0,a0,0
    1292:	030c                	addi	a1,sp,384
    1294:	0901                	addi	s2,s2,0
    1296:	000a                	c.slli	zero,0x2
    1298:	0501                	addi	a0,a0,0
    129a:	0301                	addi	t1,t1,0
    129c:	0901                	addi	s2,s2,0
    129e:	0004                	.insn	2, 0x0004
    12a0:	0501                	addi	a0,a0,0
    12a2:	037f 0903 000a 0501 	.insn	10, 0x03020501000a0903037f
    12aa:	0302 
    12ac:	0901                	addi	s2,s2,0
    12ae:	0020                	addi	s0,sp,8
    12b0:	0501                	addi	a0,a0,0
    12b2:	0310                	addi	a2,sp,384
    12b4:	0902                	c.slli	s2,0x0
    12b6:	0008                	.insn	2, 0x0008
    12b8:	0501                	addi	a0,a0,0
    12ba:	0308                	addi	a0,sp,384
    12bc:	0901                	addi	s2,s2,0
    12be:	0004                	.insn	2, 0x0004
    12c0:	0501                	addi	a0,a0,0
    12c2:	0302                	c.slli	t1,0x0
    12c4:	0900                	addi	s0,sp,144
    12c6:	0004                	.insn	2, 0x0004
    12c8:	0501                	addi	a0,a0,0
    12ca:	032e                	slli	t1,t1,0xb
    12cc:	0901                	addi	s2,s2,0
    12ce:	0002                	c.slli	zero,0x0
    12d0:	0501                	addi	a0,a0,0
    12d2:	09000303          	lb	t1,144(zero) # 90 <__stack_align+0x80>
    12d6:	000c                	.insn	2, 0x000c
    12d8:	0501                	addi	a0,a0,0
    12da:	0026                	c.slli	zero,0x9
    12dc:	0402                	c.slli	s0,0x0
    12de:	097f0303          	lb	t1,151(t5)
    12e2:	000a                	c.slli	zero,0x2
    12e4:	0501                	addi	a0,a0,0
    12e6:	0402000f          	.insn	4, 0x0402000f
    12ea:	0301                	addi	t1,t1,0
    12ec:	0900                	addi	s0,sp,144
    12ee:	000a                	c.slli	zero,0x2
    12f0:	0501                	addi	a0,a0,0
    12f2:	001f 0402 0301      	.insn	6, 0x03010402001f
    12f8:	0900                	addi	s0,sp,144
    12fa:	0008                	.insn	2, 0x0008
    12fc:	0501                	addi	a0,a0,0
    12fe:	0402000f          	.insn	4, 0x0402000f
    1302:	0301                	addi	t1,t1,0
    1304:	0900                	addi	s0,sp,144
    1306:	0008                	.insn	2, 0x0008
    1308:	0501                	addi	a0,a0,0
    130a:	0302                	c.slli	t1,0x0
    130c:	00040903          	lb	s2,0(s0)
    1310:	0501                	addi	a0,a0,0
    1312:	0340                	addi	s0,sp,388
    1314:	0901                	addi	s2,s2,0
    1316:	000c                	.insn	2, 0x000c
    1318:	0501                	addi	a0,a0,0
    131a:	0332                	slli	t1,t1,0xc
    131c:	0900                	addi	s0,sp,144
    131e:	000c                	.insn	2, 0x000c
    1320:	0501                	addi	a0,a0,0
    1322:	0302                	c.slli	t1,0x0
    1324:	0900                	addi	s0,sp,144
    1326:	0008                	.insn	2, 0x0008
    1328:	0501                	addi	a0,a0,0
    132a:	09020307          	.insn	4, 0x09020307
    132e:	000a                	c.slli	zero,0x2
    1330:	0501                	addi	a0,a0,0
    1332:	0008                	.insn	2, 0x0008
    1334:	0402                	c.slli	s0,0x0
    1336:	0302                	c.slli	t1,0x0
    1338:	0900                	addi	s0,sp,144
    133a:	0002                	c.slli	zero,0x0
    133c:	0501                	addi	a0,a0,0
    133e:	0031                	c.nop	12
    1340:	0402                	c.slli	s0,0x0
    1342:	0302                	c.slli	t1,0x0
    1344:	0900                	addi	s0,sp,144
    1346:	0008                	.insn	2, 0x0008
    1348:	0501                	addi	a0,a0,0
    134a:	0308                	addi	a0,sp,384
    134c:	00020903          	lb	s2,0(tp) # 0 <__boot_hart>
    1350:	0501                	addi	a0,a0,0
    1352:	0302                	c.slli	t1,0x0
    1354:	0900                	addi	s0,sp,144
    1356:	0004                	.insn	2, 0x0004
    1358:	0501                	addi	a0,a0,0
    135a:	033c                	addi	a5,sp,392
    135c:	0901                	addi	s2,s2,0
    135e:	0002                	c.slli	zero,0x0
    1360:	0501                	addi	a0,a0,0
    1362:	0900030f          	.insn	4, 0x0900030f
    1366:	000a                	c.slli	zero,0x2
    1368:	0501                	addi	a0,a0,0
    136a:	0309                	addi	t1,t1,2
    136c:	0900                	addi	s0,sp,144
    136e:	0002                	c.slli	zero,0x0
    1370:	0501                	addi	a0,a0,0
    1372:	0900030f          	.insn	4, 0x0900030f
    1376:	000e                	c.slli	zero,0x3
    1378:	0501                	addi	a0,a0,0
    137a:	000d                	c.nop	3
    137c:	0402                	c.slli	s0,0x0
    137e:	0301                	addi	t1,t1,0
    1380:	0900                	addi	s0,sp,144
    1382:	0008                	.insn	2, 0x0008
    1384:	0501                	addi	a0,a0,0
    1386:	0016                	c.slli	zero,0x5
    1388:	0402                	c.slli	s0,0x0
    138a:	097f0303          	lb	t1,151(t5)
    138e:	0002                	c.slli	zero,0x0
    1390:	0501                	addi	a0,a0,0
    1392:	0402000f          	.insn	4, 0x0402000f
    1396:	0301                	addi	t1,t1,0
    1398:	0900                	addi	s0,sp,144
    139a:	000a                	c.slli	zero,0x2
    139c:	0501                	addi	a0,a0,0
    139e:	0301                	addi	t1,t1,0
    13a0:	000e0903          	lb	s2,0(t3)
    13a4:	0501                	addi	a0,a0,0
    13a6:	031f 0903 000e      	.insn	6, 0x000e0903031f
    13ac:	0501                	addi	a0,a0,0
    13ae:	0902030f          	.insn	4, 0x0902030f
    13b2:	0008                	.insn	2, 0x0008
    13b4:	0301                	addi	t1,t1,0
    13b6:	0905                	addi	s2,s2,1
    13b8:	002c                	addi	a1,sp,8
    13ba:	0301                	addi	t1,t1,0
    13bc:	090d                	addi	s2,s2,3
    13be:	002c                	addi	a1,sp,8
    13c0:	0501                	addi	a0,a0,0
    13c2:	0302                	c.slli	t1,0x0
    13c4:	090c                	addi	a1,sp,144
    13c6:	0040                	addi	s0,sp,4
    13c8:	0301                	addi	t1,t1,0
    13ca:	0902                	c.slli	s2,0x0
    13cc:	0014                	.insn	2, 0x0014
    13ce:	0301                	addi	t1,t1,0
    13d0:	0901                	addi	s2,s2,0
    13d2:	000c                	.insn	2, 0x000c
    13d4:	0301                	addi	t1,t1,0
    13d6:	0901                	addi	s2,s2,0
    13d8:	000c                	.insn	2, 0x000c
    13da:	0301                	addi	t1,t1,0
    13dc:	0901                	addi	s2,s2,0
    13de:	000c                	.insn	2, 0x000c
    13e0:	0501                	addi	a0,a0,0
    13e2:	030a                	slli	t1,t1,0x2
    13e4:	0901                	addi	s2,s2,0
    13e6:	000c                	.insn	2, 0x000c
    13e8:	0501                	addi	a0,a0,0
    13ea:	0302                	c.slli	t1,0x0
    13ec:	0900                	addi	s0,sp,144
    13ee:	0004                	.insn	2, 0x0004
    13f0:	0501                	addi	a0,a0,0
    13f2:	09010303          	lb	t1,144(sp)
    13f6:	0002                	c.slli	zero,0x0
    13f8:	0501                	addi	a0,a0,0
    13fa:	001a                	c.slli	zero,0x6
    13fc:	0402                	c.slli	s0,0x0
    13fe:	097f0303          	lb	t1,151(t5)
    1402:	001c                	.insn	2, 0x001c
    1404:	0501                	addi	a0,a0,0
    1406:	04020013          	addi	zero,tp,64 # 40 <__stack_align+0x30>
    140a:	0301                	addi	t1,t1,0
    140c:	0900                	addi	s0,sp,144
    140e:	000a                	c.slli	zero,0x2
    1410:	0501                	addi	a0,a0,0
    1412:	09020303          	lb	t1,144(tp) # 90 <__stack_align+0x80>
    1416:	000e                	c.slli	zero,0x3
    1418:	0501                	addi	a0,a0,0
    141a:	0302                	c.slli	t1,0x0
    141c:	0909                	addi	s2,s2,2
    141e:	000c                	.insn	2, 0x000c
    1420:	0301                	addi	t1,t1,0
    1422:	0902                	c.slli	s2,0x0
    1424:	0014                	.insn	2, 0x0014
    1426:	0301                	addi	t1,t1,0
    1428:	0901                	addi	s2,s2,0
    142a:	000c                	.insn	2, 0x000c
    142c:	0301                	addi	t1,t1,0
    142e:	0901                	addi	s2,s2,0
    1430:	000c                	.insn	2, 0x000c
    1432:	0301                	addi	t1,t1,0
    1434:	0901                	addi	s2,s2,0
    1436:	000c                	.insn	2, 0x000c
    1438:	0501                	addi	a0,a0,0
    143a:	030a                	slli	t1,t1,0x2
    143c:	0901                	addi	s2,s2,0
    143e:	000c                	.insn	2, 0x000c
    1440:	0501                	addi	a0,a0,0
    1442:	0302                	c.slli	t1,0x0
    1444:	0900                	addi	s0,sp,144
    1446:	0004                	.insn	2, 0x0004
    1448:	0501                	addi	a0,a0,0
    144a:	09010303          	lb	t1,144(sp)
    144e:	0002                	c.slli	zero,0x0
    1450:	0501                	addi	a0,a0,0
    1452:	001a                	c.slli	zero,0x6
    1454:	0402                	c.slli	s0,0x0
    1456:	097f0303          	lb	t1,151(t5)
    145a:	001c                	.insn	2, 0x001c
    145c:	0501                	addi	a0,a0,0
    145e:	04020013          	addi	zero,tp,64 # 40 <__stack_align+0x30>
    1462:	0301                	addi	t1,t1,0
    1464:	0900                	addi	s0,sp,144
    1466:	000a                	c.slli	zero,0x2
    1468:	0501                	addi	a0,a0,0
    146a:	0302                	c.slli	t1,0x0
    146c:	0904                	addi	s1,sp,144
    146e:	000e                	c.slli	zero,0x3
    1470:	0501                	addi	a0,a0,0
    1472:	0301                	addi	t1,t1,0
    1474:	0901                	addi	s2,s2,0
    1476:	000c                	.insn	2, 0x000c
    1478:	0501                	addi	a0,a0,0
    147a:	0321                	addi	t1,t1,8
    147c:	0902                	c.slli	s2,0x0
    147e:	000a                	c.slli	zero,0x2
    1480:	0501                	addi	a0,a0,0
    1482:	0310                	addi	a2,sp,384
    1484:	0901                	addi	s2,s2,0
    1486:	0008                	.insn	2, 0x0008
    1488:	0301                	addi	t1,t1,0
    148a:	0904                	addi	s1,sp,144
    148c:	001a                	c.slli	zero,0x6
    148e:	0501                	addi	a0,a0,0
    1490:	0321                	addi	t1,t1,8
    1492:	0906                	slli	s2,s2,0x1
    1494:	0040                	addi	s0,sp,4
    1496:	0501                	addi	a0,a0,0
    1498:	0311                	addi	t1,t1,4
    149a:	0900                	addi	s0,sp,144
    149c:	000c                	.insn	2, 0x000c
    149e:	0501                	addi	a0,a0,0
    14a0:	09010303          	lb	t1,144(sp)
    14a4:	0008                	.insn	2, 0x0008
    14a6:	0501                	addi	a0,a0,0
    14a8:	09010313          	addi	t1,sp,144
    14ac:	0014                	.insn	2, 0x0014
    14ae:	0501                	addi	a0,a0,0
    14b0:	0310                	addi	a2,sp,384
    14b2:	0900                	addi	s0,sp,144
    14b4:	000c                	.insn	2, 0x000c
    14b6:	0501                	addi	a0,a0,0
    14b8:	09020303          	lb	t1,144(tp) # 90 <__stack_align+0x80>
    14bc:	000a                	c.slli	zero,0x2
    14be:	0301                	addi	t1,t1,0
    14c0:	0901                	addi	s2,s2,0
    14c2:	000c                	.insn	2, 0x000c
    14c4:	0501                	addi	a0,a0,0
    14c6:	0301                	addi	t1,t1,0
    14c8:	0901                	addi	s2,s2,0
    14ca:	0010                	.insn	2, 0x0010
    14cc:	0401                	addi	s0,s0,0
    14ce:	0505                	addi	a0,a0,1
    14d0:	0322                	slli	t1,t1,0x8
    14d2:	7f89                	lui	t6,0xfffe2
    14d4:	0a09                	addi	s4,s4,2
    14d6:	0100                	addi	s0,sp,128
    14d8:	0505                	addi	a0,a0,1
    14da:	12090203          	lb	tp,288(s2)
    14de:	0100                	addi	s0,sp,128
    14e0:	08090103          	lb	sp,128(s2)
    14e4:	0100                	addi	s0,sp,128
    14e6:	0305                	addi	t1,t1,1
    14e8:	0c090f03          	lb	t5,192(s2)
    14ec:	0100                	addi	s0,sp,128
    14ee:	04090103          	lb	sp,64(s2)
    14f2:	0100                	addi	s0,sp,128
    14f4:	04090103          	lb	sp,64(s2)
    14f8:	0100                	addi	s0,sp,128
    14fa:	0a05                	addi	s4,s4,1
    14fc:	04090303          	lb	t1,64(s2)
    1500:	0100                	addi	s0,sp,128
    1502:	0105                	addi	sp,sp,1
    1504:	02090103          	lb	sp,32(s2)
    1508:	0100                	addi	s0,sp,128
    150a:	0a09                	addi	s4,s4,2
    150c:	0000                	unimp
    150e:	0101                	addi	sp,sp,0
    1510:	03e0                	addi	s0,sp,460
    1512:	0000                	unimp
    1514:	0005                	c.nop	1
    1516:	0008                	.insn	2, 0x0008
    1518:	004a                	c.slli	zero,0x12
    151a:	0000                	unimp
    151c:	0101                	addi	sp,sp,0
    151e:	fb01                	bnez	a4,142e <__stack_align+0x141e>
    1520:	0d0e                	slli	s10,s10,0x3
    1522:	0100                	addi	s0,sp,128
    1524:	0101                	addi	sp,sp,0
    1526:	0001                	nop
    1528:	0000                	unimp
    152a:	0001                	nop
    152c:	0100                	addi	s0,sp,128
    152e:	0101                	addi	sp,sp,0
    1530:	041f 01ac 0000      	.insn	6, 0x01ac041f
    1536:	000000d7          	.insn	4, 0x00d7
    153a:	0069                	c.nop	26
    153c:	0000                	unimp
    153e:	003e                	c.slli	zero,0xf
    1540:	0000                	unimp
    1542:	0102                	c.slli	sp,0x0
    1544:	021f 060f 026f      	.insn	6, 0x026f060f021f
    154a:	0000                	unimp
    154c:	6500                	ld	s0,8(a0)
    154e:	0002                	c.slli	zero,0x0
    1550:	0000                	unimp
    1552:	0000026f          	jal	tp,1552 <__stack_align+0x1542>
    1556:	7900                	ld	s0,48(a0)
    1558:	0002                	c.slli	zero,0x0
    155a:	0100                	addi	s0,sp,128
    155c:	000000a3          	sb	zero,1(zero) # 1 <__boot_hart+0x1>
    1560:	b402                	fsd	ft0,40(sp)
    1562:	0000                	unimp
    1564:	0300                	addi	s0,sp,384
    1566:	0105                	addi	sp,sp,1
    1568:	0900                	addi	s0,sp,144
    156a:	6402                	ld	s0,0(sp)
    156c:	00800013          	li	zero,8
    1570:	0000                	unimp
    1572:	0300                	addi	s0,sp,384
    1574:	0115                	addi	sp,sp,5
    1576:	1505                	addi	a0,a0,-31
    1578:	0e090103          	lb	sp,224(s2)
    157c:	0100                	addi	s0,sp,128
    157e:	0305                	addi	t1,t1,1
    1580:	08090403          	lb	s0,128(s2)
    1584:	0100                	addi	s0,sp,128
    1586:	0d05                	addi	s10,s10,1
    1588:	0200                	addi	s0,sp,256
    158a:	0104                	addi	s1,sp,128
    158c:	16090403          	lb	s0,352(s2)
    1590:	0100                	addi	s0,sp,128
    1592:	0105                	addi	sp,sp,1
    1594:	0a090503          	lb	a0,160(s2)
    1598:	0100                	addi	s0,sp,128
    159a:	0204                	addi	s1,sp,256
    159c:	0c096503          	lwu	a0,192(s2)
    15a0:	0100                	addi	s0,sp,128
    15a2:	0205                	addi	tp,tp,1 # 1 <__boot_hart+0x1>
    15a4:	0c090203          	lb	tp,192(s2)
    15a8:	0100                	addi	s0,sp,128
    15aa:	0305                	addi	t1,t1,1
    15ac:	02090103          	lb	sp,32(s2)
    15b0:	0100                	addi	s0,sp,128
    15b2:	1c05                	addi	s8,s8,-31
    15b4:	0200                	addi	s0,sp,256
    15b6:	0204                	addi	s1,sp,256
    15b8:	0a097f03          	.insn	4, 0x0a097f03
    15bc:	0100                	addi	s0,sp,128
    15be:	0c05                	addi	s8,s8,1
    15c0:	0200                	addi	s0,sp,256
    15c2:	0104                	addi	s1,sp,128
    15c4:	0a090003          	lb	zero,160(s2)
    15c8:	0100                	addi	s0,sp,128
    15ca:	1205                	addi	tp,tp,-31 # ffffffffffffffe1 <__stack_start+0xffffffff7ffdcfe1>
    15cc:	0200                	addi	s0,sp,256
    15ce:	0104                	addi	s1,sp,128
    15d0:	0c090003          	lb	zero,192(s2)
    15d4:	0100                	addi	s0,sp,128
    15d6:	0105                	addi	sp,sp,1
    15d8:	0a090203          	lb	tp,160(s2)
    15dc:	0100                	addi	s0,sp,128
    15de:	0c090303          	lb	t1,192(s2)
    15e2:	0100                	addi	s0,sp,128
    15e4:	0205                	addi	tp,tp,1 # 1 <__boot_hart+0x1>
    15e6:	0c090103          	lb	sp,192(s2)
    15ea:	0100                	addi	s0,sp,128
    15ec:	08090103          	lb	sp,128(s2)
    15f0:	0100                	addi	s0,sp,128
    15f2:	06090103          	lb	sp,96(s2)
    15f6:	0100                	addi	s0,sp,128
    15f8:	0105                	addi	sp,sp,1
    15fa:	06090103          	lb	sp,96(s2)
    15fe:	0100                	addi	s0,sp,128
    1600:	0a090303          	lb	t1,160(s2)
    1604:	0100                	addi	s0,sp,128
    1606:	0505                	addi	a0,a0,1
    1608:	1e090503          	lb	a0,480(s2)
    160c:	0100                	addi	s0,sp,128
    160e:	0f05                	addi	t5,t5,1
    1610:	14090103          	lb	sp,320(s2)
    1614:	0100                	addi	s0,sp,128
    1616:	0d05                	addi	s10,s10,1
    1618:	04090103          	lb	sp,64(s2)
    161c:	0100                	addi	s0,sp,128
    161e:	04090103          	lb	sp,64(s2)
    1622:	0100                	addi	s0,sp,128
    1624:	0b05                	addi	s6,s6,1
    1626:	04090203          	lb	tp,64(s2)
    162a:	0100                	addi	s0,sp,128
    162c:	0c05                	addi	s8,s8,1
    162e:	02090103          	lb	sp,32(s2)
    1632:	0100                	addi	s0,sp,128
    1634:	0d05                	addi	s10,s10,1
    1636:	0c090103          	lb	sp,192(s2)
    163a:	0100                	addi	s0,sp,128
    163c:	1905                	addi	s2,s2,-31
    163e:	68090303          	lb	t1,1664(s2)
    1642:	0100                	addi	s0,sp,128
    1644:	1105                	addi	sp,sp,-31
    1646:	06090103          	lb	sp,96(s2)
    164a:	0100                	addi	s0,sp,128
    164c:	1905                	addi	s2,s2,-31
    164e:	02090303          	lb	t1,32(s2)
    1652:	0100                	addi	s0,sp,128
    1654:	1105                	addi	sp,sp,-31
    1656:	06090103          	lb	sp,96(s2)
    165a:	0100                	addi	s0,sp,128
    165c:	1405                	addi	s0,s0,-31
    165e:	02090503          	lb	a0,32(s2)
    1662:	0100                	addi	s0,sp,128
    1664:	1705                	addi	a4,a4,-31 # fffffffffffeffe1 <__stack_start+0xffffffff7ffccfe1>
    1666:	0a090103          	lb	sp,160(s2)
    166a:	0100                	addi	s0,sp,128
    166c:	12090103          	lb	sp,288(s2)
    1670:	0100                	addi	s0,sp,128
    1672:	1905                	addi	s2,s2,-31
    1674:	0a090203          	lb	tp,160(s2)
    1678:	0100                	addi	s0,sp,128
    167a:	1705                	addi	a4,a4,-31
    167c:	0200                	addi	s0,sp,256
    167e:	0104                	addi	s1,sp,128
    1680:	0e090003          	lb	zero,224(s2)
    1684:	0100                	addi	s0,sp,128
    1686:	2505                	addiw	a0,a0,1
    1688:	08090103          	lb	sp,128(s2)
    168c:	0100                	addi	s0,sp,128
    168e:	1705                	addi	a4,a4,-31
    1690:	0200                	addi	s0,sp,256
    1692:	0104                	addi	s1,sp,128
    1694:	0a090003          	lb	zero,160(s2)
    1698:	0100                	addi	s0,sp,128
    169a:	0200                	addi	s0,sp,256
    169c:	0204                	addi	s1,sp,256
    169e:	0306                	slli	t1,t1,0x1
    16a0:	0900                	addi	s0,sp,144
    16a2:	0008                	.insn	2, 0x0008
    16a4:	0501                	addi	a0,a0,0
    16a6:	0611                	addi	a2,a2,4
    16a8:	06090203          	lb	tp,96(s2)
    16ac:	0100                	addi	s0,sp,128
    16ae:	2105                	addiw	sp,sp,1
    16b0:	02090103          	lb	sp,32(s2)
    16b4:	0100                	addi	s0,sp,128
    16b6:	1a05                	addi	s4,s4,-31
    16b8:	10090003          	lb	zero,256(s2)
    16bc:	0100                	addi	s0,sp,128
    16be:	1505                	addi	a0,a0,-31
    16c0:	06090103          	lb	sp,96(s2)
    16c4:	0100                	addi	s0,sp,128
    16c6:	2805                	addiw	a6,a6,1
    16c8:	0200                	addi	s0,sp,256
    16ca:	0104                	addi	s1,sp,128
    16cc:	0a090003          	lb	zero,160(s2)
    16d0:	0100                	addi	s0,sp,128
    16d2:	1505                	addi	a0,a0,-31
    16d4:	0200                	addi	s0,sp,256
    16d6:	0104                	addi	s1,sp,128
    16d8:	08090003          	lb	zero,128(s2)
    16dc:	0100                	addi	s0,sp,128
    16de:	3605                	addiw	a2,a2,-31
    16e0:	0200                	addi	s0,sp,256
    16e2:	0204                	addi	s1,sp,256
    16e4:	0a090003          	lb	zero,160(s2)
    16e8:	0100                	addi	s0,sp,128
    16ea:	1505                	addi	a0,a0,-31
    16ec:	0200                	addi	s0,sp,256
    16ee:	0204                	addi	s1,sp,256
    16f0:	08090003          	lb	zero,128(s2)
    16f4:	0100                	addi	s0,sp,128
    16f6:	0200                	addi	s0,sp,256
    16f8:	0404                	addi	s1,sp,512
    16fa:	0306                	slli	t1,t1,0x1
    16fc:	0900                	addi	s0,sp,144
    16fe:	0008                	.insn	2, 0x0008
    1700:	0501                	addi	a0,a0,0
    1702:	0622                	slli	a2,a2,0x8
    1704:	06097e03          	.insn	4, 0x06097e03
    1708:	0100                	addi	s0,sp,128
    170a:	1a05                	addi	s4,s4,-31
    170c:	0200                	addi	s0,sp,256
    170e:	0104                	addi	s1,sp,128
    1710:	0a090003          	lb	zero,160(s2)
    1714:	0100                	addi	s0,sp,128
    1716:	1105                	addi	sp,sp,-31
    1718:	08090403          	lb	s0,128(s2)
    171c:	0100                	addi	s0,sp,128
    171e:	1405                	addi	s0,s0,-31
    1720:	02090a03          	lb	s4,32(s2)
    1724:	0100                	addi	s0,sp,128
    1726:	1905                	addi	s2,s2,-31
    1728:	0a090103          	lb	sp,160(s2)
    172c:	0100                	addi	s0,sp,128
    172e:	1b05                	addi	s6,s6,-31
    1730:	14090403          	lb	s0,320(s2)
    1734:	0100                	addi	s0,sp,128
    1736:	1905                	addi	s2,s2,-31
    1738:	0200                	addi	s0,sp,256
    173a:	0104                	addi	s1,sp,128
    173c:	0e090003          	lb	zero,224(s2)
    1740:	0100                	addi	s0,sp,128
    1742:	1805                	addi	a6,a6,-31
    1744:	04090103          	lb	sp,64(s2)
    1748:	0100                	addi	s0,sp,128
    174a:	1f05                	addi	t5,t5,-31
    174c:	0a090203          	lb	tp,160(s2)
    1750:	0100                	addi	s0,sp,128
    1752:	1d05                	addi	s10,s10,-31
    1754:	0c090003          	lb	zero,192(s2)
    1758:	0100                	addi	s0,sp,128
    175a:	1405                	addi	s0,s0,-31
    175c:	04090503          	lb	a0,64(s2)
    1760:	0100                	addi	s0,sp,128
    1762:	1505                	addi	a0,a0,-31
    1764:	08090103          	lb	sp,128(s2)
    1768:	0100                	addi	s0,sp,128
    176a:	1905                	addi	s2,s2,-31
    176c:	08090103          	lb	sp,128(s2)
    1770:	0100                	addi	s0,sp,128
    1772:	1505                	addi	a0,a0,-31
    1774:	0c090503          	lb	a0,192(s2)
    1778:	0100                	addi	s0,sp,128
    177a:	3005                	.insn	2, 0x3005
    177c:	04090203          	lb	tp,64(s2)
    1780:	0100                	addi	s0,sp,128
    1782:	2905                	addiw	s2,s2,1
    1784:	28090003          	lb	zero,640(s2)
    1788:	0100                	addi	s0,sp,128
    178a:	1f05                	addi	t5,t5,-31
    178c:	04090003          	lb	zero,64(s2)
    1790:	0100                	addi	s0,sp,128
    1792:	2905                	addiw	s2,s2,1
    1794:	0c090003          	lb	zero,192(s2)
    1798:	0100                	addi	s0,sp,128
    179a:	2305                	addiw	t1,t1,1
    179c:	08090003          	lb	zero,128(s2)
    17a0:	0100                	addi	s0,sp,128
    17a2:	1905                	addi	s2,s2,-31
    17a4:	08090103          	lb	sp,128(s2)
    17a8:	0100                	addi	s0,sp,128
    17aa:	2205                	addiw	tp,tp,1 # 1 <__boot_hart+0x1>
    17ac:	0200                	addi	s0,sp,256
    17ae:	0204                	addi	s1,sp,256
    17b0:	1e090103          	lb	sp,480(s2)
    17b4:	0100                	addi	s0,sp,128
    17b6:	0200                	addi	s0,sp,256
    17b8:	0104                	addi	s1,sp,128
    17ba:	0306                	slli	t1,t1,0x1
    17bc:	0900                	addi	s0,sp,144
    17be:	0008                	.insn	2, 0x0008
    17c0:	0501                	addi	a0,a0,0
    17c2:	03030617          	auipc	a2,0x3030
    17c6:	0e09                	addi	t3,t3,2
    17c8:	0100                	addi	s0,sp,128
    17ca:	1505                	addi	a0,a0,-31
    17cc:	02090103          	lb	sp,32(s2)
    17d0:	0100                	addi	s0,sp,128
    17d2:	1c05                	addi	s8,s8,-31
    17d4:	1c097f03          	.insn	4, 0x1c097f03
    17d8:	0100                	addi	s0,sp,128
    17da:	1105                	addi	sp,sp,-31
    17dc:	0a090303          	lb	t1,160(s2)
    17e0:	0100                	addi	s0,sp,128
    17e2:	02090303          	lb	t1,32(s2)
    17e6:	0100                	addi	s0,sp,128
    17e8:	0200                	addi	s0,sp,256
    17ea:	0104                	addi	s1,sp,128
    17ec:	0306                	slli	t1,t1,0x1
    17ee:	0900                	addi	s0,sp,144
    17f0:	000e                	c.slli	zero,0x3
    17f2:	0601                	addi	a2,a2,0 # 30317c2 <__heap_size+0x30117c2>
    17f4:	06090103          	lb	sp,96(s2)
    17f8:	0100                	addi	s0,sp,128
    17fa:	1705                	addi	a4,a4,-31
    17fc:	02090203          	lb	tp,32(s2)
    1800:	0100                	addi	s0,sp,128
    1802:	1105                	addi	sp,sp,-31
    1804:	0200                	addi	s0,sp,256
    1806:	0104                	addi	s1,sp,128
    1808:	0e090003          	lb	zero,224(s2)
    180c:	0100                	addi	s0,sp,128
    180e:	0a090103          	lb	sp,160(s2)
    1812:	0100                	addi	s0,sp,128
    1814:	1e05                	addi	t3,t3,-31
    1816:	02090203          	lb	tp,32(s2)
    181a:	0100                	addi	s0,sp,128
    181c:	1a05                	addi	s4,s4,-31
    181e:	12090203          	lb	tp,288(s2)
    1822:	0100                	addi	s0,sp,128
    1824:	1105                	addi	sp,sp,-31
    1826:	06090003          	lb	zero,96(s2)
    182a:	0100                	addi	s0,sp,128
    182c:	2905                	addiw	s2,s2,1
    182e:	02090103          	lb	sp,32(s2)
    1832:	0100                	addi	s0,sp,128
    1834:	2205                	addiw	tp,tp,1 # 1 <__boot_hart+0x1>
    1836:	0e090003          	lb	zero,224(s2)
    183a:	0100                	addi	s0,sp,128
    183c:	1505                	addi	a0,a0,-31
    183e:	06090103          	lb	sp,96(s2)
    1842:	0100                	addi	s0,sp,128
    1844:	2805                	addiw	a6,a6,1
    1846:	0200                	addi	s0,sp,256
    1848:	0104                	addi	s1,sp,128
    184a:	0e090003          	lb	zero,224(s2)
    184e:	0100                	addi	s0,sp,128
    1850:	1505                	addi	a0,a0,-31
    1852:	0200                	addi	s0,sp,256
    1854:	0104                	addi	s1,sp,128
    1856:	08090003          	lb	zero,128(s2)
    185a:	0100                	addi	s0,sp,128
    185c:	3605                	addiw	a2,a2,-31
    185e:	0200                	addi	s0,sp,256
    1860:	0204                	addi	s1,sp,256
    1862:	0a090003          	lb	zero,160(s2)
    1866:	0100                	addi	s0,sp,128
    1868:	1505                	addi	a0,a0,-31
    186a:	0200                	addi	s0,sp,256
    186c:	0204                	addi	s1,sp,256
    186e:	08090003          	lb	zero,128(s2)
    1872:	0100                	addi	s0,sp,128
    1874:	0200                	addi	s0,sp,256
    1876:	0404                	addi	s1,sp,512
    1878:	0306                	slli	t1,t1,0x1
    187a:	0900                	addi	s0,sp,144
    187c:	0008                	.insn	2, 0x0008
    187e:	0501                	addi	a0,a0,0
    1880:	002c                	addi	a1,sp,8
    1882:	0402                	c.slli	s0,0x0
    1884:	0602                	c.slli	a2,0x0
    1886:	06097e03          	.insn	4, 0x06097e03
    188a:	0100                	addi	s0,sp,128
    188c:	2405                	addiw	s0,s0,1
    188e:	0200                	addi	s0,sp,256
    1890:	0104                	addi	s1,sp,128
    1892:	0a090003          	lb	zero,160(s2)
    1896:	0100                	addi	s0,sp,128
    1898:	1105                	addi	sp,sp,-31
    189a:	0a090403          	lb	s0,160(s2)
    189e:	0100                	addi	s0,sp,128
    18a0:	1705                	addi	a4,a4,-31
    18a2:	02090403          	lb	s0,32(s2)
    18a6:	0100                	addi	s0,sp,128
    18a8:	04090103          	lb	sp,64(s2)
    18ac:	0100                	addi	s0,sp,128
    18ae:	04090103          	lb	sp,64(s2)
    18b2:	0100                	addi	s0,sp,128
    18b4:	1305                	addi	t1,t1,-31
    18b6:	06090103          	lb	sp,96(s2)
    18ba:	0100                	addi	s0,sp,128
    18bc:	1705                	addi	a4,a4,-31
    18be:	10090203          	lb	tp,256(s2)
    18c2:	0100                	addi	s0,sp,128
    18c4:	0d05                	addi	s10,s10,1
    18c6:	08090303          	lb	t1,128(s2)
    18ca:	0100                	addi	s0,sp,128
    18cc:	1505                	addi	a0,a0,-31
    18ce:	097fa303          	lw	t1,151(t6) # fffffffffffe2097 <__stack_start+0xffffffff7ffbf097>
    18d2:	000a                	c.slli	zero,0x2
    18d4:	0501                	addi	a0,a0,0
    18d6:	0900030f          	.insn	4, 0x0900030f
    18da:	000c                	.insn	2, 0x000c
    18dc:	0501                	addi	a0,a0,0
    18de:	0319                	addi	t1,t1,6
    18e0:	0900                	addi	s0,sp,144
    18e2:	0008                	.insn	2, 0x0008
    18e4:	0501                	addi	a0,a0,0
    18e6:	0301                	addi	t1,t1,0
    18e8:	00e2                	slli	ra,ra,0x18
    18ea:	0c09                	addi	s8,s8,2
    18ec:	0100                	addi	s0,sp,128
    18ee:	0c09                	addi	s8,s8,2
    18f0:	0000                	unimp
    18f2:	0101                	addi	sp,sp,0
    18f4:	015e                	slli	sp,sp,0x17
    18f6:	0000                	unimp
    18f8:	0005                	c.nop	1
    18fa:	0008                	.insn	2, 0x0008
    18fc:	002a                	c.slli	zero,0xa
    18fe:	0000                	unimp
    1900:	0101                	addi	sp,sp,0
    1902:	fb01                	bnez	a4,1812 <__stack_align+0x1802>
    1904:	0d0e                	slli	s10,s10,0x3
    1906:	0100                	addi	s0,sp,128
    1908:	0101                	addi	sp,sp,0
    190a:	0001                	nop
    190c:	0000                	unimp
    190e:	0001                	nop
    1910:	0100                	addi	s0,sp,128
    1912:	0101                	addi	sp,sp,0
    1914:	011f 01ac 0000      	.insn	6, 0x01ac011f
    191a:	0102                	c.slli	sp,0x0
    191c:	021f 020f 0282      	.insn	6, 0x0282020f021f
    1922:	0000                	unimp
    1924:	8200                	.insn	2, 0x8200
    1926:	0002                	c.slli	zero,0x0
    1928:	0000                	unimp
    192a:	1e05                	addi	t3,t3,-31
    192c:	0900                	addi	s0,sp,144
    192e:	a002                	fsd	ft0,0(sp)
    1930:	00800017          	auipc	zero,0x800
    1934:	0000                	unimp
    1936:	1800                	addi	s0,sp,48
    1938:	1f05                	addi	t5,t5,-31
    193a:	08090003          	lb	zero,128(s2)
    193e:	0100                	addi	s0,sp,128
    1940:	1e05                	addi	t3,t3,-31
    1942:	0a090103          	lb	sp,160(s2)
    1946:	0100                	addi	s0,sp,128
    1948:	1f05                	addi	t5,t5,-31
    194a:	08090003          	lb	zero,128(s2)
    194e:	0100                	addi	s0,sp,128
    1950:	1d05                	addi	s10,s10,-31
    1952:	0a090203          	lb	tp,160(s2)
    1956:	0100                	addi	s0,sp,128
    1958:	2f05                	addiw	t5,t5,1
    195a:	0c090003          	lb	zero,192(s2)
    195e:	0100                	addi	s0,sp,128
    1960:	3205                	addiw	tp,tp,-31 # ffffffffffffffe1 <__stack_start+0xffffffff7ffdcfe1>
    1962:	02090003          	lb	zero,32(s2)
    1966:	0100                	addi	s0,sp,128
    1968:	1505                	addi	a0,a0,-31
    196a:	0a090203          	lb	tp,160(s2)
    196e:	0100                	addi	s0,sp,128
    1970:	1705                	addi	a4,a4,-31
    1972:	0e090003          	lb	zero,224(s2)
    1976:	0100                	addi	s0,sp,128
    1978:	2f05                	addiw	t5,t5,1
    197a:	0a090603          	lb	a2,160(s2)
    197e:	0100                	addi	s0,sp,128
    1980:	1405                	addi	s0,s0,-31
    1982:	16090103          	lb	sp,352(s2)
    1986:	0100                	addi	s0,sp,128
    1988:	0b05                	addi	s6,s6,1
    198a:	08090103          	lb	sp,128(s2)
    198e:	0100                	addi	s0,sp,128
    1990:	1305                	addi	t1,t1,-31
    1992:	0200                	addi	s0,sp,256
    1994:	0204                	addi	s1,sp,256
    1996:	02090003          	lb	zero,32(s2)
    199a:	0100                	addi	s0,sp,128
    199c:	1805                	addi	a6,a6,-31
    199e:	0200                	addi	s0,sp,256
    19a0:	0204                	addi	s1,sp,256
    19a2:	0c090003          	lb	zero,192(s2)
    19a6:	0100                	addi	s0,sp,128
    19a8:	1605                	addi	a2,a2,-31
    19aa:	0200                	addi	s0,sp,256
    19ac:	0204                	addi	s1,sp,256
    19ae:	08090003          	lb	zero,128(s2)
    19b2:	0100                	addi	s0,sp,128
    19b4:	0d05                	addi	s10,s10,1
    19b6:	0200                	addi	s0,sp,256
    19b8:	0104                	addi	s1,sp,128
    19ba:	04090003          	lb	zero,64(s2)
    19be:	0100                	addi	s0,sp,128
    19c0:	0c05                	addi	s8,s8,1
    19c2:	0200                	addi	s0,sp,256
    19c4:	0104                	addi	s1,sp,128
    19c6:	0c090003          	lb	zero,192(s2)
    19ca:	0100                	addi	s0,sp,128
    19cc:	02090103          	lb	sp,32(s2)
    19d0:	0100                	addi	s0,sp,128
    19d2:	0105                	addi	sp,sp,1
    19d4:	04090103          	lb	sp,64(s2)
    19d8:	0100                	addi	s0,sp,128
    19da:	3b05                	addiw	s6,s6,-31
    19dc:	0a090203          	lb	tp,160(s2)
    19e0:	0100                	addi	s0,sp,128
    19e2:	1405                	addi	s0,s0,-31
    19e4:	14090103          	lb	sp,320(s2)
    19e8:	0100                	addi	s0,sp,128
    19ea:	1a05                	addi	s4,s4,-31
    19ec:	08090103          	lb	sp,128(s2)
    19f0:	0100                	addi	s0,sp,128
    19f2:	0b05                	addi	s6,s6,1
    19f4:	08090103          	lb	sp,128(s2)
    19f8:	0100                	addi	s0,sp,128
    19fa:	1b05                	addi	s6,s6,-31
    19fc:	0200                	addi	s0,sp,256
    19fe:	0204                	addi	s1,sp,256
    1a00:	02090003          	lb	zero,32(s2)
    1a04:	0100                	addi	s0,sp,128
    1a06:	1305                	addi	t1,t1,-31
    1a08:	0200                	addi	s0,sp,256
    1a0a:	0204                	addi	s1,sp,256
    1a0c:	0c090003          	lb	zero,192(s2)
    1a10:	0100                	addi	s0,sp,128
    1a12:	1805                	addi	a6,a6,-31
    1a14:	0200                	addi	s0,sp,256
    1a16:	0204                	addi	s1,sp,256
    1a18:	0c090003          	lb	zero,192(s2)
    1a1c:	0100                	addi	s0,sp,128
    1a1e:	1605                	addi	a2,a2,-31
    1a20:	0200                	addi	s0,sp,256
    1a22:	0204                	addi	s1,sp,256
    1a24:	04090003          	lb	zero,64(s2)
    1a28:	0100                	addi	s0,sp,128
    1a2a:	0d05                	addi	s10,s10,1
    1a2c:	0200                	addi	s0,sp,256
    1a2e:	0104                	addi	s1,sp,128
    1a30:	04090003          	lb	zero,64(s2)
    1a34:	0100                	addi	s0,sp,128
    1a36:	0c05                	addi	s8,s8,1
    1a38:	0200                	addi	s0,sp,256
    1a3a:	0104                	addi	s1,sp,128
    1a3c:	0c090003          	lb	zero,192(s2)
    1a40:	0100                	addi	s0,sp,128
    1a42:	02090103          	lb	sp,32(s2)
    1a46:	0100                	addi	s0,sp,128
    1a48:	0105                	addi	sp,sp,1
    1a4a:	04090103          	lb	sp,64(s2)
    1a4e:	0100                	addi	s0,sp,128
    1a50:	0a09                	addi	s4,s4,2
    1a52:	0000                	unimp
    1a54:	0101                	addi	sp,sp,0

Disassembly of section .debug_line_str:

0000000000000000 <.debug_line_str>:
   0:	726f772f          	.insn	4, 0x726f772f
   4:	6170736b          	.insn	4, 0x6170736b
   8:	742f6563          	bltu	t5,sp,752 <__stack_align+0x742>
   c:	636c6f6f          	jal	t5,c6642 <__heap_size+0xa6642>
  10:	6168                	ld	a0,192(a0)
  12:	6e69                	lui	t3,0x1a
  14:	696c2f73          	csrrs	t5,0x696,s8
  18:	6762                	ld	a4,24(sp)
  1a:	6f6c                	ld	a1,216(a4)
  1c:	622f7373          	csrrci	t1,0x622,30
  20:	6975                	lui	s2,0x1d
  22:	646c                	ld	a1,200(s0)
  24:	2e00                	fld	fs0,24(a2)
  26:	2f2e                	fld	ft10,200(sp)
  28:	696d                	lui	s2,0x1b
  2a:	63006373          	csrrsi	t1,0x630,0
  2e:	7472                	ld	s0,312(sp)
  30:	2e30                	fld	fa2,88(a2)
  32:	79730053          	.insn	4, 0x79730053
  36:	6c616373          	csrrsi	t1,0x6c6,2
  3a:	2e6c                	fld	fa1,216(a2)
  3c:	0068                	addi	a0,sp,12
  3e:	74706f2f          	.insn	4, 0x74706f2f
  42:	7369722f          	.insn	4, 0x7369722f
  46:	722f7663          	bgeu	t5,sp,772 <__stack_align+0x762>
  4a:	7369                	lui	t1,0xffffa
  4c:	34367663          	bgeu	a2,gp,398 <__stack_align+0x388>
  50:	752d                	lui	a0,0xfffeb
  52:	6b6e                	ld	s6,216(sp)
  54:	6f6e                	ld	t5,216(sp)
  56:	652d6e77          	.insn	4, 0x652d6e77
  5a:	666c                	ld	a1,200(a2)
  5c:	636e692f          	.insn	4, 0x636e692f
  60:	756c                	ld	a1,232(a0)
  62:	6564                	ld	s1,200(a0)
  64:	7379732f          	.insn	4, 0x7379732f
  68:	2f00                	fld	fs0,24(a4)
  6a:	2f74706f          	j	47b60 <__heap_size+0x27b60>
  6e:	6972                	ld	s2,280(sp)
  70:	2f766373          	csrrsi	t1,0x2f7,12
  74:	6972                	ld	s2,280(sp)
  76:	36766373          	csrrsi	t1,0x367,12
  7a:	2d34                	fld	fa3,88(a0)
  7c:	6e75                	lui	t3,0x1d
  7e:	776f6e6b          	.insn	4, 0x776f6e6b
  82:	2d6e                	fld	fs10,216(sp)
  84:	6c65                	lui	s8,0x19
  86:	2f66                	fld	ft10,88(sp)
  88:	6e69                	lui	t3,0x1a
  8a:	64756c63          	bltu	a0,t2,6e2 <__stack_align+0x6d2>
  8e:	2f65                	addiw	t5,t5,25
  90:	616d                	addi	sp,sp,240
  92:	6e696863          	bltu	s2,t1,782 <__stack_align+0x772>
  96:	0065                	c.nop	25
  98:	2e2e                	fld	ft8,200(sp)
  9a:	636e692f          	.insn	4, 0x636e692f
  9e:	756c                	ld	a1,232(a0)
  a0:	6564                	ld	s1,200(a0)
  a2:	5f00                	lw	s0,56(a4)
  a4:	6564                	ld	s1,200(a0)
  a6:	6166                	ld	sp,88(sp)
  a8:	6c75                	lui	s8,0x1d
  aa:	5f74                	lw	a3,124(a4)
  ac:	7974                	ld	a3,240(a0)
  ae:	6570                	ld	a2,200(a0)
  b0:	00682e73          	csrrs	t3,0x6,a6
  b4:	735f 6474 6e69      	.insn	6, 0x6e696474735f
  ba:	2e74                	fld	fa3,216(a2)
  bc:	0068                	addi	a0,sp,12
  be:	2e2e                	fld	ft8,200(sp)
  c0:	73696d2f          	.insn	4, 0x73696d2f
  c4:	72742f63          	.insn	4, 0x72742f63
  c8:	7061                	c.lui	zero,0xffff8
  ca:	00632e73          	csrrs	t3,0x6,t1
  ce:	69727473          	csrrci	s0,0x697,4
  d2:	676e                	ld	a4,216(sp)
  d4:	682e                	ld	a6,200(sp)
  d6:	2f00                	fld	fs0,24(a4)
  d8:	2f74706f          	j	47bce <__heap_size+0x27bce>
  dc:	6972                	ld	s2,280(sp)
  de:	2f766373          	csrrsi	t1,0x2f7,12
  e2:	696c                	ld	a1,208(a0)
  e4:	2f62                	fld	ft10,24(sp)
  e6:	2f636367          	.insn	4, 0x2f636367
  ea:	6972                	ld	s2,280(sp)
  ec:	36766373          	csrrsi	t1,0x367,12
  f0:	2d34                	fld	fa3,88(a0)
  f2:	6e75                	lui	t3,0x1d
  f4:	776f6e6b          	.insn	4, 0x776f6e6b
  f8:	2d6e                	fld	fs10,216(sp)
  fa:	6c65                	lui	s8,0x19
  fc:	2f66                	fld	ft10,88(sp)
  fe:	3531                	addiw	a0,a0,-20 # fffffffffffeafec <__stack_start+0xffffffff7ffc7fec>
 100:	322e                	fld	ft4,232(sp)
 102:	302e                	fld	ft0,232(sp)
 104:	636e692f          	.insn	4, 0x636e692f
 108:	756c                	ld	a1,232(a0)
 10a:	6564                	ld	s1,200(a0)
 10c:	2e00                	fld	fs0,24(a2)
 10e:	2f2e                	fld	ft10,200(sp)
 110:	696d                	lui	s2,0x1b
 112:	742f6373          	csrrsi	t1,mncause,30
 116:	736c                	ld	a1,224(a4)
 118:	632e                	ld	t1,200(sp)
 11a:	7300                	ld	s0,32(a4)
 11c:	6474                	ld	a3,200(s0)
 11e:	6564                	ld	s1,200(a0)
 120:	2e66                	fld	ft8,88(sp)
 122:	0068                	addi	a0,sp,12
 124:	74706f2f          	.insn	4, 0x74706f2f
 128:	7369722f          	.insn	4, 0x7369722f
 12c:	722f7663          	bgeu	t5,sp,858 <__stack_align+0x848>
 130:	7369                	lui	t1,0xffffa
 132:	34367663          	bgeu	a2,gp,47e <__stack_align+0x46e>
 136:	752d                	lui	a0,0xfffeb
 138:	6b6e                	ld	s6,216(sp)
 13a:	6f6e                	ld	t5,216(sp)
 13c:	652d6e77          	.insn	4, 0x652d6e77
 140:	666c                	ld	a1,200(a2)
 142:	636e692f          	.insn	4, 0x636e692f
 146:	756c                	ld	a1,232(a0)
 148:	6564                	ld	s1,200(a0)
 14a:	2e00                	fld	fs0,24(a2)
 14c:	2f2e                	fld	ft10,200(sp)
 14e:	00737973          	csrrci	s2,0x7,6
 152:	7468                	ld	a0,232(s0)
 154:	6669                	lui	a2,0x1a
 156:	682e                	ld	a6,200(sp)
 158:	2e00                	fld	fs0,24(a2)
 15a:	2f2e                	fld	ft10,200(sp)
 15c:	2f737973          	csrrci	s2,0x2f7,6
 160:	7865                	lui	a6,0xffff9
 162:	7469                	lui	s0,0xffffa
 164:	632e                	ld	t1,200(sp)
 166:	6300                	ld	s0,0(a4)
 168:	7472                	ld	s0,312(sp)
 16a:	616d                	addi	sp,sp,240
 16c:	6e69                	lui	t3,0x1a
 16e:	532e                	lw	t1,232(sp)
 170:	2e00                	fld	fs0,24(a2)
 172:	2f2e                	fld	ft10,200(sp)
 174:	696d                	lui	s2,0x1b
 176:	6d2f6373          	csrrsi	t1,0x6d2,30
 17a:	6961                	lui	s2,0x18
 17c:	2e6e                	fld	ft8,216(sp)
 17e:	2e2e0063          	beq	t3,sp,45e <__stack_align+0x44e>
 182:	73696d2f          	.insn	4, 0x73696d2f
 186:	74682f63          	.insn	4, 0x74682f63
 18a:	6669                	lui	a2,0x1a
 18c:	632e                	ld	t1,200(sp)
 18e:	6100                	ld	s0,0(a0)
 190:	6f74                	ld	a3,216(a4)
 192:	696d                	lui	s2,0x1b
 194:	00682e63          	.insn	4, 0x00682e63
 198:	6e697073          	csrci	0x6e6,18
 19c:	6f6c                	ld	a1,216(a4)
 19e:	682e6b63          	bltu	t3,sp,834 <__stack_align+0x824>
 1a2:	6300                	ld	s0,0(a4)
 1a4:	7069                	c.lui	zero,0xffffa
 1a6:	6568                	ld	a0,200(a0)
 1a8:	2e72                	fld	ft8,280(sp)
 1aa:	772f0063          	beq	t5,s2,90a <__stack_align+0x8fa>
 1ae:	736b726f          	jal	tp,b78e4 <__heap_size+0x978e4>
 1b2:	6170                	ld	a2,192(a0)
 1b4:	642f6563          	bltu	t5,sp,7fe <__stack_align+0x7ee>
 1b8:	6d65                	lui	s10,0x19
 1ba:	7369726f          	jal	tp,978f0 <__heap_size+0x778f0>
 1be:	732f7663          	bgeu	t5,s2,8ea <__stack_align+0x8da>
 1c2:	7774666f          	jal	a2,47138 <__heap_size+0x27138>
 1c6:	7261                	lui	tp,0xffff8
 1c8:	2f65                	addiw	t5,t5,25
 1ca:	68706943          	fmadd.s	fs2,ft0,ft7,fa3,unknown
 1ce:	7265                	lui	tp,0xffff9
 1d0:	2f00                	fld	fs0,24(a4)
 1d2:	6b726f77          	.insn	4, 0x6b726f77
 1d6:	63617073          	csrci	0x636,2
 1da:	2f65                	addiw	t5,t5,25
 1dc:	6564                	ld	s1,200(a0)
 1de:	6f6d                	lui	t5,0x1b
 1e0:	6972                	ld	s2,280(sp)
 1e2:	2f766373          	csrrsi	t1,0x2f7,12
 1e6:	74666f73          	csrrsi	t5,0x746,12
 1ea:	65726177          	.insn	4, 0x65726177
 1ee:	7069432f          	.insn	4, 0x7069432f
 1f2:	6568                	ld	a0,200(a0)
 1f4:	2f72                	fld	ft10,280(sp)
 1f6:	636e692f          	.insn	4, 0x636e692f
 1fa:	756c                	ld	a1,232(a0)
 1fc:	6564                	ld	s1,200(a0)
 1fe:	2f00                	fld	fs0,24(a4)
 200:	6b726f77          	.insn	4, 0x6b726f77
 204:	63617073          	csrci	0x636,2
 208:	2f65                	addiw	t5,t5,25 # 1b019 <__stack_size+0x13019>
 20a:	6564                	ld	s1,200(a0)
 20c:	6f6d                	lui	t5,0x1b
 20e:	6972                	ld	s2,280(sp)
 210:	2f766373          	csrrsi	t1,0x2f7,12
 214:	74666f73          	csrrsi	t5,0x746,12
 218:	65726177          	.insn	4, 0x65726177
 21c:	7069432f          	.insn	4, 0x7069432f
 220:	6568                	ld	a0,200(a0)
 222:	2f72                	fld	ft10,280(sp)
 224:	636e692f          	.insn	4, 0x636e692f
 228:	756c                	ld	a1,232(a0)
 22a:	6564                	ld	s1,200(a0)
 22c:	7069632f          	.insn	4, 0x7069632f
 230:	6568                	ld	a0,200(a0)
 232:	0072                	c.slli	zero,0x1c
 234:	6d6d                	lui	s10,0x1b
 236:	6f69                	lui	t5,0x1a
 238:	682e                	ld	a6,200(sp)
 23a:	6100                	ld	s0,0(a0)
 23c:	6c656363          	bltu	a0,t1,902 <__stack_align+0x8f2>
 240:	635f 6168 6863      	.insn	6, 0x68636168635f
 246:	2e61                	addiw	t3,t3,24 # 1a018 <__stack_size+0x12018>
 248:	0068                	addi	a0,sp,12
 24a:	6361                	lui	t1,0x18
 24c:	5f6c6563          	bltu	s8,s6,836 <__stack_align+0x826>
 250:	69656c6b          	.insn	4, 0x69656c6b
 254:	2e6e                	fld	ft8,216(sp)
 256:	0068                	addi	a0,sp,12
 258:	6361                	lui	t1,0x18
 25a:	5f6c6563          	bltu	s8,s6,844 <__stack_align+0x834>
 25e:	33616873          	csrrsi	a6,mhpmevent22,2
 262:	682e                	ld	a6,200(sp)
 264:	6b00                	ld	s0,16(a4)
 266:	7270                	ld	a2,224(a2)
 268:	6e69                	lui	t3,0x1a
 26a:	6674                	ld	a3,200(a2)
 26c:	682e                	ld	a6,200(sp)
 26e:	6b00                	ld	s0,16(a4)
 270:	7270                	ld	a2,224(a2)
 272:	6e69                	lui	t3,0x1a
 274:	6674                	ld	a3,200(a2)
 276:	632e                	ld	t1,200(sp)
 278:	7300                	ld	s0,32(a4)
 27a:	6474                	ld	a3,200(s0)
 27c:	7261                	lui	tp,0xffff8
 27e:	00682e67          	.insn	4, 0x00682e67
 282:	5f747263          	bgeu	s0,s7,866 <__stack_align+0x856>
 286:	62757473          	csrrci	s0,0x627,10
 28a:	00632e73          	csrrs	t3,0x6,t1

Disassembly of section .debug_info:

0000000000000000 <.debug_info>:
       0:	0025                	c.nop	9
       2:	0000                	unimp
       4:	0005                	c.nop	1
       6:	0801                	addi	a6,a6,0 # ffffffffffff9000 <__stack_start+0xffffffff7ffd6000>
       8:	0000                	unimp
       a:	0000                	unimp
       c:	0001                	nop
       e:	0000                	unimp
      10:	0000                	unimp
      12:	0000                	unimp
      14:	0080                	addi	s0,sp,64
      16:	0000                	unimp
      18:	9800                	.insn	2, 0x9800
      1a:	0004                	.insn	2, 0x0004
      1c:	0000                	unimp
      1e:	0f00                	addi	s0,sp,912
      20:	0000                	unimp
      22:	3400                	fld	fs0,40(s0)
      24:	0000                	unimp
      26:	0100                	addi	s0,sp,128
      28:	4a80                	lw	s0,16(a3)
      2a:	0001                	nop
      2c:	0500                	addi	s0,sp,640
      2e:	0100                	addi	s0,sp,128
      30:	1408                	addi	a0,sp,544
      32:	0000                	unimp
      34:	0400                	addi	s0,sp,512
      36:	000000c3          	fmadd.s	ft1,ft0,ft0,ft0,rne
      3a:	be1d                	j	fffffffffffffb70 <__stack_start+0xffffffff7ffdcb70>
      3c:	0000                	unimp
      3e:	0000                	unimp
      40:	0000                	unimp
      42:	3400                	fld	fs0,40(s0)
      44:	0002                	c.slli	zero,0x0
      46:	0080                	addi	s0,sp,64
      48:	0000                	unimp
      4a:	1600                	addi	s0,sp,800
      4c:	0000                	unimp
      4e:	0000                	unimp
      50:	0000                	unimp
      52:	3200                	fld	fs0,32(a2)
      54:	0004                	.insn	2, 0x0004
      56:	0100                	addi	s0,sp,128
      58:	0601                	addi	a2,a2,0 # 1a000 <__stack_size+0x12000>
      5a:	0079                	c.nop	30
      5c:	0000                	unimp
      5e:	0101                	addi	sp,sp,0
      60:	7708                	ld	a0,40(a4)
      62:	0000                	unimp
      64:	0100                	addi	s0,sp,128
      66:	0502                	c.slli	a0,0x0
      68:	00b4                	addi	a3,sp,72
      6a:	0000                	unimp
      6c:	0201                	addi	tp,tp,0 # ffffffffffff8000 <__stack_start+0xffffffff7ffd5000>
      6e:	00004c07          	.insn	4, 0x4c07
      72:	0500                	addi	s0,sp,640
      74:	0504                	addi	s1,sp,640
      76:	6e69                	lui	t3,0x1a
      78:	0074                	addi	a3,sp,12
      7a:	0401                	addi	s0,s0,0 # ffffffffffffa000 <__stack_start+0xffffffff7ffd7000>
      7c:	00019e07          	.insn	4, 0x00019e07
      80:	0100                	addi	s0,sp,128
      82:	0508                	addi	a0,sp,640
      84:	009a                	slli	ra,ra,0x6
      86:	0000                	unimp
      88:	0801                	addi	a6,a6,0
      8a:	00019907          	.insn	4, 0x00019907
      8e:	0200                	addi	s0,sp,256
      90:	0085                	addi	ra,ra,1
      92:	0000                	unimp
      94:	e602                	sd	zero,264(sp)
      96:	5819                	li	a6,-26
      98:	0000                	unimp
      9a:	0200                	addi	s0,sp,256
      9c:	0065                	c.nop	25
      9e:	0000                	unimp
      a0:	e802                	sd	zero,16(sp)
      a2:	5f1a                	lw	t5,164(sp)
      a4:	0000                	unimp
      a6:	0200                	addi	s0,sp,256
      a8:	00000087          	.insn	4, 0x0087
      ac:	66144d03          	lbu	s10,1633(s0)
      b0:	0000                	unimp
      b2:	0200                	addi	s0,sp,256
      b4:	00000067          	jr	zero # 0 <__boot_hart>
      b8:	72155203          	lhu	tp,1825(a0) # fffffffffffeb721 <__stack_start+0xffffffff7ffc8721>
      bc:	0000                	unimp
      be:	0100                	addi	s0,sp,128
      c0:	0508                	addi	a0,sp,640
      c2:	0095                	addi	ra,ra,5
      c4:	0000                	unimp
      c6:	1001                	c.nop	-32
      c8:	a804                	fsd	fs1,16(s0)
      ca:	0000                	unimp
      cc:	0100                	addi	s0,sp,128
      ce:	0801                	addi	a6,a6,0
      d0:	0080                	addi	s0,sp,64
      d2:	0000                	unimp
      d4:	7106                	ld	sp,96(sp)
      d6:	0000                	unimp
      d8:	0400                	addi	s0,sp,512
      da:	0d41                	addi	s10,s10,16 # 1b010 <__stack_size+0x13010>
      dc:	00bd                	addi	ra,ra,15
      de:	0000                	unimp
      e0:	00004a07          	.insn	4, 0x4a07
      e4:	0000                	unimp
      e6:	4008                	lw	a0,0(s0)
      e8:	0000                	unimp
      ea:	0100                	addi	s0,sp,128
      ec:	1c04                	addi	s1,sp,560
      ee:	0234                	addi	a3,sp,264
      f0:	8000                	.insn	2, 0x8000
      f2:	0000                	unimp
      f4:	0000                	unimp
      f6:	0016                	c.slli	zero,0x5
      f8:	0000                	unimp
      fa:	0000                	unimp
      fc:	0000                	unimp
      fe:	9c01                	subw	s0,s0,s0
     100:	00000147          	fmsub.s	ft2,ft0,ft0,ft0,rne
     104:	6509                	lui	a0,0x2
     106:	6370                	ld	a2,192(a4)
     108:	0100                	addi	s0,sp,128
     10a:	3204                	fld	fs1,32(a2)
     10c:	008a                	slli	ra,ra,0x2
     10e:	0000                	unimp
     110:	0010                	.insn	2, 0x0010
     112:	0000                	unimp
     114:	000c                	.insn	2, 0x000c
     116:	0000                	unimp
     118:	00005f03          	lhu	t5,0(zero) # 0 <__boot_hart>
     11c:	4100                	lw	s0,0(a0)
     11e:	008a                	slli	ra,ra,0x2
     120:	0000                	unimp
     122:	0022                	c.slli	zero,0x8
     124:	0000                	unimp
     126:	001e                	c.slli	zero,0x7
     128:	0000                	unimp
     12a:	0000be03          	ld	t3,0(ra)
     12e:	5200                	lw	s0,32(a2)
     130:	008a                	slli	ra,ra,0x2
     132:	0000                	unimp
     134:	0034                	addi	a3,sp,8
     136:	0000                	unimp
     138:	0030                	addi	a2,sp,8
     13a:	0000                	unimp
     13c:	00009003          	lh	zero,0(ra)
     140:	6200                	ld	s0,0(a2)
     142:	00000147          	fmsub.s	ft2,ft0,ft0,ft0,rne
     146:	0046                	c.slli	zero,0x11
     148:	0000                	unimp
     14a:	0042                	c.slli	zero,0x10
     14c:	0000                	unimp
     14e:	a30a                	fsd	ft2,384(sp)
     150:	0000                	unimp
     152:	0100                	addi	s0,sp,128
     154:	004a0907          	.insn	4, 0x004a0907
     158:	0000                	unimp
     15a:	0056                	c.slli	zero,0x15
     15c:	0000                	unimp
     15e:	0054                	addi	a3,sp,4
     160:	0000                	unimp
     162:	00024a0b          	.insn	4, 0x00024a0b
     166:	0080                	addi	s0,sp,64
     168:	0000                	unimp
     16a:	ab00                	fsd	fs0,16(a4)
     16c:	0000                	unimp
     16e:	0000                	unimp
     170:	080c                	addi	a1,sp,16
     172:	008a                	slli	ra,ra,0x2
     174:	0000                	unimp
     176:	6500                	ld	s0,8(a0)
     178:	0001                	nop
     17a:	0500                	addi	s0,sp,640
     17c:	0100                	addi	s0,sp,128
     17e:	d708                	sw	a0,40(a4)
     180:	0000                	unimp
     182:	0800                	addi	s0,sp,16
     184:	000000c3          	fmadd.s	ft1,ft0,ft0,ft0,rne
     188:	0d1d                	addi	s10,s10,7
     18a:	0001                	nop
     18c:	0000                	unimp
     18e:	0000                	unimp
     190:	4a00                	lw	s0,16(a2)
     192:	0002                	c.slli	zero,0x0
     194:	0080                	addi	s0,sp,64
     196:	0000                	unimp
     198:	3000                	fld	fs0,32(s0)
     19a:	0000                	unimp
     19c:	0000                	unimp
     19e:	0000                	unimp
     1a0:	ec00                	sd	s0,24(s0)
     1a2:	0004                	.insn	2, 0x0004
     1a4:	0100                	addi	s0,sp,128
     1a6:	0508                	addi	a0,sp,640
     1a8:	009a                	slli	ra,ra,0x6
     1aa:	0000                	unimp
     1ac:	6709                	lui	a4,0x2
     1ae:	0001                	nop
     1b0:	0300                	addi	s0,sp,384
     1b2:	17e5                	addi	a5,a5,-7
     1b4:	0041                	c.nop	16
     1b6:	0000                	unimp
     1b8:	0801                	addi	a6,a6,0
     1ba:	00019907          	.insn	4, 0x00019907
     1be:	0a00                	addi	s0,sp,272
     1c0:	0504                	addi	s1,sp,640
     1c2:	6e69                	lui	t3,0x1a
     1c4:	0074                	addi	a3,sp,12
     1c6:	0801                	addi	a6,a6,0
     1c8:	9505                	srai	a0,a0,0x21
     1ca:	0000                	unimp
     1cc:	0100                	addi	s0,sp,128
     1ce:	0410                	addi	a2,sp,512
     1d0:	00a8                	addi	a0,sp,72
     1d2:	0000                	unimp
     1d4:	0101                	addi	sp,sp,0
     1d6:	7906                	ld	s2,96(sp)
     1d8:	0000                	unimp
     1da:	0100                	addi	s0,sp,128
     1dc:	0801                	addi	a6,a6,0
     1de:	00000077          	.insn	4, 0x0077
     1e2:	0201                	addi	tp,tp,0 # 0 <__boot_hart>
     1e4:	b405                	j	fffffffffffffc04 <__stack_start+0xffffffff7ffdcc04>
     1e6:	0000                	unimp
     1e8:	0100                	addi	s0,sp,128
     1ea:	0702                	c.slli	a4,0x0
     1ec:	004c                	addi	a1,sp,4
     1ee:	0000                	unimp
     1f0:	0401                	addi	s0,s0,0
     1f2:	00019e07          	.insn	4, 0x00019e07
     1f6:	0b00                	addi	s0,sp,400
     1f8:	0408                	addi	a0,sp,512
     1fa:	0080                	addi	s0,sp,64
     1fc:	0000                	unimp
     1fe:	8c05                	sub	s0,s0,s1
     200:	0000                	unimp
     202:	0100                	addi	s0,sp,128
     204:	0801                	addi	a6,a6,0
     206:	0080                	addi	s0,sp,64
     208:	0000                	unimp
     20a:	0801                	addi	a6,a6,0
     20c:	00019407          	.insn	4, 0x00019407
     210:	0600                	addi	s0,sp,768
     212:	01da                	slli	gp,gp,0x16
     214:	0000                	unimp
     216:	8021                	srli	s0,s0,0x8
     218:	0000                	unimp
     21a:	b800                	fsd	fs0,48(s0)
     21c:	0000                	unimp
     21e:	0200                	addi	s0,sp,256
     220:	0080                	addi	s0,sp,64
     222:	0000                	unimp
     224:	4802                	lw	a6,0(sp)
     226:	0000                	unimp
     228:	0200                	addi	s0,sp,256
     22a:	0035                	c.nop	13
     22c:	0000                	unimp
     22e:	0600                	addi	s0,sp,768
     230:	01c5                	addi	gp,gp,17 # 80002861 <__global_pointer$+0x11>
     232:	0000                	unimp
     234:	801f 0000 d600      	.insn	6, 0xd6000000801f
     23a:	0000                	unimp
     23c:	0200                	addi	s0,sp,256
     23e:	0082                	c.slli	ra,0x0
     240:	0000                	unimp
     242:	db02                	sw	zero,180(sp)
     244:	0000                	unimp
     246:	0200                	addi	s0,sp,256
     248:	0035                	c.nop	13
     24a:	0000                	unimp
     24c:	0500                	addi	s0,sp,640
     24e:	00e0                	addi	s0,sp,76
     250:	0000                	unimp
     252:	d604                	sw	s1,40(a2)
     254:	0000                	unimp
     256:	0c00                	addi	s0,sp,528
     258:	6e0d                	lui	t3,0x3
     25a:	0001                	nop
     25c:	0100                	addi	s0,sp,128
     25e:	024a0603          	lb	a2,36(s4)
     262:	8000                	.insn	2, 0x8000
     264:	0000                	unimp
     266:	0000                	unimp
     268:	0030                	addi	a2,sp,8
     26a:	0000                	unimp
     26c:	0000                	unimp
     26e:	0000                	unimp
     270:	9c01                	subw	s0,s0,s0
     272:	0161                	addi	sp,sp,24
     274:	0000                	unimp
     276:	ab0e                	fsd	ft3,400(sp)
     278:	0001                	nop
     27a:	0100                	addi	s0,sp,128
     27c:	1405                	addi	s0,s0,-31
     27e:	00000087          	.insn	4, 0x0087
     282:	5401                	li	s0,-32
     284:	0001cc03          	lbu	s8,0(gp) # 80002850 <__global_pointer$>
     288:	0600                	addi	s0,sp,768
     28a:	0161                	addi	sp,sp,24
     28c:	0000                	unimp
     28e:	00018603          	lb	a2,0(gp) # 80002850 <__global_pointer$>
     292:	0700                	addi	s0,sp,896
     294:	0161                	addi	sp,sp,24
     296:	0000                	unimp
     298:	00017903          	.insn	4, 0x00017903
     29c:	0800                	addi	s0,sp,16
     29e:	0161                	addi	sp,sp,24
     2a0:	0000                	unimp
     2a2:	0001b903          	ld	s2,0(gp) # 80002850 <__global_pointer$>
     2a6:	0900                	addi	s0,sp,144
     2a8:	0161                	addi	sp,sp,24
     2aa:	0000                	unimp
     2ac:	0002640f          	.insn	4, 0x0002640f
     2b0:	0080                	addi	s0,sp,64
     2b2:	0000                	unimp
     2b4:	b800                	fsd	fs0,48(s0)
     2b6:	0000                	unimp
     2b8:	4d00                	lw	s0,24(a0)
     2ba:	0001                	nop
     2bc:	0700                	addi	s0,sp,896
     2be:	5a01                	li	s4,-32
     2c0:	7802                	ld	a6,32(sp)
     2c2:	0000                	unimp
     2c4:	7a10                	ld	a2,48(a2)
     2c6:	0002                	c.slli	zero,0x0
     2c8:	0080                	addi	s0,sp,64
     2ca:	0000                	unimp
     2cc:	9a00                	.insn	2, 0x9a00
     2ce:	0000                	unimp
     2d0:	0700                	addi	s0,sp,896
     2d2:	5b01                	li	s6,-32
     2d4:	3001                	.insn	2, 0x3001
     2d6:	0000                	unimp
     2d8:	8c11                	sub	s0,s0,a2
     2da:	0000                	unimp
     2dc:	1200                	addi	s0,sp,288
     2de:	0000                	unimp
     2e0:	00e6                	slli	ra,ra,0x19
     2e2:	0000                	unimp
     2e4:	0005                	c.nop	1
     2e6:	0801                	addi	a6,a6,0
     2e8:	01ba                	slli	gp,gp,0xe
     2ea:	0000                	unimp
     2ec:	c304                	sw	s1,0(a4)
     2ee:	0000                	unimp
     2f0:	1d00                	addi	s0,sp,688
     2f2:	0159                	addi	sp,sp,22
     2f4:	0000                	unimp
     2f6:	0000                	unimp
     2f8:	0000                	unimp
     2fa:	027a                	slli	tp,tp,0x1e
     2fc:	8000                	.insn	2, 0x8000
     2fe:	0000                	unimp
     300:	0000                	unimp
     302:	001e                	c.slli	zero,0x7
     304:	0000                	unimp
     306:	0000                	unimp
     308:	0000                	unimp
     30a:	05c9                	addi	a1,a1,18 # 10012 <__stack_size+0x8012>
     30c:	0000                	unimp
     30e:	0801                	addi	a6,a6,0
     310:	9a05                	andi	a2,a2,-31
     312:	0000                	unimp
     314:	0100                	addi	s0,sp,128
     316:	0708                	addi	a0,sp,896
     318:	0199                	addi	gp,gp,6 # 80002856 <__global_pointer$+0x6>
     31a:	0000                	unimp
     31c:	0405                	addi	s0,s0,1
     31e:	6905                	lui	s2,0x1
     320:	746e                	ld	s0,248(sp)
     322:	0100                	addi	s0,sp,128
     324:	0508                	addi	a0,sp,640
     326:	0095                	addi	ra,ra,5
     328:	0000                	unimp
     32a:	1001                	c.nop	-32
     32c:	a804                	fsd	fs1,16(s0)
     32e:	0000                	unimp
     330:	0100                	addi	s0,sp,128
     332:	0601                	addi	a2,a2,0
     334:	0079                	c.nop	30
     336:	0000                	unimp
     338:	0101                	addi	sp,sp,0
     33a:	7708                	ld	a0,40(a4)
     33c:	0000                	unimp
     33e:	0100                	addi	s0,sp,128
     340:	0502                	c.slli	a0,0x0
     342:	00b4                	addi	a3,sp,72
     344:	0000                	unimp
     346:	0201                	addi	tp,tp,0 # 0 <__boot_hart>
     348:	00004c07          	.insn	4, 0x4c07
     34c:	0100                	addi	s0,sp,128
     34e:	0704                	addi	s1,sp,896
     350:	019e                	slli	gp,gp,0x7
     352:	0000                	unimp
     354:	f102                	sd	zero,160(sp)
     356:	0001                	nop
     358:	0200                	addi	s0,sp,256
     35a:	1969                	addi	s2,s2,-6 # ffa <__stack_align+0xfea>
     35c:	0035                	c.nop	13
     35e:	0000                	unimp
     360:	f302                	sd	zero,416(sp)
     362:	0001                	nop
     364:	0300                	addi	s0,sp,384
     366:	143c                	addi	a5,sp,552
     368:	0074                	addi	a3,sp,12
     36a:	0000                	unimp
     36c:	8006                	c.mv	zero,ra
     36e:	0000                	unimp
     370:	0100                	addi	s0,sp,128
     372:	0801                	addi	a6,a6,0
     374:	0080                	addi	s0,sp,64
     376:	0000                	unimp
     378:	0001e103          	lwu	sp,0(gp) # 80002850 <__global_pointer$>
     37c:	0600                	addi	s0,sp,768
     37e:	008c                	addi	a1,sp,64
     380:	0000                	unimp
     382:	0001e803          	lwu	a6,0(gp) # 80002850 <__global_pointer$>
     386:	0700                	addi	s0,sp,896
     388:	008c                	addi	a1,sp,64
     38a:	0000                	unimp
     38c:	00007107          	.insn	4, 0x7107
     390:	0100                	addi	s0,sp,128
     392:	2104                	fld	fs1,0(a0)
     394:	027a                	slli	tp,tp,0x1e
     396:	8000                	.insn	2, 0x8000
     398:	0000                	unimp
     39a:	0000                	unimp
     39c:	001e                	c.slli	zero,0x7
     39e:	0000                	unimp
     3a0:	0000                	unimp
     3a2:	0000                	unimp
     3a4:	9c01                	subw	s0,s0,s0
     3a6:	a308                	fsd	fa0,0(a4)
     3a8:	0000                	unimp
     3aa:	0100                	addi	s0,sp,128
     3ac:	2b04                	fld	fs1,16(a4)
     3ae:	003c                	addi	a5,sp,8
     3b0:	0000                	unimp
     3b2:	5a01                	li	s4,-32
     3b4:	6309                	lui	t1,0x2
     3b6:	646d                	lui	s0,0x1b
     3b8:	0100                	addi	s0,sp,128
     3ba:	0e06                	slli	t3,t3,0x1
     3bc:	0080                	addi	s0,sp,64
     3be:	0000                	unimp
     3c0:	006a                	c.slli	zero,0x1a
     3c2:	0000                	unimp
     3c4:	0068                	addi	a0,sp,12
     3c6:	0000                	unimp
     3c8:	0000                	unimp
     3ca:	0024                	addi	s1,sp,8
     3cc:	0000                	unimp
     3ce:	0005                	c.nop	1
     3d0:	0801                	addi	a6,a6,0
     3d2:	0250                	addi	a2,sp,260
     3d4:	0000                	unimp
     3d6:	7e01                	lui	t3,0xfffe0
     3d8:	0006                	c.slli	zero,0x1
     3da:	f200                	sd	s0,32(a2)
     3dc:	0001                	nop
     3de:	0080                	addi	s0,sp,64
     3e0:	0000                	unimp
     3e2:	6200                	ld	s0,0(a2)
     3e4:	01fc                	addi	a5,sp,204
     3e6:	0000                	unimp
     3e8:	0000000f          	fence	unknown,unknown
     3ec:	0034                	addi	a3,sp,8
     3ee:	0000                	unimp
     3f0:	8001                	c.srli	s0,0x0
     3f2:	0045                	c.nop	17
     3f4:	0000                	unimp
     3f6:	0005                	c.nop	1
     3f8:	0801                	addi	a6,a6,0
     3fa:	0264                	addi	s1,sp,268
     3fc:	0000                	unimp
     3fe:	c301                	beqz	a4,3fe <__stack_align+0x3ee>
     400:	0000                	unimp
     402:	1d00                	addi	s0,sp,688
     404:	0171                	addi	sp,sp,28
     406:	0000                	unimp
     408:	0000                	unimp
     40a:	0000                	unimp
     40c:	0298                	addi	a4,sp,320
     40e:	8000                	.insn	2, 0x8000
     410:	0000                	unimp
     412:	0000                	unimp
     414:	0006                	c.slli	zero,0x1
     416:	0000                	unimp
     418:	0000                	unimp
     41a:	0000                	unimp
     41c:	06de                	slli	a3,a3,0x17
     41e:	0000                	unimp
     420:	0e02                	c.slli	t3,0x0
     422:	0002                	c.slli	zero,0x0
     424:	0100                	addi	s0,sp,128
     426:	02982707          	flw	fa4,41(a6)
     42a:	8000                	.insn	2, 0x8000
     42c:	0000                	unimp
     42e:	0000                	unimp
     430:	0006                	c.slli	zero,0x1
     432:	0000                	unimp
     434:	0000                	unimp
     436:	0000                	unimp
     438:	9c01                	subw	s0,s0,s0
     43a:	ad00                	fsd	fs0,24(a0)
     43c:	05000003          	lb	zero,80(zero) # 50 <__stack_align+0x40>
     440:	0100                	addi	s0,sp,128
     442:	9408                	.insn	2, 0x9408
     444:	0002                	c.slli	zero,0x0
     446:	1100                	addi	s0,sp,160
     448:	000000c3          	fmadd.s	ft1,ft0,ft0,ft0,rne
     44c:	801d                	srli	s0,s0,0x7
     44e:	0001                	nop
     450:	0000                	unimp
     452:	0000                	unimp
     454:	9e00                	.insn	2, 0x9e00
     456:	0002                	c.slli	zero,0x0
     458:	0080                	addi	s0,sp,64
     45a:	0000                	unimp
     45c:	4c00                	lw	s0,24(s0)
     45e:	0000                	unimp
     460:	0000                	unimp
     462:	0000                	unimp
     464:	4e00                	lw	s0,24(a2)
     466:	02000007          	.insn	4, 0x02000007
     46a:	0601                	addi	a2,a2,0
     46c:	0079                	c.nop	30
     46e:	0000                	unimp
     470:	0102                	c.slli	sp,0x0
     472:	7708                	ld	a0,40(a4)
     474:	0000                	unimp
     476:	0200                	addi	s0,sp,256
     478:	0502                	c.slli	a0,0x0
     47a:	00b4                	addi	a3,sp,72
     47c:	0000                	unimp
     47e:	0202                	c.slli	tp,0x0
     480:	00004c07          	.insn	4, 0x4c07
     484:	0100                	addi	s0,sp,128
     486:	0220                	addi	s0,sp,264
     488:	0000                	unimp
     48a:	4d04                	lw	s1,24(a0)
     48c:	5618                	lw	a4,40(a2)
     48e:	0000                	unimp
     490:	1200                	addi	s0,sp,288
     492:	0504                	addi	s1,sp,640
     494:	6e69                	lui	t3,0x1a
     496:	0074                	addi	a3,sp,12
     498:	0402                	c.slli	s0,0x0
     49a:	00019e07          	.insn	4, 0x00019e07
     49e:	0200                	addi	s0,sp,256
     4a0:	0508                	addi	a0,sp,640
     4a2:	009a                	slli	ra,ra,0x6
     4a4:	0000                	unimp
     4a6:	f101                	bnez	a0,3a6 <__stack_align+0x396>
     4a8:	0001                	nop
     4aa:	0400                	addi	s0,sp,512
     4ac:	1969                	addi	s2,s2,-6
     4ae:	00000077          	.insn	4, 0x0077
     4b2:	0802                	c.slli	a6,0x0
     4b4:	00019907          	.insn	4, 0x00019907
     4b8:	0100                	addi	s0,sp,128
     4ba:	0065                	c.nop	25
     4bc:	0000                	unimp
     4be:	e804                	sd	s1,16(s0)
     4c0:	771a                	ld	a4,416(sp)
     4c2:	0000                	unimp
     4c4:	0100                	addi	s0,sp,128
     4c6:	0222                	slli	tp,tp,0x8
     4c8:	0000                	unimp
     4ca:	2c05                	addiw	s8,s8,1 # 19001 <__stack_size+0x11001>
     4cc:	00004a13          	xori	s4,zero,0
     4d0:	0100                	addi	s0,sp,128
     4d2:	000001f3          	.insn	4, 0x01f3
     4d6:	3c05                	addiw	s8,s8,-31
     4d8:	6b14                	ld	a3,16(a4)
     4da:	0000                	unimp
     4dc:	0900                	addi	s0,sp,144
     4de:	0096                	slli	ra,ra,0x5
     4e0:	0000                	unimp
     4e2:	6701                	.insn	2, 0x6701
     4e4:	0000                	unimp
     4e6:	0500                	addi	s0,sp,640
     4e8:	1552                	slli	a0,a0,0x34
     4ea:	007e                	c.slli	zero,0x1f
     4ec:	0000                	unimp
     4ee:	5501                	li	a0,-32
     4f0:	0002                	c.slli	zero,0x0
     4f2:	0300                	addi	s0,sp,384
     4f4:	008a111b          	slliw	sp,s4,0x8
     4f8:	0000                	unimp
     4fa:	0000b313          	sltiu	t1,ra,0
     4fe:	1400                	addi	s0,sp,544
     500:	0204                	addi	s1,sp,256
     502:	0906                	slli	s2,s2,0x1
     504:	000000db          	.insn	4, 0x00db
     508:	2f15                	addiw	t5,t5,5 # 1a005 <__stack_size+0x12005>
     50a:	0002                	c.slli	zero,0x0
     50c:	0200                	addi	s0,sp,256
     50e:	00b30e07          	.insn	4, 0x00b30e07
     512:	0000                	unimp
     514:	0000                	unimp
     516:	1501                	addi	a0,a0,-32 # 1fe0 <__stack_align+0x1fd0>
     518:	0002                	c.slli	zero,0x0
     51a:	0200                	addi	s0,sp,256
     51c:	0308                	addi	a0,sp,384
     51e:	00c4                	addi	s1,sp,68
     520:	0000                	unimp
     522:	e10a                	sd	sp,128(sp)
     524:	0001                	nop
     526:	0600                	addi	s0,sp,768
     528:	00a2                	slli	ra,ra,0x8
     52a:	0000                	unimp
     52c:	e80a                	sd	sp,16(sp)
     52e:	0001                	nop
     530:	0700                	addi	s0,sp,896
     532:	00a2                	slli	ra,ra,0x8
     534:	0000                	unimp
     536:	0000e70b          	.insn	4, 0xe70b
     53a:	0700                	addi	s0,sp,896
     53c:	0309                	addi	t1,t1,2 # 2002 <__stack_align+0x1ff2>
     53e:	2040                	fld	fs0,128(s0)
     540:	8000                	.insn	2, 0x8000
     542:	0000                	unimp
     544:	0000                	unimp
     546:	0000f10b          	.insn	4, 0xf10b
     54a:	0800                	addi	s0,sp,16
     54c:	0309                	addi	t1,t1,2
     54e:	2048                	fld	fa0,128(s0)
     550:	8000                	.insn	2, 0x8000
     552:	0000                	unimp
     554:	0000                	unimp
     556:	2a16                	fld	fs4,320(sp)
     558:	0002                	c.slli	zero,0x0
     55a:	0100                	addi	s0,sp,128
     55c:	130a                	slli	t1,t1,0x22
     55e:	000000db          	.insn	4, 0x00db
     562:	0309                	addi	t1,t1,2
     564:	2060                	fld	fs0,192(s0)
     566:	8000                	.insn	2, 0x8000
     568:	0000                	unimp
     56a:	0000                	unimp
     56c:	00023417          	auipc	s0,0x23
     570:	0100                	addi	s0,sp,128
     572:	060c                	addi	a1,sp,768
     574:	0064                	addi	s1,sp,12
     576:	0000                	unimp
     578:	029e                	slli	t0,t0,0x7
     57a:	8000                	.insn	2, 0x8000
     57c:	0000                	unimp
     57e:	0000                	unimp
     580:	004c                	addi	a1,sp,4
     582:	0000                	unimp
     584:	0000                	unimp
     586:	0000                	unimp
     588:	9c01                	subw	s0,s0,s0
     58a:	02fa                	slli	t0,t0,0x1e
     58c:	0000                	unimp
     58e:	6105                	addi	sp,sp,32
     590:	0030                	addi	a2,sp,8
     592:	961c                	.insn	2, 0x961c
     594:	0000                	unimp
     596:	8000                	.insn	2, 0x8000
     598:	0000                	unimp
     59a:	7c00                	ld	s0,56(s0)
     59c:	0000                	unimp
     59e:	1800                	addi	s0,sp,48
     5a0:	3161                	addiw	sp,sp,-8
     5a2:	0100                	addi	s0,sp,128
     5a4:	290c                	fld	fa1,16(a0)
     5a6:	0096                	slli	ra,ra,0x5
     5a8:	0000                	unimp
     5aa:	5b01                	li	s6,-32
     5ac:	6105                	addi	sp,sp,32
     5ae:	0032                	c.slli	zero,0xc
     5b0:	9636                	add	a2,a2,a3
     5b2:	0000                	unimp
     5b4:	9400                	.insn	2, 0x9400
     5b6:	0000                	unimp
     5b8:	8e00                	.insn	2, 0x8e00
     5ba:	0000                	unimp
     5bc:	0500                	addi	s0,sp,640
     5be:	006e                	c.slli	zero,0x1b
     5c0:	7748                	ld	a0,168(a4)
     5c2:	0000                	unimp
     5c4:	ac00                	fsd	fs0,24(s0)
     5c6:	0000                	unimp
     5c8:	a800                	fsd	fs0,16(s0)
     5ca:	0000                	unimp
     5cc:	1900                	addi	s0,sp,176
     5ce:	7562                	ld	a0,56(sp)
     5d0:	0066                	c.slli	zero,0x19
     5d2:	0e01                	addi	t3,t3,0 # 1a000 <__stack_size+0x12000>
     5d4:	00030a17          	auipc	s4,0x30
     5d8:	0200                	addi	s0,sp,256
     5da:	4091                	li	ra,4
     5dc:	731a                	ld	t1,416(sp)
     5de:	0f010063          	beq	sp,a6,6be <__stack_align+0x6ae>
     5e2:	960e                	add	a2,a2,gp
     5e4:	0000                	unimp
     5e6:	bc00                	fsd	fs0,56(s0)
     5e8:	0000                	unimp
     5ea:	ba00                	fsd	fs0,48(a2)
     5ec:	0000                	unimp
     5ee:	0600                	addi	s0,sp,768
     5f0:	0000032b          	.insn	4, 0x032b
     5f4:	02b6                	slli	t0,t0,0xd
     5f6:	8000                	.insn	2, 0x8000
     5f8:	0000                	unimp
     5fa:	0000                	unimp
     5fc:	b611                	j	100 <__stack_align+0xf0>
     5fe:	0002                	c.slli	zero,0x0
     600:	0080                	addi	s0,sp,64
     602:	0000                	unimp
     604:	0c00                	addi	s0,sp,528
     606:	0000                	unimp
     608:	0000                	unimp
     60a:	0000                	unimp
     60c:	0100                	addi	s0,sp,128
     60e:	025a0517          	auipc	a0,0x25a0
     612:	0000                	unimp
     614:	00033603          	ld	a2,0(t1)
     618:	c400                	sw	s0,8(s0)
     61a:	0000                	unimp
     61c:	c200                	sw	s0,0(a2)
     61e:	0000                	unimp
     620:	0600                	addi	s0,sp,768
     622:	00000387          	.insn	4, 0x0387
     626:	02b6                	slli	t0,t0,0xd
     628:	8000                	.insn	2, 0x8000
     62a:	0000                	unimp
     62c:	0000                	unimp
     62e:	0002b613          	sltiu	a2,t0,0
     632:	0080                	addi	s0,sp,64
     634:	0000                	unimp
     636:	0400                	addi	s0,sp,512
     638:	0000                	unimp
     63a:	0000                	unimp
     63c:	0000                	unimp
     63e:	0200                	addi	s0,sp,256
     640:	1010                	addi	a2,sp,32
     642:	0219                	addi	tp,tp,6 # 6 <__boot_hart+0x6>
     644:	0000                	unimp
     646:	00039503          	lh	a0,0(t2)
     64a:	d500                	sw	s0,40(a0)
     64c:	0000                	unimp
     64e:	d300                	sw	s0,32(a4)
     650:	0000                	unimp
     652:	0000                	unimp
     654:	5c0c                	lw	a1,56(s0)
     656:	bc000003          	lb	zero,-1088(zero) # fffffffffffffbc0 <__stack_start+0xffffffff7ffdcbc0>
     65a:	0002                	c.slli	zero,0x0
     65c:	0080                	addi	s0,sp,64
     65e:	0000                	unimp
     660:	1900                	addi	s0,sp,176
     662:	02bc                	addi	a5,sp,328
     664:	8000                	.insn	2, 0x8000
     666:	0000                	unimp
     668:	0000                	unimp
     66a:	0004                	.insn	2, 0x0004
     66c:	0000                	unimp
     66e:	0000                	unimp
     670:	0000                	unimp
     672:	0e12                	slli	t3,t3,0x4
     674:	00036a03          	lwu	s4,0(t1)
     678:	e600                	sd	s0,8(a2)
     67a:	0000                	unimp
     67c:	e400                	sd	s0,8(s0)
     67e:	0000                	unimp
     680:	0300                	addi	s0,sp,384
     682:	00000373          	.insn	4, 0x0373
     686:	000000f7          	.insn	4, 0x00f7
     68a:	00f5                	addi	ra,ra,29
     68c:	0000                	unimp
     68e:	00037c1b          	.insn	4, 0x00037c1b
     692:	0000                	unimp
     694:	0d00                	addi	s0,sp,656
     696:	03a4                	addi	s1,sp,456
     698:	0000                	unimp
     69a:	02c2                	slli	t0,t0,0x10
     69c:	8000                	.insn	2, 0x8000
     69e:	0000                	unimp
     6a0:	0000                	unimp
     6a2:	c221                	beqz	a2,6e2 <__stack_align+0x6d2>
     6a4:	0002                	c.slli	zero,0x0
     6a6:	0080                	addi	s0,sp,64
     6a8:	0000                	unimp
     6aa:	0400                	addi	s0,sp,512
     6ac:	0000                	unimp
     6ae:	0000                	unimp
     6b0:	0000                	unimp
     6b2:	1800                	addi	s0,sp,48
     6b4:	0f06                	slli	t5,t5,0x1
     6b6:	dc000003          	lb	zero,-576(zero) # fffffffffffffdc0 <__stack_start+0xffffffff7ffdcdc0>
     6ba:	0002                	c.slli	zero,0x0
     6bc:	0080                	addi	s0,sp,64
     6be:	0000                	unimp
     6c0:	2a00                	fld	fs0,16(a2)
     6c2:	02dc                	addi	a5,sp,324
     6c4:	8000                	.insn	2, 0x8000
     6c6:	0000                	unimp
     6c8:	0000                	unimp
     6ca:	0004                	.insn	2, 0x0004
     6cc:	0000                	unimp
     6ce:	0000                	unimp
     6d0:	0000                	unimp
     6d2:	1c01                	addi	s8,s8,-32
     6d4:	da05                	beqz	a2,604 <__stack_align+0x5f4>
     6d6:	0002                	c.slli	zero,0x0
     6d8:	0300                	addi	s0,sp,384
     6da:	031a                	slli	t1,t1,0x6
     6dc:	0000                	unimp
     6de:	0101                	addi	sp,sp,0
     6e0:	0000                	unimp
     6e2:	00ff 0000 420c 0003 	.insn	10, 0xdc000003420c000000ff
     6ea:	dc00 
     6ec:	0002                	c.slli	zero,0x0
     6ee:	0080                	addi	s0,sp,64
     6f0:	0000                	unimp
     6f2:	2c00                	fld	fs0,24(s0)
     6f4:	02dc                	addi	a5,sp,324
     6f6:	8000                	.insn	2, 0x8000
     6f8:	0000                	unimp
     6fa:	0000                	unimp
     6fc:	0004                	.insn	2, 0x0004
     6fe:	0000                	unimp
     700:	0000                	unimp
     702:	0000                	unimp
     704:	4d030517          	auipc	a0,0x4d030
     708:	12000003          	lb	zero,288(zero) # 120 <__stack_align+0x110>
     70c:	0001                	nop
     70e:	1000                	addi	s0,sp,32
     710:	0001                	nop
     712:	0000                	unimp
     714:	0d00                	addi	s0,sp,656
     716:	03aa                	slli	t2,t2,0xa
     718:	0000                	unimp
     71a:	02e0                	addi	s0,sp,332
     71c:	8000                	.insn	2, 0x8000
     71e:	0000                	unimp
     720:	0000                	unimp
     722:	e030                	sd	a2,64(s0)
     724:	0002                	c.slli	zero,0x0
     726:	0080                	addi	s0,sp,64
     728:	0000                	unimp
     72a:	0400                	addi	s0,sp,512
     72c:	0000                	unimp
     72e:	0000                	unimp
     730:	0000                	unimp
     732:	1e00                	addi	s0,sp,816
     734:	1c00                	addi	s0,sp,560
     736:	00a2                	slli	ra,ra,0x8
     738:	0000                	unimp
     73a:	030a                	slli	t1,t1,0x2
     73c:	0000                	unimp
     73e:	771d                	lui	a4,0xfffe7
     740:	0000                	unimp
     742:	0700                	addi	s0,sp,896
     744:	0900                	addi	s0,sp,144
     746:	02fa                	slli	t0,t0,0x1e
     748:	0000                	unimp
     74a:	00027407          	.insn	4, 0x00027407
     74e:	0200                	addi	s0,sp,256
     750:	2615                	addiw	a2,a2,5
     752:	0e000003          	lb	zero,224(zero) # e0 <__stack_align+0xd0>
     756:	0000022f          	.insn	4, 0x022f
     75a:	2c15                	addiw	s8,s8,5
     75c:	0326                	slli	t1,t1,0x9
     75e:	0000                	unimp
     760:	0800                	addi	s0,sp,16
     762:	000000db          	.insn	4, 0x00db
     766:	00026a07          	.insn	4, 0x00026a07
     76a:	0200                	addi	s0,sp,256
     76c:	420c                	lw	a1,0(a2)
     76e:	0e000003          	lb	zero,224(zero) # e0 <__stack_align+0xd0>
     772:	0000022f          	.insn	4, 0x022f
     776:	2a0c                	fld	fa1,16(a2)
     778:	0326                	slli	t1,t1,0x9
     77a:	0000                	unimp
     77c:	0700                	addi	s0,sp,896
     77e:	0280                	addi	s0,sp,320
     780:	0000                	unimp
     782:	03573c03          	ld	s8,53(a4) # fffffffffffe7035 <__stack_start+0xffffffff7ffc4035>
     786:	0000                	unimp
     788:	7004                	ld	s1,32(s0)
     78a:	3c00                	fld	fs0,56(s0)
     78c:	00035733          	srl	a4,t1,zero
     790:	0000                	unimp
     792:	b308                	fsd	fa0,32(a4)
     794:	0000                	unimp
     796:	0f00                	addi	s0,sp,912
     798:	0241                	addi	tp,tp,16 # 10 <__stack_align>
     79a:	0000                	unimp
     79c:	6428                	ld	a0,72(s0)
     79e:	0000                	unimp
     7a0:	8700                	.insn	2, 0x8700
     7a2:	04000003          	lb	zero,64(zero) # 40 <__stack_align+0x30>
     7a6:	0070                	addi	a2,sp,12
     7a8:	3228                	fld	fa0,96(a2)
     7aa:	00000357          	.insn	4, 0x0357
     7ae:	7604                	ld	s1,40(a2)
     7b0:	2800                	fld	fs0,16(s0)
     7b2:	b33e                	fsd	fa5,416(sp)
     7b4:	0000                	unimp
     7b6:	1e00                	addi	s0,sp,816
     7b8:	006e                	c.slli	zero,0x1b
     7ba:	640a2a03          	lw	s4,1600(s4) # 30c14 <__heap_size+0x10c14>
     7be:	0000                	unimp
     7c0:	0000                	unimp
     7c2:	00025e0f          	.insn	4, 0x00025e0f
     7c6:	1d00                	addi	s0,sp,688
     7c8:	0064                	addi	s1,sp,12
     7ca:	0000                	unimp
     7cc:	039f 0000 7004      	.insn	6, 0x70040000039f
     7d2:	1d00                	addi	s0,sp,688
     7d4:	9f30                	.insn	2, 0x9f30
     7d6:	00000003          	lb	zero,0(zero) # 0 <__boot_hart>
     7da:	bf08                	fsd	fa0,56(a4)
     7dc:	0000                	unimp
     7de:	1000                	addi	s0,sp,32
     7e0:	00626d77          	.insn	4, 0x00626d77
     7e4:	1016                	c.slli	zero,0x25
     7e6:	6d72                	ld	s10,280(sp)
     7e8:	0062                	c.slli	zero,0x18
     7ea:	0015                	c.nop	5
     7ec:	09a0                	addi	s0,sp,216
     7ee:	0000                	unimp
     7f0:	0005                	c.nop	1
     7f2:	0801                	addi	a6,a6,0
     7f4:	0481                	addi	s1,s1,0
     7f6:	0000                	unimp
     7f8:	9e14                	.insn	2, 0x9e14
     7fa:	1d000003          	lb	zero,464(zero) # 1d0 <__stack_align+0x1c0>
     7fe:	000001a3          	sb	zero,3(zero) # 3 <__boot_hart+0x3>
     802:	01ac                	addi	a1,sp,200
     804:	0000                	unimp
     806:	02ea                	slli	t0,t0,0x1a
     808:	8000                	.insn	2, 0x8000
     80a:	0000                	unimp
     80c:	0000                	unimp
     80e:	107a                	c.slli	zero,0x3e
     810:	0000                	unimp
     812:	0000                	unimp
     814:	0000                	unimp
     816:	0958                	addi	a4,sp,148
     818:	0000                	unimp
     81a:	0105                	addi	sp,sp,1
     81c:	7906                	ld	s2,96(sp)
     81e:	0000                	unimp
     820:	0500                	addi	s0,sp,640
     822:	0801                	addi	a6,a6,0
     824:	00000077          	.insn	4, 0x0077
     828:	0205                	addi	tp,tp,1 # 1 <__boot_hart+0x1>
     82a:	b405                	j	24a <__stack_align+0x23a>
     82c:	0000                	unimp
     82e:	0500                	addi	s0,sp,640
     830:	0702                	c.slli	a4,0x0
     832:	004c                	addi	a1,sp,4
     834:	0000                	unimp
     836:	0415                	addi	s0,s0,5 # 23571 <__heap_size+0x3571>
     838:	6905                	lui	s2,0x1
     83a:	746e                	ld	s0,248(sp)
     83c:	0b00                	addi	s0,sp,400
     83e:	00000367          	jalr	t1,zero # 0 <__boot_hart>
     842:	4f06                	lw	t5,64(sp)
     844:	5d19                	li	s10,-26
     846:	0000                	unimp
     848:	0500                	addi	s0,sp,640
     84a:	0704                	addi	s1,sp,896
     84c:	019e                	slli	gp,gp,0x7
     84e:	0000                	unimp
     850:	0805                	addi	a6,a6,1
     852:	9a05                	andi	a2,a2,-31
     854:	0000                	unimp
     856:	0500                	addi	s0,sp,640
     858:	0708                	addi	a0,sp,896
     85a:	0199                	addi	gp,gp,6 # 80002856 <__global_pointer$+0x6>
     85c:	0000                	unimp
     85e:	0000650b          	.insn	4, 0x650b
     862:	0600                	addi	s0,sp,768
     864:	1ae8                	addi	a0,sp,380
     866:	0000006b          	.insn	4, 0x006b
     86a:	0003690b          	.insn	4, 0x0003690b
     86e:	0700                	addi	s0,sp,896
     870:	1430                	addi	a2,sp,552
     872:	0051                	c.nop	20
     874:	0000                	unimp
     876:	7e16                	ld	t3,352(sp)
     878:	0000                	unimp
     87a:	0b00                	addi	s0,sp,400
     87c:	00000067          	jr	zero # 0 <__boot_hart>
     880:	72155207          	.insn	4, 0x72155207
     884:	0000                	unimp
     886:	0500                	addi	s0,sp,640
     888:	0508                	addi	a0,sp,640
     88a:	0095                	addi	ra,ra,5
     88c:	0000                	unimp
     88e:	1005                	c.nop	-31
     890:	a804                	fsd	fs1,16(s0)
     892:	0000                	unimp
     894:	0900                	addi	s0,sp,144
     896:	00ae                	slli	ra,ra,0xb
     898:	0000                	unimp
     89a:	0105                	addi	sp,sp,1
     89c:	8008                	.insn	2, 0x8008
     89e:	0000                	unimp
     8a0:	0e00                	addi	s0,sp,784
     8a2:	00ae                	slli	ra,ra,0xb
     8a4:	0000                	unimp
     8a6:	b509                	j	6a8 <__stack_align+0x698>
     8a8:	0000                	unimp
     8aa:	0500                	addi	s0,sp,640
     8ac:	0708                	addi	a0,sp,896
     8ae:	0194                	addi	a3,sp,192
     8b0:	0000                	unimp
     8b2:	9d01                	subw	a0,a0,s0
     8b4:	0004                	.insn	2, 0x0004
     8b6:	0800                	addi	s0,sp,16
     8b8:	00e12213          	slti	tp,sp,14
     8bc:	0000                	unimp
     8be:	0309                	addi	t1,t1,2
     8c0:	2050                	fld	fa2,128(s0)
     8c2:	8000                	.insn	2, 0x8000
     8c4:	0000                	unimp
     8c6:	0000                	unimp
     8c8:	8a09                	andi	a2,a2,2
     8ca:	0000                	unimp
     8cc:	0e00                	addi	s0,sp,784
     8ce:	00dc                	addi	a5,sp,68
     8d0:	0000                	unimp
     8d2:	00054c17          	auipc	s8,0x54
     8d6:	0800                	addi	s0,sp,16
     8d8:	00f90d27          	.insn	4, 0x00f90d27
     8dc:	0000                	unimp
     8de:	ba18                	fsd	fa4,48(a2)
     8e0:	0000                	unimp
     8e2:	1900                	addi	s0,sp,176
     8e4:	0f00                	addi	s0,sp,912
     8e6:	0210                	addi	a2,sp,256
     8e8:	0000                	unimp
     8ea:	1705                	addi	a4,a4,-31
     8ec:	4a05                	li	s4,1
     8ee:	0000                	unimp
     8f0:	2600                	fld	fs0,8(a2)
     8f2:	00800013          	li	zero,8
     8f6:	0000                	unimp
     8f8:	3e00                	fld	fs0,56(a2)
     8fa:	0000                	unimp
     8fc:	0000                	unimp
     8fe:	0000                	unimp
     900:	0100                	addi	s0,sp,128
     902:	3a9c                	fld	fa5,48(a3)
     904:	0001                	nop
     906:	0200                	addi	s0,sp,256
     908:	0330                	addi	a2,sp,392
     90a:	0000                	unimp
     90c:	1705                	addi	a4,a4,-31
     90e:	4a0e                	lw	s4,192(sp)
     910:	0000                	unimp
     912:	0200                	addi	s0,sp,256
     914:	6c91                	lui	s9,0x4
     916:	610d                	addi	sp,sp,160
     918:	7672                	ld	a2,312(sp)
     91a:	0500                	addi	s0,sp,640
     91c:	013a1d17          	auipc	s10,0x13a1
     920:	0000                	unimp
     922:	9102                	jalr	sp
     924:	0060                	addi	s0,sp,12
     926:	a909                	j	d38 <__stack_align+0xd28>
     928:	0000                	unimp
     92a:	0c00                	addi	s0,sp,528
     92c:	000002fb          	.insn	4, 0x02fb
     930:	7d04                	ld	s1,56(a0)
     932:	1260                	addi	s0,sp,300
     934:	8000                	.insn	2, 0x8000
     936:	0000                	unimp
     938:	0000                	unimp
     93a:	00c6                	slli	ra,ra,0x11
     93c:	0000                	unimp
     93e:	0000                	unimp
     940:	0000                	unimp
     942:	9c01                	subw	s0,s0,s0
     944:	01d1                	addi	gp,gp,20 # 80002864 <__global_pointer$+0x14>
     946:	0000                	unimp
     948:	f501                	bnez	a0,850 <__stack_align+0x840>
     94a:	0004                	.insn	2, 0x0004
     94c:	0400                	addi	s0,sp,512
     94e:	107e                	c.slli	zero,0x3f
     950:	01d1                	addi	gp,gp,20 # 80002864 <__global_pointer$+0x14>
     952:	0000                	unimp
     954:	9102                	jalr	sp
     956:	0140                	addi	s0,sp,132
     958:	00000437          	lui	s0,0x0
     95c:	8204                	.insn	2, 0x8204
     95e:	e110                	sd	a2,0(a0)
     960:	0001                	nop
     962:	0300                	addi	s0,sp,384
     964:	8091                	srli	s1,s1,0x4
     966:	017f 038c 0000 8804 	.insn	10, 0x6b1188040000038c017f
     96e:	6b11 
     970:	0000                	unimp
     972:	0200                	addi	s0,sp,256
     974:	6091                	lui	ra,0x4
     976:	c204                	sw	s1,0(a2)
     978:	0012                	c.slli	zero,0x4
     97a:	0080                	addi	s0,sp,64
     97c:	0000                	unimp
     97e:	0c00                	addi	s0,sp,528
     980:	0000                	unimp
     982:	0000                	unimp
     984:	0000                	unimp
     986:	af00                	fsd	fs0,24(a4)
     988:	0001                	nop
     98a:	0100                	addi	s0,sp,128
     98c:	0372                	slli	t1,t1,0x1c
     98e:	0000                	unimp
     990:	8804                	.insn	2, 0x8804
     992:	6b21                	lui	s6,0x8
     994:	0000                	unimp
     996:	0200                	addi	s0,sp,256
     998:	6891                	lui	a7,0x4
     99a:	0600                	addi	s0,sp,768
     99c:	12ea                	slli	t0,t0,0x3a
     99e:	8000                	.insn	2, 0x8000
     9a0:	0000                	unimp
     9a2:	0000                	unimp
     9a4:	000c                	.insn	2, 0x000c
     9a6:	0000                	unimp
     9a8:	0000                	unimp
     9aa:	0000                	unimp
     9ac:	7201                	lui	tp,0xfffe0
     9ae:	04000003          	lb	zero,64(zero) # 40 <__stack_align+0x30>
     9b2:	138a                	slli	t2,t2,0x22
     9b4:	0000006b          	.insn	4, 0x006b
     9b8:	9102                	jalr	sp
     9ba:	0058                	addi	a4,sp,4
     9bc:	0700                	addi	s0,sp,896
     9be:	005d                	c.nop	23
     9c0:	0000                	unimp
     9c2:	01e1                	addi	gp,gp,24 # 80002868 <__global_pointer$+0x18>
     9c4:	0000                	unimp
     9c6:	6b08                	ld	a0,16(a4)
     9c8:	0000                	unimp
     9ca:	0400                	addi	s0,sp,512
     9cc:	0700                	addi	s0,sp,896
     9ce:	005d                	c.nop	23
     9d0:	0000                	unimp
     9d2:	01f1                	addi	gp,gp,28 # 8000286c <__global_pointer$+0x1c>
     9d4:	0000                	unimp
     9d6:	6b08                	ld	a0,16(a4)
     9d8:	0000                	unimp
     9da:	0f00                	addi	s0,sp,912
     9dc:	0c00                	addi	s0,sp,528
     9de:	02ae                	slli	t0,t0,0xb
     9e0:	0000                	unimp
     9e2:	3f04                	fld	fs1,56(a4)
     9e4:	10a2                	slli	ra,ra,0x28
     9e6:	8000                	.insn	2, 0x8000
     9e8:	0000                	unimp
     9ea:	0000                	unimp
     9ec:	01be                	slli	gp,gp,0xf
     9ee:	0000                	unimp
     9f0:	0000                	unimp
     9f2:	0000                	unimp
     9f4:	9c01                	subw	s0,s0,s0
     9f6:	0281                	addi	t0,t0,0
     9f8:	0000                	unimp
     9fa:	e101                	bnez	a0,9fa <__stack_align+0x9ea>
     9fc:	0004                	.insn	2, 0x0004
     9fe:	0400                	addi	s0,sp,512
     a00:	0f41                	addi	t5,t5,16
     a02:	0281                	addi	t0,t0,0
     a04:	0000                	unimp
     a06:	7fb89103          	lh	sp,2043(a7) # 47fb <__stack_align+0x47eb>
     a0a:	eb01                	bnez	a4,a1a <__stack_align+0xa0a>
     a0c:	0004                	.insn	2, 0x0004
     a0e:	0400                	addi	s0,sp,512
     a10:	0f46                	slli	t5,t5,0x11
     a12:	0291                	addi	t0,t0,4
     a14:	0000                	unimp
     a16:	7f889103          	lh	sp,2040(a7)
     a1a:	3701                	addiw	a4,a4,-32
     a1c:	0004                	.insn	2, 0x0004
     a1e:	0400                	addi	s0,sp,512
     a20:	01e10f53          	fadd.s	ft10,ft2,ft10,rne
     a24:	0000                	unimp
     a26:	7ec89103          	lh	sp,2028(a7)
     a2a:	8604                	.insn	2, 0x8604
     a2c:	0011                	c.nop	4
     a2e:	0080                	addi	s0,sp,64
     a30:	0000                	unimp
     a32:	3a00                	fld	fs0,48(a2)
     a34:	0000                	unimp
     a36:	0000                	unimp
     a38:	0000                	unimp
     a3a:	6100                	ld	s0,0(a0)
     a3c:	0002                	c.slli	zero,0x0
     a3e:	0300                	addi	s0,sp,384
     a40:	0069                	c.nop	26
     a42:	6504                	ld	s1,8(a0)
     a44:	4a0a                	lw	s4,128(sp)
     a46:	0000                	unimp
     a48:	0200                	addi	s0,sp,256
     a4a:	6c91                	lui	s9,0x4
     a4c:	0600                	addi	s0,sp,768
     a4e:	1210                	addi	a2,sp,288
     a50:	8000                	.insn	2, 0x8000
     a52:	0000                	unimp
     a54:	0000                	unimp
     a56:	003a                	c.slli	zero,0xe
     a58:	0000                	unimp
     a5a:	0000                	unimp
     a5c:	0000                	unimp
     a5e:	04006903          	lwu	s2,64(zero) # 40 <__stack_align+0x30>
     a62:	0a76                	slli	s4,s4,0x1d
     a64:	004a                	c.slli	zero,0x12
     a66:	0000                	unimp
     a68:	9102                	jalr	sp
     a6a:	0068                	addi	a0,sp,12
     a6c:	0700                	addi	s0,sp,896
     a6e:	005d                	c.nop	23
     a70:	0000                	unimp
     a72:	0291                	addi	t0,t0,4
     a74:	0000                	unimp
     a76:	6b08                	ld	a0,16(a4)
     a78:	0000                	unimp
     a7a:	0a00                	addi	s0,sp,272
     a7c:	0700                	addi	s0,sp,896
     a7e:	005d                	c.nop	23
     a80:	0000                	unimp
     a82:	02a1                	addi	t0,t0,8
     a84:	0000                	unimp
     a86:	6b08                	ld	a0,16(a4)
     a88:	0000                	unimp
     a8a:	0b00                	addi	s0,sp,400
     a8c:	0a00                	addi	s0,sp,272
     a8e:	0295                	addi	t0,t0,5
     a90:	0000                	unimp
     a92:	2c04                	fld	fs1,24(s0)
     a94:	0fb6                	slli	t6,t6,0xd
     a96:	8000                	.insn	2, 0x8000
     a98:	0000                	unimp
     a9a:	0000                	unimp
     a9c:	00ec                	addi	a1,sp,76
     a9e:	0000                	unimp
     aa0:	0000                	unimp
     aa2:	0000                	unimp
     aa4:	9c01                	subw	s0,s0,s0
     aa6:	0309                	addi	t1,t1,2
     aa8:	0000                	unimp
     aaa:	9502                	jalr	a0
     aac:	0004                	.insn	2, 0x0004
     aae:	0400                	addi	s0,sp,512
     ab0:	292c                	fld	fa1,80(a0)
     ab2:	0309                	addi	t1,t1,2
     ab4:	0000                	unimp
     ab6:	9102                	jalr	sp
     ab8:	0248                	addi	a0,sp,260
     aba:	0535                	addi	a0,a0,13 # 4d030711 <__heap_size+0x4d010711>
     abc:	0000                	unimp
     abe:	2c04                	fld	fs1,24(s0)
     ac0:	00005d3f 44910200 	.insn	8, 0x4491020000005d3f
     ac8:	a602                	fsd	ft0,264(sp)
     aca:	0005                	c.nop	1
     acc:	0400                	addi	s0,sp,512
     ace:	5a2c                	lw	a1,112(a2)
     ad0:	005d                	c.nop	23
     ad2:	0000                	unimp
     ad4:	9102                	jalr	sp
     ad6:	0240                	addi	s0,sp,260
     ad8:	00000437          	lui	s0,0x0
     adc:	2c04                	fld	fs1,24(s0)
     ade:	00030977          	.insn	4, 0x00030977
     ae2:	0300                	addi	s0,sp,384
     ae4:	b891                	j	338 <__stack_align+0x328>
     ae6:	037f 0069 2f04 3510 	.insn	10, 0x35102f040069037f
     aee:	0000 
     af0:	0200                	addi	s0,sp,256
     af2:	5f91                	li	t6,-28
     af4:	0900                	addi	s0,sp,144
     af6:	005d                	c.nop	23
     af8:	0000                	unimp
     afa:	3e10                	fld	fa2,56(a2)
     afc:	0004                	.insn	2, 0x0004
     afe:	0400                	addi	s0,sp,512
     b00:	5d21                	li	s10,-24
     b02:	0000                	unimp
     b04:	5400                	lw	s0,40(s0)
     b06:	0080000f          	fence	unknown,i
     b0a:	0000                	unimp
     b0c:	6200                	ld	s0,0(a2)
     b0e:	0000                	unimp
     b10:	0000                	unimp
     b12:	0000                	unimp
     b14:	0100                	addi	s0,sp,128
     b16:	4e9c                	lw	a5,24(a3)
     b18:	02000003          	lb	zero,32(zero) # 20 <__stack_align+0x10>
     b1c:	044d                	addi	s0,s0,19 # 13 <__stack_align+0x3>
     b1e:	0000                	unimp
     b20:	2104                	fld	fs1,0(a0)
     b22:	5d39                	li	s10,-18
     b24:	0000                	unimp
     b26:	0200                	addi	s0,sp,256
     b28:	5c91                	li	s9,-28
     b2a:	8701                	c.srai	a4,0x0
     b2c:	04000003          	lb	zero,64(zero) # 40 <__stack_align+0x30>
     b30:	1226                	slli	tp,tp,0x29
     b32:	005d                	c.nop	23
     b34:	0000                	unimp
     b36:	9102                	jalr	sp
     b38:	006c                	addi	a1,sp,12
     b3a:	cb0a                	sw	sp,148(sp)
     b3c:	0004                	.insn	2, 0x0004
     b3e:	0400                	addi	s0,sp,512
     b40:	fc1a                	sd	t1,56(sp)
     b42:	000e                	c.slli	zero,0x3
     b44:	0080                	addi	s0,sp,64
     b46:	0000                	unimp
     b48:	5800                	lw	s0,48(s0)
     b4a:	0000                	unimp
     b4c:	0000                	unimp
     b4e:	0000                	unimp
     b50:	0100                	addi	s0,sp,128
     b52:	8a9c                	.insn	2, 0x8a9c
     b54:	02000003          	lb	zero,32(zero) # 20 <__stack_align+0x10>
     b58:	044d                	addi	s0,s0,19
     b5a:	0000                	unimp
     b5c:	1a04                	addi	s1,sp,304
     b5e:	5d30                	lw	a2,120(a0)
     b60:	0000                	unimp
     b62:	0200                	addi	s0,sp,256
     b64:	6c91                	lui	s9,0x4
     b66:	9902                	jalr	s2
     b68:	04000003          	lb	zero,64(zero) # 40 <__stack_align+0x30>
     b6c:	461a                	lw	a2,132(sp)
     b6e:	005d                	c.nop	23
     b70:	0000                	unimp
     b72:	9102                	jalr	sp
     b74:	0068                	addi	a0,sp,12
     b76:	0d11                	addi	s10,s10,4 # 13a1920 <__heap_size+0x1381920>
     b78:	04000003          	lb	zero,64(zero) # 40 <__stack_align+0x30>
     b7c:	d615                	beqz	a2,aa8 <__stack_align+0xa98>
     b7e:	000e                	c.slli	zero,0x3
     b80:	0080                	addi	s0,sp,64
     b82:	0000                	unimp
     b84:	2600                	fld	fs0,8(a2)
     b86:	0000                	unimp
     b88:	0000                	unimp
     b8a:	0000                	unimp
     b8c:	0100                	addi	s0,sp,128
     b8e:	129c                	addi	a5,sp,352
     b90:	0588                	addi	a0,sp,704
     b92:	0000                	unimp
     b94:	000dea77          	.insn	4, 0x000dea77
     b98:	0080                	addi	s0,sp,64
     b9a:	0000                	unimp
     b9c:	ec00                	sd	s0,24(s0)
     b9e:	0000                	unimp
     ba0:	0000                	unimp
     ba2:	0000                	unimp
     ba4:	0100                	addi	s0,sp,128
     ba6:	339c                	fld	fa5,32(a5)
     ba8:	0004                	.insn	2, 0x0004
     baa:	0100                	addi	s0,sp,128
     bac:	000004bb          	addw	s1,zero,zero
     bb0:	7e0e7d03          	.insn	4, 0x7e0e7d03
     bb4:	0000                	unimp
     bb6:	0200                	addi	s0,sp,256
     bb8:	6c91                	lui	s9,0x4
     bba:	c301                	beqz	a4,bba <__stack_align+0xbaa>
     bbc:	0004                	.insn	2, 0x0004
     bbe:	0300                	addi	s0,sp,384
     bc0:	0e7e                	slli	t3,t3,0x1f
     bc2:	007e                	c.slli	zero,0x1f
     bc4:	0000                	unimp
     bc6:	9102                	jalr	sp
     bc8:	0168                	addi	a0,sp,140
     bca:	04ff 0000 8c03 6b13 	.insn	10, 0x6b138c03000004ff
     bd2:	0000 
     bd4:	0200                	addi	s0,sp,256
     bd6:	5891                	li	a7,-28
     bd8:	6604                	ld	s1,8(a2)
     bda:	000e                	c.slli	zero,0x3
     bdc:	0080                	addi	s0,sp,64
     bde:	0000                	unimp
     be0:	0c00                	addi	s0,sp,528
     be2:	0000                	unimp
     be4:	0000                	unimp
     be6:	0000                	unimp
     be8:	1100                	addi	s0,sp,160
     bea:	0004                	.insn	2, 0x0004
     bec:	0100                	addi	s0,sp,128
     bee:	0372                	slli	t1,t1,0x1c
     bf0:	0000                	unimp
     bf2:	6b298c03          	lb	s8,1714(s3)
     bf6:	0000                	unimp
     bf8:	0200                	addi	s0,sp,256
     bfa:	6091                	lui	ra,0x4
     bfc:	0600                	addi	s0,sp,768
     bfe:	0ea6                	slli	t4,t4,0x9
     c00:	8000                	.insn	2, 0x8000
     c02:	0000                	unimp
     c04:	0000                	unimp
     c06:	000c                	.insn	2, 0x000c
     c08:	0000                	unimp
     c0a:	0000                	unimp
     c0c:	0000                	unimp
     c0e:	7201                	lui	tp,0xfffe0
     c10:	03000003          	lb	zero,48(zero) # 30 <__stack_align+0x20>
     c14:	1b98                	addi	a4,sp,496
     c16:	0000006b          	.insn	4, 0x006b
     c1a:	9102                	jalr	sp
     c1c:	0050                	addi	a2,sp,4
     c1e:	1200                	addi	s0,sp,288
     c20:	056a                	slli	a0,a0,0x1a
     c22:	0000                	unimp
     c24:	2c52                	fld	fs8,272(sp)
     c26:	000d                	c.nop	3
     c28:	0080                	addi	s0,sp,64
     c2a:	0000                	unimp
     c2c:	be00                	fsd	fs0,56(a2)
     c2e:	0000                	unimp
     c30:	0000                	unimp
     c32:	0000                	unimp
     c34:	0100                	addi	s0,sp,128
     c36:	a59c                	fsd	fa5,8(a1)
     c38:	0004                	.insn	2, 0x0004
     c3a:	0100                	addi	s0,sp,128
     c3c:	031d                	addi	t1,t1,7
     c3e:	0000                	unimp
     c40:	6b136403          	lwu	s0,1713(t1)
     c44:	0000                	unimp
     c46:	0200                	addi	s0,sp,256
     c48:	6091                	lui	ra,0x4
     c4a:	9404                	.insn	2, 0x9404
     c4c:	000d                	c.nop	3
     c4e:	0080                	addi	s0,sp,64
     c50:	0000                	unimp
     c52:	0c00                	addi	s0,sp,528
     c54:	0000                	unimp
     c56:	0000                	unimp
     c58:	0000                	unimp
     c5a:	8300                	.insn	2, 0x8300
     c5c:	0004                	.insn	2, 0x0004
     c5e:	0100                	addi	s0,sp,128
     c60:	0372                	slli	t1,t1,0x1c
     c62:	0000                	unimp
     c64:	6b296403          	lwu	s0,1714(s2) # 16b2 <__stack_align+0x16a2>
     c68:	0000                	unimp
     c6a:	0200                	addi	s0,sp,256
     c6c:	6891                	lui	a7,0x4
     c6e:	0600                	addi	s0,sp,768
     c70:	0dba                	slli	s11,s11,0xe
     c72:	8000                	.insn	2, 0x8000
     c74:	0000                	unimp
     c76:	0000                	unimp
     c78:	000c                	.insn	2, 0x000c
     c7a:	0000                	unimp
     c7c:	0000                	unimp
     c7e:	0000                	unimp
     c80:	7201                	lui	tp,0xfffe0
     c82:	03000003          	lb	zero,48(zero) # 30 <__stack_align+0x20>
     c86:	1b6a                	slli	s6,s6,0x3a
     c88:	0000006b          	.insn	4, 0x006b
     c8c:	9102                	jalr	sp
     c8e:	0058                	addi	a4,sp,4
     c90:	1300                	addi	s0,sp,416
     c92:	0000034b          	fnmsub.s	ft6,ft0,ft0,ft0,rne
     c96:	a826                	fsd	fs1,16(sp)
     c98:	0080000b          	.insn	4, 0x0080000b
     c9c:	0000                	unimp
     c9e:	8400                	.insn	2, 0x8400
     ca0:	0001                	nop
     ca2:	0000                	unimp
     ca4:	0000                	unimp
     ca6:	0100                	addi	s0,sp,128
     ca8:	e09c                	sd	a5,0(s1)
     caa:	0004                	.insn	2, 0x0004
     cac:	0100                	addi	s0,sp,128
     cae:	000004bb          	addw	s1,zero,zero
     cb2:	7e0c3603          	ld	a2,2016(s8) # 550b2 <__heap_size+0x350b2>
     cb6:	0000                	unimp
     cb8:	0200                	addi	s0,sp,256
     cba:	6c91                	lui	s9,0x4
     cbc:	c301                	beqz	a4,cbc <__stack_align+0xcac>
     cbe:	0004                	.insn	2, 0x0004
     cc0:	0300                	addi	s0,sp,384
     cc2:	1536                	slli	a0,a0,0x2d
     cc4:	007e                	c.slli	zero,0x1f
     cc6:	0000                	unimp
     cc8:	9102                	jalr	sp
     cca:	0068                	addi	a0,sp,12
     ccc:	0005540f          	.insn	4, 0x0005540f
     cd0:	0300                	addi	s0,sp,384
     cd2:	0a1c                	addi	a5,sp,272
     cd4:	007e                	c.slli	zero,0x1f
     cd6:	0000                	unimp
     cd8:	0b46                	slli	s6,s6,0x11
     cda:	8000                	.insn	2, 0x8000
     cdc:	0000                	unimp
     cde:	0000                	unimp
     ce0:	0062                	c.slli	zero,0x18
     ce2:	0000                	unimp
     ce4:	0000                	unimp
     ce6:	0000                	unimp
     ce8:	9c01                	subw	s0,s0,s0
     cea:	0521                	addi	a0,a0,8
     cec:	0000                	unimp
     cee:	4d02                	lw	s10,0(sp)
     cf0:	0004                	.insn	2, 0x0004
     cf2:	0300                	addi	s0,sp,384
     cf4:	291c                	fld	fa5,16(a0)
     cf6:	007e                	c.slli	zero,0x1f
     cf8:	0000                	unimp
     cfa:	9102                	jalr	sp
     cfc:	015c                	addi	a5,sp,132
     cfe:	00000387          	.insn	4, 0x0387
     d02:	7e0c2103          	lw	sp,2016(s8)
     d06:	0000                	unimp
     d08:	0200                	addi	s0,sp,256
     d0a:	6c91                	lui	s9,0x4
     d0c:	1300                	addi	s0,sp,416
     d0e:	0512                	slli	a0,a0,0x4
     d10:	0000                	unimp
     d12:	ec14                	sd	a3,24(s0)
     d14:	000a                	c.slli	zero,0x2
     d16:	0080                	addi	s0,sp,64
     d18:	0000                	unimp
     d1a:	5a00                	lw	s0,48(a2)
     d1c:	0000                	unimp
     d1e:	0000                	unimp
     d20:	0000                	unimp
     d22:	0100                	addi	s0,sp,128
     d24:	5c9c                	lw	a5,56(s1)
     d26:	0005                	c.nop	1
     d28:	0200                	addi	s0,sp,256
     d2a:	044d                	addi	s0,s0,19
     d2c:	0000                	unimp
     d2e:	7e261403          	lh	s0,2018(a2)
     d32:	0000                	unimp
     d34:	0200                	addi	s0,sp,256
     d36:	6c91                	lui	s9,0x4
     d38:	9902                	jalr	s2
     d3a:	03000003          	lb	zero,48(zero) # 30 <__stack_align+0x20>
     d3e:	3814                	fld	fa3,48(s0)
     d40:	007e                	c.slli	zero,0x1f
     d42:	0000                	unimp
     d44:	9102                	jalr	sp
     d46:	0068                	addi	a0,sp,12
     d48:	370c                	fld	fa1,40(a4)
     d4a:	02000003          	lb	zero,32(zero) # 20 <__stack_align+0x10>
     d4e:	6ec2                	ld	t4,16(sp)
     d50:	0009                	c.nop	2
     d52:	0080                	addi	s0,sp,64
     d54:	0000                	unimp
     d56:	7e00                	ld	s0,56(a2)
     d58:	0001                	nop
     d5a:	0000                	unimp
     d5c:	0000                	unimp
     d5e:	0100                	addi	s0,sp,128
     d60:	459c                	lw	a5,8(a1)
     d62:	0006                	c.slli	zero,0x1
     d64:	0100                	addi	s0,sp,128
     d66:	000002a3          	sb	zero,5(zero) # 5 <__boot_hart+0x5>
     d6a:	c302                	sw	zero,132(sp)
     d6c:	4510                	lw	a2,8(a0)
     d6e:	0006                	c.slli	zero,0x1
     d70:	0300                	addi	s0,sp,384
     d72:	b091                	j	5b6 <__stack_align+0x5a6>
     d74:	017f 0542 0000 c402 	.insn	10, 0x550fc40200000542017f
     d7c:	550f 
     d7e:	0006                	c.slli	zero,0x1
     d80:	0300                	addi	s0,sp,384
     d82:	a891                	j	dd6 <__stack_align+0xdc6>
     d84:	017f 0378 0000 c502 	.insn	10, 0xe10fc50200000378017f
     d8c:	e10f 
     d8e:	0001                	nop
     d90:	0300                	addi	s0,sp,384
     d92:	e891                	bnez	s1,da6 <__stack_align+0xd96>
     d94:	017e                	slli	sp,sp,0x1f
     d96:	038c                	addi	a1,sp,448
     d98:	0000                	unimp
     d9a:	da02                	sw	zero,52(sp)
     d9c:	6b11                	lui	s6,0x4
     d9e:	0000                	unimp
     da0:	0200                	addi	s0,sp,256
     da2:	5891                	li	a7,-28
     da4:	de04                	sw	s1,56(a2)
     da6:	0009                	c.nop	2
     da8:	0080                	addi	s0,sp,64
     daa:	0000                	unimp
     dac:	3e00                	fld	fs0,56(a2)
     dae:	0000                	unimp
     db0:	0000                	unimp
     db2:	0000                	unimp
     db4:	db00                	sw	s0,48(a4)
     db6:	0005                	c.nop	1
     db8:	0300                	addi	s0,sp,384
     dba:	0069                	c.nop	26
     dbc:	cb02                	sw	zero,148(sp)
     dbe:	4a0c                	lw	a1,16(a2)
     dc0:	0000                	unimp
     dc2:	0200                	addi	s0,sp,256
     dc4:	6c91                	lui	s9,0x4
     dc6:	0400                	addi	s0,sp,512
     dc8:	0a1c                	addi	a5,sp,272
     dca:	8000                	.insn	2, 0x8000
     dcc:	0000                	unimp
     dce:	0000                	unimp
     dd0:	0040                	addi	s0,sp,4
     dd2:	0000                	unimp
     dd4:	0000                	unimp
     dd6:	0000                	unimp
     dd8:	05fe                	slli	a1,a1,0x1f
     dda:	0000                	unimp
     ddc:	02006903          	lwu	s2,32(zero) # 20 <__stack_align+0x10>
     de0:	0cce                	slli	s9,s9,0x13
     de2:	004a                	c.slli	zero,0x12
     de4:	0000                	unimp
     de6:	9102                	jalr	sp
     de8:	0068                	addi	a0,sp,12
     dea:	9004                	.insn	2, 0x9004
     dec:	000a                	c.slli	zero,0x2
     dee:	0080                	addi	s0,sp,64
     df0:	0000                	unimp
     df2:	0c00                	addi	s0,sp,528
     df4:	0000                	unimp
     df6:	0000                	unimp
     df8:	0000                	unimp
     dfa:	2300                	fld	fs0,0(a4)
     dfc:	0006                	c.slli	zero,0x1
     dfe:	0100                	addi	s0,sp,128
     e00:	0372                	slli	t1,t1,0x1c
     e02:	0000                	unimp
     e04:	da02                	sw	zero,52(sp)
     e06:	6b21                	lui	s6,0x8
     e08:	0000                	unimp
     e0a:	0200                	addi	s0,sp,256
     e0c:	6091                	lui	ra,0x4
     e0e:	0600                	addi	s0,sp,768
     e10:	0ab0                	addi	a2,sp,344
     e12:	8000                	.insn	2, 0x8000
     e14:	0000                	unimp
     e16:	0000                	unimp
     e18:	000c                	.insn	2, 0x000c
     e1a:	0000                	unimp
     e1c:	0000                	unimp
     e1e:	0000                	unimp
     e20:	7201                	lui	tp,0xfffe0
     e22:	02000003          	lb	zero,32(zero) # 20 <__stack_align+0x10>
     e26:	13dd                	addi	t2,t2,-9
     e28:	0000006b          	.insn	4, 0x006b
     e2c:	9102                	jalr	sp
     e2e:	0050                	addi	a2,sp,4
     e30:	0700                	addi	s0,sp,896
     e32:	005d                	c.nop	23
     e34:	0000                	unimp
     e36:	0655                	addi	a2,a2,21
     e38:	0000                	unimp
     e3a:	6b08                	ld	a0,16(a4)
     e3c:	0000                	unimp
     e3e:	0700                	addi	s0,sp,896
     e40:	0700                	addi	s0,sp,896
     e42:	005d                	c.nop	23
     e44:	0000                	unimp
     e46:	0665                	addi	a2,a2,25
     e48:	0000                	unimp
     e4a:	6b08                	ld	a0,16(a4)
     e4c:	0000                	unimp
     e4e:	0100                	addi	s0,sp,128
     e50:	0c00                	addi	s0,sp,528
     e52:	05b4                	addi	a3,sp,712
     e54:	0000                	unimp
     e56:	5602                	lw	a2,32(sp)
     e58:	05d2                	slli	a1,a1,0x14
     e5a:	8000                	.insn	2, 0x8000
     e5c:	0000                	unimp
     e5e:	0000                	unimp
     e60:	039c                	addi	a5,sp,448
     e62:	0000                	unimp
     e64:	0000                	unimp
     e66:	0000                	unimp
     e68:	9c01                	subw	s0,s0,s0
     e6a:	075a                	slli	a4,a4,0x16
     e6c:	0000                	unimp
     e6e:	a301                	j	136e <__stack_align+0x135e>
     e70:	0002                	c.slli	zero,0x0
     e72:	0200                	addi	s0,sp,256
     e74:	06451057          	.insn	4, 0x06451057
     e78:	0000                	unimp
     e7a:	9102                	jalr	sp
     e7c:	0140                	addi	s0,sp,132
     e7e:	0542                	slli	a0,a0,0x10
     e80:	0000                	unimp
     e82:	5802                	lw	a6,32(sp)
     e84:	0006550f          	.insn	4, 0x0006550f
     e88:	0300                	addi	s0,sp,384
     e8a:	b891                	j	6de <__stack_align+0x6ce>
     e8c:	017f 0378 0000 5902 	.insn	10, 0xe10f590200000378017f
     e94:	e10f 
     e96:	0001                	nop
     e98:	0300                	addi	s0,sp,384
     e9a:	f891                	bnez	s1,dae <__stack_align+0xd9e>
     e9c:	017e                	slli	sp,sp,0x1f
     e9e:	0479                	addi	s0,s0,30
     ea0:	0000                	unimp
     ea2:	5f02                	lw	t5,32(sp)
     ea4:	0001e10f          	.insn	4, 0x0001e10f
     ea8:	0300                	addi	s0,sp,384
     eaa:	b891                	j	6fe <__stack_align+0x6ee>
     eac:	017e                	slli	sp,sp,0x1f
     eae:	0485                	addi	s1,s1,1
     eb0:	0000                	unimp
     eb2:	6502                	ld	a0,0(sp)
     eb4:	0001e10f          	.insn	4, 0x0001e10f
     eb8:	0300                	addi	s0,sp,384
     eba:	f891                	bnez	s1,dce <__stack_align+0xdbe>
     ebc:	047d                	addi	s0,s0,31
     ebe:	06ee                	slli	a3,a3,0x1b
     ec0:	8000                	.insn	2, 0x8000
     ec2:	0000                	unimp
     ec4:	0000                	unimp
     ec6:	003a                	c.slli	zero,0xe
     ec8:	0000                	unimp
     eca:	0000                	unimp
     ecc:	0000                	unimp
     ece:	06f4                	addi	a3,sp,844
     ed0:	0000                	unimp
     ed2:	02006903          	lwu	s2,32(zero) # 20 <__stack_align+0x10>
     ed6:	0b79                	addi	s6,s6,30 # 801e <__stack_size+0x1e>
     ed8:	004a                	c.slli	zero,0x12
     eda:	0000                	unimp
     edc:	9102                	jalr	sp
     ede:	006c                	addi	a1,sp,12
     ee0:	3404                	fld	fs1,40(s0)
     ee2:	00800007          	.insn	4, 0x00800007
     ee6:	0000                	unimp
     ee8:	3a00                	fld	fs0,48(a2)
     eea:	0000                	unimp
     eec:	0000                	unimp
     eee:	0000                	unimp
     ef0:	1700                	addi	s0,sp,928
     ef2:	03000007          	.insn	4, 0x03000007
     ef6:	0069                	c.nop	26
     ef8:	7d02                	ld	s10,32(sp)
     efa:	4a0a                	lw	s4,128(sp)
     efc:	0000                	unimp
     efe:	0200                	addi	s0,sp,256
     f00:	6891                	lui	a7,0x4
     f02:	0400                	addi	s0,sp,512
     f04:	0892                	slli	a7,a7,0x4
     f06:	8000                	.insn	2, 0x8000
     f08:	0000                	unimp
     f0a:	0000                	unimp
     f0c:	003a                	c.slli	zero,0xe
     f0e:	0000                	unimp
     f10:	0000                	unimp
     f12:	0000                	unimp
     f14:	073a                	slli	a4,a4,0xe
     f16:	0000                	unimp
     f18:	02006903          	lwu	s2,32(zero) # 20 <__stack_align+0x10>
     f1c:	0bac                	addi	a1,sp,472
     f1e:	004a                	c.slli	zero,0x12
     f20:	0000                	unimp
     f22:	9102                	jalr	sp
     f24:	0064                	addi	s1,sp,12
     f26:	d806                	sw	ra,48(sp)
     f28:	0008                	.insn	2, 0x0008
     f2a:	0080                	addi	s0,sp,64
     f2c:	0000                	unimp
     f2e:	3a00                	fld	fs0,48(a2)
     f30:	0000                	unimp
     f32:	0000                	unimp
     f34:	0000                	unimp
     f36:	0300                	addi	s0,sp,384
     f38:	0069                	c.nop	26
     f3a:	b002                	fsd	ft0,32(sp)
     f3c:	4a0a                	lw	s4,128(sp)
     f3e:	0000                	unimp
     f40:	0200                	addi	s0,sp,256
     f42:	6091                	lui	ra,0x4
     f44:	0000                	unimp
     f46:	a20a                	fsd	ft2,256(sp)
     f48:	0004                	.insn	2, 0x0004
     f4a:	0200                	addi	s0,sp,256
     f4c:	604d                	c.lui	zero,0x13
     f4e:	0005                	c.nop	1
     f50:	0080                	addi	s0,sp,64
     f52:	0000                	unimp
     f54:	7200                	ld	s0,32(a2)
     f56:	0000                	unimp
     f58:	0000                	unimp
     f5a:	0000                	unimp
     f5c:	0100                	addi	s0,sp,128
     f5e:	a69c                	fsd	fa5,8(a3)
     f60:	02000007          	.insn	4, 0x02000007
     f64:	035e                	slli	t1,t1,0x17
     f66:	0000                	unimp
     f68:	4d02                	lw	s10,0(sp)
     f6a:	0934                	addi	a3,sp,152
     f6c:	02000003          	lb	zero,32(zero) # 20 <__stack_align+0x10>
     f70:	4891                	li	a7,4
     f72:	8206                	mv	tp,ra
     f74:	0005                	c.nop	1
     f76:	0080                	addi	s0,sp,64
     f78:	0000                	unimp
     f7a:	4200                	lw	s0,0(a2)
     f7c:	0000                	unimp
     f7e:	0000                	unimp
     f80:	0000                	unimp
     f82:	0300                	addi	s0,sp,384
     f84:	0069                	c.nop	26
     f86:	5202                	lw	tp,32(sp)
     f88:	4a0e                	lw	s4,192(sp)
     f8a:	0000                	unimp
     f8c:	0200                	addi	s0,sp,256
     f8e:	5c91                	li	s9,-28
     f90:	0000                	unimp
     f92:	ed0a                	sd	sp,152(sp)
     f94:	0002                	c.slli	zero,0x0
     f96:	0200                	addi	s0,sp,256
     f98:	1e32                	slli	t3,t3,0x2c
     f9a:	0004                	.insn	2, 0x0004
     f9c:	0080                	addi	s0,sp,64
     f9e:	0000                	unimp
     fa0:	4200                	lw	s0,0(a2)
     fa2:	0001                	nop
     fa4:	0000                	unimp
     fa6:	0000                	unimp
     fa8:	0100                	addi	s0,sp,128
     faa:	859c                	.insn	2, 0x859c
     fac:	0008                	.insn	2, 0x0008
     fae:	0200                	addi	s0,sp,256
     fb0:	0356                	slli	t1,t1,0x15
     fb2:	0000                	unimp
     fb4:	3302                	fld	ft6,32(sp)
     fb6:	5d16                	lw	s10,100(sp)
     fb8:	0000                	unimp
     fba:	0200                	addi	s0,sp,256
     fbc:	4c91                	li	s9,4
     fbe:	6b0d                	lui	s6,0x3
     fc0:	7965                	lui	s2,0xffff9
     fc2:	0200                	addi	s0,sp,256
     fc4:	1734                	addi	a3,sp,936
     fc6:	0309                	addi	t1,t1,2
     fc8:	0000                	unimp
     fca:	9102                	jalr	sp
     fcc:	0d40                	addi	s0,sp,660
     fce:	7669                	lui	a2,0xffffa
     fd0:	0200                	addi	s0,sp,256
     fd2:	1735                	addi	a4,a4,-19
     fd4:	0309                	addi	t1,t1,2
     fd6:	0000                	unimp
     fd8:	7fb89103          	lh	sp,2043(a7) # 47fb <__stack_align+0x47eb>
     fdc:	c602                	sw	zero,12(sp)
     fde:	0005                	c.nop	1
     fe0:	0200                	addi	s0,sp,256
     fe2:	1636                	slli	a2,a2,0x2d
     fe4:	005d                	c.nop	23
     fe6:	0000                	unimp
     fe8:	9102                	jalr	sp
     fea:	0248                	addi	a0,sp,260
     fec:	037f 0000 3702 0917 	.insn	10, 0x0003091737020000037f
     ff4:	0003 
     ff6:	0300                	addi	s0,sp,384
     ff8:	b091                	j	83c <__stack_align+0x82c>
     ffa:	027f 035e 0000 3802 	.insn	10, 0x091738020000035e027f
    1002:	0917 
    1004:	03000003          	lb	zero,48(zero) # 30 <__stack_align+0x20>
    1008:	a891                	j	105c <__stack_align+0x104c>
    100a:	047f 0444 8000 0000 	.insn	10, 0x80000444047f
    1012:	0000 
    1014:	003e                	c.slli	zero,0xf
    1016:	0000                	unimp
    1018:	0000                	unimp
    101a:	0000                	unimp
    101c:	0842                	slli	a6,a6,0x10
    101e:	0000                	unimp
    1020:	02006903          	lwu	s2,32(zero) # 20 <__stack_align+0x10>
    1024:	0e3a                	slli	t3,t3,0xe
    1026:	004a                	c.slli	zero,0x12
    1028:	0000                	unimp
    102a:	9102                	jalr	sp
    102c:	005c                	addi	a5,sp,4
    102e:	8204                	.insn	2, 0x8204
    1030:	0004                	.insn	2, 0x0004
    1032:	0080                	addi	s0,sp,64
    1034:	0000                	unimp
    1036:	4000                	lw	s0,0(s0)
    1038:	0000                	unimp
    103a:	0000                	unimp
    103c:	0000                	unimp
    103e:	6500                	ld	s0,8(a0)
    1040:	0008                	.insn	2, 0x0008
    1042:	0300                	addi	s0,sp,384
    1044:	0069                	c.nop	26
    1046:	3d02                	fld	fs10,32(sp)
    1048:	4a0e                	lw	s4,192(sp)
    104a:	0000                	unimp
    104c:	0200                	addi	s0,sp,256
    104e:	5891                	li	a7,-28
    1050:	0600                	addi	s0,sp,768
    1052:	0510                	addi	a2,sp,640
    1054:	8000                	.insn	2, 0x8000
    1056:	0000                	unimp
    1058:	0000                	unimp
    105a:	0042                	c.slli	zero,0x10
    105c:	0000                	unimp
    105e:	0000                	unimp
    1060:	0000                	unimp
    1062:	02006903          	lwu	s2,32(zero) # 20 <__stack_align+0x10>
    1066:	0e49                	addi	t3,t3,18
    1068:	004a                	c.slli	zero,0x12
    106a:	0000                	unimp
    106c:	9102                	jalr	sp
    106e:	0054                	addi	a3,sp,4
    1070:	1000                	addi	s0,sp,32
    1072:	0460                	addi	s0,sp,524
    1074:	0000                	unimp
    1076:	2802                	fld	fa6,0(sp)
    1078:	005d                	c.nop	23
    107a:	0000                	unimp
    107c:	03bc                	addi	a5,sp,456
    107e:	8000                	.insn	2, 0x8000
    1080:	0000                	unimp
    1082:	0000                	unimp
    1084:	0062                	c.slli	zero,0x18
    1086:	0000                	unimp
    1088:	0000                	unimp
    108a:	0000                	unimp
    108c:	9c01                	subw	s0,s0,s0
    108e:	08c5                	addi	a7,a7,17
    1090:	0000                	unimp
    1092:	4d02                	lw	s10,0(sp)
    1094:	0004                	.insn	2, 0x0004
    1096:	0200                	addi	s0,sp,256
    1098:	3b28                	fld	fa0,112(a4)
    109a:	005d                	c.nop	23
    109c:	0000                	unimp
    109e:	9102                	jalr	sp
    10a0:	015c                	addi	a5,sp,132
    10a2:	00000387          	.insn	4, 0x0387
    10a6:	2d02                	fld	fs10,0(sp)
    10a8:	5d12                	lw	s10,36(sp)
    10aa:	0000                	unimp
    10ac:	0200                	addi	s0,sp,256
    10ae:	6c91                	lui	s9,0x4
    10b0:	0a00                	addi	s0,sp,272
    10b2:	02d5                	addi	t0,t0,21
    10b4:	0000                	unimp
    10b6:	2102                	fld	ft2,0(sp)
    10b8:	0364                	addi	s1,sp,396
    10ba:	8000                	.insn	2, 0x8000
    10bc:	0000                	unimp
    10be:	0000                	unimp
    10c0:	0058                	addi	a4,sp,4
    10c2:	0000                	unimp
    10c4:	0000                	unimp
    10c6:	0000                	unimp
    10c8:	9c01                	subw	s0,s0,s0
    10ca:	0901                	addi	s2,s2,0 # ffffffffffff9000 <__stack_start+0xffffffff7ffd6000>
    10cc:	0000                	unimp
    10ce:	4d02                	lw	s10,0(sp)
    10d0:	0004                	.insn	2, 0x0004
    10d2:	0200                	addi	s0,sp,256
    10d4:	3221                	addiw	tp,tp,-24 # fffffffffffdffe8 <__stack_start+0xffffffff7ffbcfe8>
    10d6:	005d                	c.nop	23
    10d8:	0000                	unimp
    10da:	9102                	jalr	sp
    10dc:	026c                	addi	a1,sp,268
    10de:	0399                	addi	t2,t2,6
    10e0:	0000                	unimp
    10e2:	2102                	fld	ft2,0(sp)
    10e4:	5d48                	lw	a0,60(a0)
    10e6:	0000                	unimp
    10e8:	0200                	addi	s0,sp,256
    10ea:	6891                	lui	a7,0x4
    10ec:	1100                	addi	s0,sp,160
    10ee:	02be                	slli	t0,t0,0xf
    10f0:	0000                	unimp
    10f2:	1c02                	slli	s8,s8,0x20
    10f4:	033e                	slli	t1,t1,0xf
    10f6:	8000                	.insn	2, 0x8000
    10f8:	0000                	unimp
    10fa:	0000                	unimp
    10fc:	0026                	c.slli	zero,0x9
    10fe:	0000                	unimp
    1100:	0000                	unimp
    1102:	0000                	unimp
    1104:	9c01                	subw	s0,s0,s0
    1106:	551a                	lw	a0,164(sp)
    1108:	0004                	.insn	2, 0x0004
    110a:	0100                	addi	s0,sp,128
    110c:	1824                	addi	s1,sp,56
    110e:	007e                	c.slli	zero,0x1f
    1110:	0000                	unimp
    1112:	0318                	addi	a4,sp,384
    1114:	8000                	.insn	2, 0x8000
    1116:	0000                	unimp
    1118:	0000                	unimp
    111a:	0026                	c.slli	zero,0x9
    111c:	0000                	unimp
    111e:	0000                	unimp
    1120:	0000                	unimp
    1122:	9c01                	subw	s0,s0,s0
    1124:	0000095b          	.insn	4, 0x095b
    1128:	d002                	sw	zero,32(sp)
    112a:	0002                	c.slli	zero,0x0
    112c:	0100                	addi	s0,sp,128
    112e:	2d24                	fld	fs1,88(a0)
    1130:	0000008f          	.insn	4, 0x008f
    1134:	9102                	jalr	sp
    1136:	0358                	addi	a4,sp,388
    1138:	7470                	ld	a2,232(s0)
    113a:	0072                	c.slli	zero,0x1c
    113c:	2601                	sext.w	a2,a2
    113e:	dc15                	beqz	s0,107a <__stack_align+0x106a>
    1140:	0000                	unimp
    1142:	0200                	addi	s0,sp,256
    1144:	6891                	lui	a7,0x4
    1146:	1b00                	addi	s0,sp,432
    1148:	0529                	addi	a0,a0,10
    114a:	0000                	unimp
    114c:	1e01                	addi	t3,t3,-32
    114e:	ea14                	sd	a3,16(a2)
    1150:	0002                	c.slli	zero,0x0
    1152:	0080                	addi	s0,sp,64
    1154:	0000                	unimp
    1156:	2e00                	fld	fs0,24(a2)
    1158:	0000                	unimp
    115a:	0000                	unimp
    115c:	0000                	unimp
    115e:	0100                	addi	s0,sp,128
    1160:	029c                	addi	a5,sp,320
    1162:	02d0                	addi	a2,sp,324
    1164:	0000                	unimp
    1166:	1e01                	addi	t3,t3,-32
    1168:	8f2a                	mv	t5,a0
    116a:	0000                	unimp
    116c:	0200                	addi	s0,sp,256
    116e:	5891                	li	a7,-28
    1170:	9902                	jalr	s2
    1172:	01000003          	lb	zero,16(zero) # 10 <__stack_align>
    1176:	391e                	fld	fs2,480(sp)
    1178:	007e                	c.slli	zero,0x1f
    117a:	0000                	unimp
    117c:	9102                	jalr	sp
    117e:	0354                	addi	a3,sp,388
    1180:	7470                	ld	a2,232(s0)
    1182:	0072                	c.slli	zero,0x1c
    1184:	2001                	.insn	2, 0x2001
    1186:	dc15                	beqz	s0,10c2 <__stack_align+0x10b2>
    1188:	0000                	unimp
    118a:	0200                	addi	s0,sp,256
    118c:	6891                	lui	a7,0x4
    118e:	0000                	unimp
    1190:	00000317          	auipc	t1,0x0
    1194:	0005                	c.nop	1
    1196:	0801                	addi	a6,a6,0
    1198:	0648                	addi	a0,sp,772
    119a:	0000                	unimp
    119c:	00039e0b          	.insn	4, 0x00039e0b
    11a0:	1d00                	addi	s0,sp,688
    11a2:	0000026f          	jal	tp,11a2 <__stack_align+0x1192>
    11a6:	01ac                	addi	a1,sp,200
    11a8:	0000                	unimp
    11aa:	1364                	addi	s1,sp,428
    11ac:	8000                	.insn	2, 0x8000
    11ae:	0000                	unimp
    11b0:	0000                	unimp
    11b2:	043c                	addi	a5,sp,520
    11b4:	0000                	unimp
    11b6:	0000                	unimp
    11b8:	0000                	unimp
    11ba:	1510                	addi	a2,sp,672
    11bc:	0000                	unimp
    11be:	0005f203          	.insn	4, 0x0005f203
    11c2:	0300                	addi	s0,sp,384
    11c4:	1b28                	addi	a0,sp,440
    11c6:	003a                	c.slli	zero,0xe
    11c8:	0000                	unimp
    11ca:	080c                	addi	a1,sp,16
    11cc:	05d8                	addi	a4,sp,708
    11ce:	0000                	unimp
    11d0:	0005f903          	.insn	4, 0x0005f903
    11d4:	0300                	addi	s0,sp,384
    11d6:	002e1867          	.insn	4, 0x002e1867
    11da:	0000                	unimp
    11dc:	0102                	c.slli	sp,0x0
    11de:	7906                	ld	s2,96(sp)
    11e0:	0000                	unimp
    11e2:	0200                	addi	s0,sp,256
    11e4:	0801                	addi	a6,a6,0
    11e6:	00000077          	.insn	4, 0x0077
    11ea:	0202                	c.slli	tp,0x0
    11ec:	b405                	j	c0c <__stack_align+0xbfc>
    11ee:	0000                	unimp
    11f0:	0200                	addi	s0,sp,256
    11f2:	0702                	c.slli	a4,0x0
    11f4:	004c                	addi	a1,sp,4
    11f6:	0000                	unimp
    11f8:	00022003          	lw	zero,0(tp) # 0 <__boot_hart>
    11fc:	0400                	addi	s0,sp,512
    11fe:	184d                	addi	a6,a6,-13
    1200:	0074                	addi	a3,sp,12
    1202:	0000                	unimp
    1204:	040d                	addi	s0,s0,3
    1206:	6905                	lui	s2,0x1
    1208:	746e                	ld	s0,248(sp)
    120a:	0300                	addi	s0,sp,384
    120c:	00000367          	jalr	t1,zero # 0 <__boot_hart>
    1210:	4f04                	lw	s1,24(a4)
    1212:	8719                	srai	a4,a4,0x6
    1214:	0000                	unimp
    1216:	0200                	addi	s0,sp,256
    1218:	0704                	addi	s1,sp,896
    121a:	019e                	slli	gp,gp,0x7
    121c:	0000                	unimp
    121e:	0802                	c.slli	a6,0x0
    1220:	9a05                	andi	a2,a2,-31
    1222:	0000                	unimp
    1224:	0200                	addi	s0,sp,256
    1226:	0708                	addi	a0,sp,896
    1228:	0199                	addi	gp,gp,6 # 80002856 <__global_pointer$+0x6>
    122a:	0000                	unimp
    122c:	00022203          	lw	tp,0(tp) # 0 <__boot_hart>
    1230:	0500                	addi	s0,sp,640
    1232:	132c                	addi	a1,sp,424
    1234:	0068                	addi	a0,sp,12
    1236:	0000                	unimp
    1238:	00036903          	lwu	s2,0(t1) # 1190 <__stack_align+0x1180>
    123c:	0500                	addi	s0,sp,640
    123e:	1430                	addi	a2,sp,552
    1240:	0000007b          	.insn	4, 0x007b
    1244:	a80e                	fsd	ft3,16(sp)
    1246:	0000                	unimp
    1248:	0400                	addi	s0,sp,512
    124a:	049d                	addi	s1,s1,7
    124c:	0000                	unimp
    124e:	1301                	addi	t1,t1,-32
    1250:	d422                	sw	s0,40(sp)
    1252:	0000                	unimp
    1254:	0900                	addi	s0,sp,144
    1256:	00205803          	lhu	a6,2(zero) # 2 <__boot_hart+0x2>
    125a:	0080                	addi	s0,sp,64
    125c:	0000                	unimp
    125e:	0700                	addi	s0,sp,896
    1260:	00b4                	addi	a3,sp,72
    1262:	0000                	unimp
    1264:	cf08                	sw	a0,24(a4)
    1266:	0000                	unimp
    1268:	0900                	addi	s0,sp,144
    126a:	054c                	addi	a1,sp,644
    126c:	0000                	unimp
    126e:	1416                	slli	s0,s0,0x25
    1270:	0014                	.insn	2, 0x0014
    1272:	0080                	addi	s0,sp,64
    1274:	0000                	unimp
    1276:	8c00                	.insn	2, 0x8c00
    1278:	00000003          	lb	zero,0(zero) # 0 <__boot_hart>
    127c:	0000                	unimp
    127e:	0100                	addi	s0,sp,128
    1280:	4c9c                	lw	a5,24(s1)
    1282:	0002                	c.slli	zero,0x0
    1284:	0500                	addi	s0,sp,640
    1286:	6d66                	ld	s10,88(sp)
    1288:	0074                	addi	a3,sp,12
    128a:	1602                	slli	a2,a2,0x20
    128c:	4c1a                	lw	s8,132(sp)
    128e:	0002                	c.slli	zero,0x0
    1290:	0300                	addi	s0,sp,384
    1292:	b891                	j	ae6 <__stack_align+0xad6>
    1294:	0f7e                	slli	t5,t5,0x1f
    1296:	7601                	lui	a2,0xfffe0
    1298:	006c                	addi	a1,sp,12
    129a:	1802                	slli	a6,a6,0x20
    129c:	400d                	c.li	zero,3
    129e:	0000                	unimp
    12a0:	0300                	addi	s0,sp,384
    12a2:	e891                	bnez	s1,12b6 <__stack_align+0x12a6>
    12a4:	047e                	slli	s0,s0,0x1f
    12a6:	0601                	addi	a2,a2,0 # fffffffffffe0000 <__stack_start+0xffffffff7ffbd000>
    12a8:	0000                	unimp
    12aa:	1902                	slli	s2,s2,0x20
    12ac:	5d0a                	lw	s10,160(sp)
    12ae:	0002                	c.slli	zero,0x0
    12b0:	0300                	addi	s0,sp,384
    12b2:	af91                	j	1a06 <__stack_align+0x19f6>
    12b4:	047f 05ea 0000 1902 	.insn	10, 0x5d151902000005ea047f
    12bc:	5d15 
    12be:	0002                	c.slli	zero,0x0
    12c0:	0300                	addi	s0,sp,384
    12c2:	ae91                	j	1616 <__stack_align+0x1606>
    12c4:	047f 05d0 0000 1902 	.insn	10, 0x5d1e1902000005d0047f
    12cc:	5d1e 
    12ce:	0002                	c.slli	zero,0x0
    12d0:	0300                	addi	s0,sp,384
    12d2:	ad91                	j	1926 <__stack_align+0x1916>
    12d4:	017f 0063 1a02 510a 	.insn	10, 0x0002510a1a020063017f
    12dc:	0002 
    12de:	0300                	addi	s0,sp,384
    12e0:	8791                	srai	a5,a5,0x4
    12e2:	067f 14c8 8000 0000 	.insn	10, 0x800014c8067f
    12ea:	0000 
    12ec:	027c                	addi	a5,sp,268
    12ee:	0000                	unimp
    12f0:	0000                	unimp
    12f2:	0000                	unimp
    12f4:	6e01                	.insn	2, 0x6e01
    12f6:	0200                	addi	s0,sp,256
    12f8:	1e6c                	addi	a1,sp,828
    12fa:	00000087          	.insn	4, 0x0087
    12fe:	7ef49103          	lh	sp,2031(s1)
    1302:	d80a                	sw	sp,48(sp)
    1304:	0014                	.insn	2, 0x0014
    1306:	0080                	addi	s0,sp,64
    1308:	0000                	unimp
    130a:	b200                	fsd	fs0,32(a2)
    130c:	0000                	unimp
    130e:	0000                	unimp
    1310:	0000                	unimp
    1312:	c400                	sw	s0,8(s0)
    1314:	0001                	nop
    1316:	0100                	addi	s0,sp,128
    1318:	006e                	c.slli	zero,0x1b
    131a:	2e02                	fld	ft8,0(sp)
    131c:	951f 0000 0300      	.insn	6, 0x03000000951f
    1322:	a091                	j	1366 <__stack_align+0x1356>
    1324:	017f 0069 2f02 8e16 	.insn	10, 0x8e162f020069017f
    132c:	0000 
    132e:	0300                	addi	s0,sp,384
    1330:	9891                	andi	s1,s1,-28
    1332:	067f 152e 8000 0000 	.insn	10, 0x8000152e067f
    133a:	0000 
    133c:	0048                	addi	a0,sp,4
    133e:	0000                	unimp
    1340:	0000                	unimp
    1342:	0000                	unimp
    1344:	6401                	.insn	2, 0x6401
    1346:	0200                	addi	s0,sp,256
    1348:	1a38                	addi	a4,sp,312
    134a:	008e                	slli	ra,ra,0x3
    134c:	0000                	unimp
    134e:	7ef89103          	lh	sp,2031(a7) # 47ef <__stack_align+0x47df>
    1352:	0000                	unimp
    1354:	8a0a                	mv	s4,sp
    1356:	0015                	c.nop	5
    1358:	0080                	addi	s0,sp,64
    135a:	0000                	unimp
    135c:	1000                	addi	s0,sp,32
    135e:	0001                	nop
    1360:	0000                	unimp
    1362:	0000                	unimp
    1364:	0a00                	addi	s0,sp,272
    1366:	0002                	c.slli	zero,0x0
    1368:	0100                	addi	s0,sp,128
    136a:	756e                	ld	a0,248(sp)
    136c:	006d                	c.nop	27
    136e:	4402                	lw	s0,0(sp)
    1370:	8e16                	mv	t3,t0
    1372:	0000                	unimp
    1374:	0300                	addi	s0,sp,384
    1376:	9091                	srli	s1,s1,0x24
    1378:	047f 060b 0000 5802 	.insn	10, 0x641658020000060b047f
    1380:	6416 
    1382:	0002                	c.slli	zero,0x0
    1384:	0300                	addi	s0,sp,384
    1386:	c891                	beqz	s1,139a <__stack_align+0x138a>
    1388:	017e                	slli	sp,sp,0x1f
    138a:	6f70                	ld	a2,216(a4)
    138c:	59020073          	.insn	4, 0x59020073
    1390:	7415                	lui	s0,0xfffe5
    1392:	0000                	unimp
    1394:	0300                	addi	s0,sp,384
    1396:	8c91                	sub	s1,s1,a2
    1398:	007f dc06 0016 0080 	.insn	10, 0x00800016dc06007f
    13a0:	0000 
    13a2:	6600                	ld	s0,8(a2)
    13a4:	0000                	unimp
    13a6:	0000                	unimp
    13a8:	0000                	unimp
    13aa:	0100                	addi	s0,sp,128
    13ac:	0069                	c.nop	26
    13ae:	6e02                	ld	t3,0(sp)
    13b0:	741a                	ld	s0,416(sp)
    13b2:	0000                	unimp
    13b4:	0300                	addi	s0,sp,384
    13b6:	8891                	andi	s1,s1,4
    13b8:	067f 16e4 8000 0000 	.insn	10, 0x800016e4067f
    13c0:	0000 
    13c2:	004a                	c.slli	zero,0x12
    13c4:	0000                	unimp
    13c6:	0000                	unimp
    13c8:	0000                	unimp
    13ca:	6401                	.insn	2, 0x6401
    13cc:	0200                	addi	s0,sp,256
    13ce:	0087226f          	jal	tp,733d6 <__heap_size+0x533d6>
    13d2:	0000                	unimp
    13d4:	7ef09103          	lh	sp,2031(ra) # 47ef <__stack_align+0x47df>
    13d8:	0000                	unimp
    13da:	0000                	unimp
    13dc:	00025807          	.insn	4, 0x00025807
    13e0:	0200                	addi	s0,sp,256
    13e2:	0801                	addi	a6,a6,0
    13e4:	0080                	addi	s0,sp,64
    13e6:	0000                	unimp
    13e8:	5108                	lw	a0,32(a0)
    13ea:	0002                	c.slli	zero,0x0
    13ec:	0200                	addi	s0,sp,256
    13ee:	0201                	addi	tp,tp,0 # 0 <__boot_hart>
    13f0:	061f 0000 5110      	.insn	6, 0x51100000061f
    13f6:	0002                	c.slli	zero,0x0
    13f8:	7400                	ld	s0,40(s0)
    13fa:	0002                	c.slli	zero,0x0
    13fc:	1100                	addi	s0,sp,160
    13fe:	0095                	addi	ra,ra,5
    1400:	0000                	unimp
    1402:	001f 1309 0006      	.insn	6, 0x00061309001f
    1408:	0f00                	addi	s0,sp,912
    140a:	13ea                	slli	t2,t2,0x3a
    140c:	8000                	.insn	2, 0x8000
    140e:	0000                	unimp
    1410:	0000                	unimp
    1412:	002a                	c.slli	zero,0xa
    1414:	0000                	unimp
    1416:	0000                	unimp
    1418:	0000                	unimp
    141a:	9c01                	subw	s0,s0,s0
    141c:	029e                	slli	t0,t0,0x7
    141e:	0000                	unimp
    1420:	7305                	lui	t1,0xfffe1
    1422:	0200                	addi	s0,sp,256
    1424:	024c180f          	.insn	4, 0x024c180f
    1428:	0000                	unimp
    142a:	9102                	jalr	sp
    142c:	0068                	addi	a0,sp,12
    142e:	1212                	slli	tp,tp,0x24
    1430:	0006                	c.slli	zero,0x1
    1432:	0200                	addi	s0,sp,256
    1434:	1408                	addi	a0,sp,544
    1436:	13a6                	slli	t2,t2,0x29
    1438:	8000                	.insn	2, 0x8000
    143a:	0000                	unimp
    143c:	0000                	unimp
    143e:	0044                	addi	s1,sp,4
    1440:	0000                	unimp
    1442:	0000                	unimp
    1444:	0000                	unimp
    1446:	9c01                	subw	s0,s0,s0
    1448:	000002d7          	.insn	4, 0x02d7
    144c:	7305                	lui	t1,0xfffe1
    144e:	0200                	addi	s0,sp,256
    1450:	2708                	fld	fa0,8(a4)
    1452:	024c                	addi	a1,sp,260
    1454:	0000                	unimp
    1456:	9102                	jalr	sp
    1458:	0158                	addi	a4,sp,132
    145a:	0a020063          	beqz	tp,14fa <__stack_align+0x14ea>
    145e:	00025107          	.insn	4, 0x00025107
    1462:	0200                	addi	s0,sp,256
    1464:	6f91                	lui	t6,0x4
    1466:	1300                	addi	s0,sp,416
    1468:	0619                	addi	a2,a2,6
    146a:	0000                	unimp
    146c:	1501                	addi	a0,a0,-32
    146e:	6414                	ld	a3,8(s0)
    1470:	00800013          	li	zero,8
    1474:	0000                	unimp
    1476:	4200                	lw	s0,0(a2)
    1478:	0000                	unimp
    147a:	0000                	unimp
    147c:	0000                	unimp
    147e:	0100                	addi	s0,sp,128
    1480:	059c                	addi	a5,sp,704
    1482:	15010063          	beq	sp,a6,15c2 <__stack_align+0x15b2>
    1486:	511f 0002 0200      	.insn	6, 0x02000002511f
    148c:	5f91                	li	t6,-28
    148e:	7401                	lui	s0,0xfffe0
    1490:	0078                	addi	a4,sp,12
    1492:	1701                	addi	a4,a4,-32
    1494:	cf15                	beqz	a4,14d0 <__stack_align+0x14c0>
    1496:	0000                	unimp
    1498:	0200                	addi	s0,sp,256
    149a:	6891                	lui	a7,0x4
    149c:	7201                	lui	tp,0xfffe0
    149e:	0100                	addi	s0,sp,128
    14a0:	0a19                	addi	s4,s4,6
    14a2:	009c                	addi	a5,sp,64
    14a4:	0000                	unimp
    14a6:	9102                	jalr	sp
    14a8:	0064                	addi	s1,sp,12
    14aa:	e200                	sd	s0,0(a2)
    14ac:	0001                	nop
    14ae:	0500                	addi	s0,sp,640
    14b0:	0100                	addi	s0,sp,128
    14b2:	4d08                	lw	a0,24(a0)
    14b4:	07000007          	.insn	4, 0x07000007
    14b8:	039e                	slli	t2,t2,0x7
    14ba:	0000                	unimp
    14bc:	821d                	srli	a2,a2,0x7
    14be:	0002                	c.slli	zero,0x0
    14c0:	ac00                	fsd	fs0,24(s0)
    14c2:	0001                	nop
    14c4:	a000                	fsd	fs0,0(s0)
    14c6:	00800017          	auipc	zero,0x800
    14ca:	0000                	unimp
    14cc:	0a00                	addi	s0,sp,272
    14ce:	0001                	nop
    14d0:	0000                	unimp
    14d2:	0000                	unimp
    14d4:	f400                	sd	s0,40(s0)
    14d6:	0018                	.insn	2, 0x0018
    14d8:	0800                	addi	s0,sp,16
    14da:	0045                	c.nop	17
    14dc:	0000                	unimp
    14de:	003e                	c.slli	zero,0xf
    14e0:	0000                	unimp
    14e2:	3e09                	addiw	t3,t3,-30
    14e4:	0000                	unimp
    14e6:	0000                	unimp
    14e8:	0300                	addi	s0,sp,384
    14ea:	0708                	addi	a0,sp,896
    14ec:	0199                	addi	gp,gp,6 # 80002856 <__global_pointer$+0x6>
    14ee:	0000                	unimp
    14f0:	4a02                	lw	s4,0(sp)
    14f2:	0000                	unimp
    14f4:	0300                	addi	s0,sp,384
    14f6:	0801                	addi	a6,a6,0
    14f8:	0080                	addi	s0,sp,64
    14fa:	0000                	unimp
    14fc:	500a                	.insn	2, 0x500a
    14fe:	0006                	c.slli	zero,0x1
    1500:	0100                	addi	s0,sp,128
    1502:	002e070f          	.insn	4, 0x002e070f
    1506:	0000                	unimp
    1508:	0309                	addi	t1,t1,2 # fffffffffffe1002 <__stack_start+0xffffffff7ffbe002>
    150a:	2068                	fld	fa0,192(s0)
    150c:	8000                	.insn	2, 0x8000
    150e:	0000                	unimp
    1510:	0000                	unimp
    1512:	0000710b          	.insn	4, 0x710b
    1516:	0100                	addi	s0,sp,128
    1518:	0d04                	addi	s1,sp,656
    151a:	0079                	c.nop	30
    151c:	0000                	unimp
    151e:	790c                	ld	a1,48(a0)
    1520:	0000                	unimp
    1522:	0000                	unimp
    1524:	040d                	addi	s0,s0,3 # fffffffffffe0003 <__stack_start+0xffffffff7ffbd003>
    1526:	6905                	lui	s2,0x1
    1528:	746e                	ld	s0,248(sp)
    152a:	0400                	addi	s0,sp,512
    152c:	01c5                	addi	gp,gp,17 # 80002861 <__global_pointer$+0x11>
    152e:	0000                	unimp
    1530:	0718                	addi	a4,sp,896
    1532:	000000e3          	beqz	zero,1d32 <__stack_align+0x1d22>
    1536:	1848                	addi	a0,sp,52
    1538:	8000                	.insn	2, 0x8000
    153a:	0000                	unimp
    153c:	0000                	unimp
    153e:	0062                	c.slli	zero,0x18
    1540:	0000                	unimp
    1542:	0000                	unimp
    1544:	0000                	unimp
    1546:	9c01                	subw	s0,s0,s0
    1548:	000000e3          	beqz	zero,1d48 <__stack_align+0x1d38>
    154c:	6401                	.insn	2, 0x6401
    154e:	18007473          	csrrci	s0,satp,0
    1552:	e314                	sd	a3,0(a4)
    1554:	0000                	unimp
    1556:	0200                	addi	s0,sp,256
    1558:	5891                	li	a7,-28
    155a:	7301                	lui	t1,0xfffe0
    155c:	6372                	ld	t1,280(sp)
    155e:	1800                	addi	s0,sp,48
    1560:	e525                	bnez	a0,15c8 <__stack_align+0x15b8>
    1562:	0000                	unimp
    1564:	0200                	addi	s0,sp,256
    1566:	5091                	li	ra,-28
    1568:	6e01                	.insn	2, 0x6e01
    156a:	1800                	addi	s0,sp,48
    156c:	3e38                	fld	fa4,120(a2)
    156e:	0000                	unimp
    1570:	0200                	addi	s0,sp,256
    1572:	4891                	li	a7,4
    1574:	6405                	lui	s0,0x1
    1576:	1900                	addi	s0,sp,176
    1578:	eb14                	sd	a3,16(a4)
    157a:	0000                	unimp
    157c:	0200                	addi	s0,sp,256
    157e:	6891                	lui	a7,0x4
    1580:	7305                	lui	t1,0xfffe1
    1582:	0032                	c.slli	zero,0xc
    1584:	1a1a                	slli	s4,s4,0x26
    1586:	00fc                	addi	a5,sp,76
    1588:	0000                	unimp
    158a:	9102                	jalr	sp
    158c:	0060                	addi	s0,sp,12
    158e:	080e                	slli	a6,a6,0x3
    1590:	ea02                	sd	zero,272(sp)
    1592:	0000                	unimp
    1594:	0f00                	addi	s0,sp,912
    1596:	f002                	sd	zero,32(sp)
    1598:	0000                	unimp
    159a:	0300                	addi	s0,sp,384
    159c:	0801                	addi	a6,a6,0
    159e:	00000077          	.insn	4, 0x0077
    15a2:	f010                	sd	a2,32(s0)
    15a4:	0000                	unimp
    15a6:	0200                	addi	s0,sp,256
    15a8:	000000f7          	.insn	4, 0x00f7
    15ac:	da04                	sw	s1,48(a2)
    15ae:	0001                	nop
    15b0:	1200                	addi	s0,sp,288
    15b2:	0000e307          	.insn	4, 0xe307
    15b6:	f400                	sd	s0,40(s0)
    15b8:	00800017          	auipc	zero,0x800
    15bc:	0000                	unimp
    15be:	5400                	lw	s0,40(s0)
    15c0:	0000                	unimp
    15c2:	0000                	unimp
    15c4:	0000                	unimp
    15c6:	0100                	addi	s0,sp,128
    15c8:	539c                	lw	a5,32(a5)
    15ca:	0001                	nop
    15cc:	0100                	addi	s0,sp,128
    15ce:	14120073          	.insn	4, 0x14120073
    15d2:	000000e3          	beqz	zero,1dd2 <__stack_align+0x1dc2>
    15d6:	9102                	jalr	sp
    15d8:	0158                	addi	a4,sp,132
    15da:	1b120063          	beq	tp,a7,177a <__stack_align+0x176a>
    15de:	0079                	c.nop	30
    15e0:	0000                	unimp
    15e2:	9102                	jalr	sp
    15e4:	0154                	addi	a3,sp,132
    15e6:	006e                	c.slli	zero,0x1b
    15e8:	2c12                	fld	fs8,256(sp)
    15ea:	003e                	c.slli	zero,0xf
    15ec:	0000                	unimp
    15ee:	9102                	jalr	sp
    15f0:	0548                	addi	a0,sp,644
    15f2:	0070                	addi	a2,sp,12
    15f4:	00eb1413          	slli	s0,s6,0xe
    15f8:	0000                	unimp
    15fa:	9102                	jalr	sp
    15fc:	0068                	addi	a0,sp,12
    15fe:	7211                	lui	tp,0xfffe4
    1600:	0000                	unimp
    1602:	0100                	addi	s0,sp,128
    1604:	060c                	addi	a1,sp,768
    1606:	17dc                	addi	a5,sp,996
    1608:	8000                	.insn	2, 0x8000
    160a:	0000                	unimp
    160c:	0000                	unimp
    160e:	0018                	.insn	2, 0x0018
    1610:	0000                	unimp
    1612:	0000                	unimp
    1614:	0000                	unimp
    1616:	9c01                	subw	s0,s0,s0
    1618:	0181                	addi	gp,gp,0 # 80002850 <__global_pointer$>
    161a:	0000                	unimp
    161c:	a312                	fsd	ft4,384(sp)
    161e:	0000                	unimp
    1620:	0100                	addi	s0,sp,128
    1622:	0f0c                	addi	a1,sp,912
    1624:	0079                	c.nop	30
    1626:	0000                	unimp
    1628:	9102                	jalr	sp
    162a:	006c                	addi	a1,sp,12
    162c:	3704                	fld	fs1,40(a4)
    162e:	0006                	c.slli	zero,0x1
    1630:	0a00                	addi	s0,sp,272
    1632:	7905                	lui	s2,0xfffe1
    1634:	0000                	unimp
    1636:	c400                	sw	s0,8(s0)
    1638:	00800017          	auipc	zero,0x800
    163c:	0000                	unimp
    163e:	1800                	addi	s0,sp,48
    1640:	0000                	unimp
    1642:	0000                	unimp
    1644:	0000                	unimp
    1646:	0100                	addi	s0,sp,128
    1648:	af9c                	fsd	fa5,24(a5)
    164a:	0001                	nop
    164c:	0100                	addi	s0,sp,128
    164e:	0066                	c.slli	zero,0x19
    1650:	130a                	slli	t1,t1,0x22
    1652:	01b0                	addi	a2,sp,200
    1654:	0000                	unimp
    1656:	9102                	jalr	sp
    1658:	0068                	addi	a0,sp,12
    165a:	01af0213          	addi	tp,t5,26
    165e:	0000                	unimp
    1660:	3e06                	fld	ft8,96(sp)
    1662:	0006                	c.slli	zero,0x1
    1664:	0800                	addi	s0,sp,16
    1666:	17b2                	slli	a5,a5,0x2c
    1668:	8000                	.insn	2, 0x8000
    166a:	0000                	unimp
    166c:	0000                	unimp
    166e:	0012                	c.slli	zero,0x4
    1670:	0000                	unimp
    1672:	0000                	unimp
    1674:	0000                	unimp
    1676:	9c01                	subw	s0,s0,s0
    1678:	2506                	fld	fa0,64(sp)
    167a:	0006                	c.slli	zero,0x1
    167c:	0700                	addi	s0,sp,896
    167e:	17a0                	addi	s0,sp,1000
    1680:	8000                	.insn	2, 0x8000
    1682:	0000                	unimp
    1684:	0000                	unimp
    1686:	0012                	c.slli	zero,0x4
    1688:	0000                	unimp
    168a:	0000                	unimp
    168c:	0000                	unimp
    168e:	9c01                	subw	s0,s0,s0
	...

Disassembly of section .debug_abbrev:

0000000000000000 <.debug_abbrev>:
   0:	1101                	addi	sp,sp,-32
   2:	1000                	addi	s0,sp,32
   4:	12011117          	auipc	sp,0x12011
   8:	1b0e030f          	.insn	4, 0x1b0e030f
   c:	250e                	fld	fa0,192(sp)
   e:	130e                	slli	t1,t1,0x23
  10:	0005                	c.nop	1
  12:	0000                	unimp
  14:	2401                	sext.w	s0,s0
  16:	0b00                	addi	s0,sp,400
  18:	030b3e0b          	.insn	4, 0x030b3e0b
  1c:	000e                	c.slli	zero,0x3
  1e:	0200                	addi	s0,sp,256
  20:	0016                	c.slli	zero,0x5
  22:	0b3a0e03          	lb	t3,179(s4)
  26:	0b390b3b          	.insn	4, 0x0b390b3b
  2a:	1349                	addi	t1,t1,-14 # fffffffffffe0ff2 <__stack_start+0xffffffff7ffbdff2>
  2c:	0000                	unimp
  2e:	03000503          	lb	a0,48(zero) # 30 <__stack_align+0x20>
  32:	3a0e                	fld	fs4,224(sp)
  34:	0121                	addi	sp,sp,8 # 1201100c <__heap_size+0x11ff100c>
  36:	3904213b          	.insn	4, 0x3904213b
  3a:	0213490b          	.insn	4, 0x0213490b
  3e:	1742b717          	auipc	a4,0x1742b
  42:	0000                	unimp
  44:	1104                	addi	s1,sp,160
  46:	2501                	sext.w	a0,a0
  48:	130e                	slli	t1,t1,0x23
  4a:	1b1f030b          	.insn	4, 0x1b1f030b
  4e:	111f 1201 1007      	.insn	6, 0x10071201111f
  54:	05000017          	auipc	zero,0x5000
  58:	0024                	addi	s1,sp,8
  5a:	0b3e0b0b          	.insn	4, 0x0b3e0b0b
  5e:	00000803          	lb	a6,0(zero) # 0 <__boot_hart>
  62:	2e06                	fld	ft8,64(sp)
  64:	3f01                	addiw	t5,t5,-32
  66:	0319                	addi	t1,t1,6
  68:	3a0e                	fld	fs4,224(sp)
  6a:	390b3b0b          	.insn	4, 0x390b3b0b
  6e:	8719270b          	.insn	4, 0x8719270b
  72:	1901                	addi	s2,s2,-32 # fffffffffffe0fe0 <__stack_start+0xffffffff7ffbdfe0>
  74:	193c                	addi	a5,sp,184
  76:	1301                	addi	t1,t1,-32
  78:	0000                	unimp
  7a:	49000507          	.insn	4, 0x49000507
  7e:	08000013          	li	zero,128
  82:	012e                	slli	sp,sp,0xb
  84:	0e03193f 0b3b0b3a 	.insn	8, 0x0b3b0b3a0e03193f
  8c:	0b39                	addi	s6,s6,14 # 300e <__stack_align+0x2ffe>
  8e:	01111927          	.insn	4, 0x01111927
  92:	0712                	slli	a4,a4,0x4
  94:	1840                	addi	s0,sp,52
  96:	197a                	slli	s2,s2,0x3e
  98:	1301                	addi	t1,t1,-32
  9a:	0000                	unimp
  9c:	0509                	addi	a0,a0,2
  9e:	0300                	addi	s0,sp,384
  a0:	3a08                	fld	fa0,48(a2)
  a2:	390b3b0b          	.insn	4, 0x390b3b0b
  a6:	0213490b          	.insn	4, 0x0213490b
  aa:	1742b717          	auipc	a4,0x1742b
  ae:	0000                	unimp
  b0:	340a                	fld	fs0,160(sp)
  b2:	0300                	addi	s0,sp,384
  b4:	3a0e                	fld	fs4,224(sp)
  b6:	390b3b0b          	.insn	4, 0x390b3b0b
  ba:	0213490b          	.insn	4, 0x0213490b
  be:	1742b717          	auipc	a4,0x1742b
  c2:	0000                	unimp
  c4:	7d00480b          	.insn	4, 0x7d00480b
  c8:	7f01                	lui	t5,0xfffe0
  ca:	0c000013          	li	zero,192
  ce:	0b0b000f          	.insn	4, 0x0b0b000f
  d2:	1349                	addi	t1,t1,-14
  d4:	0000                	unimp
  d6:	0100                	addi	s0,sp,128
  d8:	0024                	addi	s1,sp,8
  da:	0b3e0b0b          	.insn	4, 0x0b3e0b0b
  de:	00000e03          	lb	t3,0(zero) # 0 <__boot_hart>
  e2:	0502                	c.slli	a0,0x0
  e4:	4900                	lw	s0,16(a0)
  e6:	03000013          	li	zero,48
  ea:	0034                	addi	a3,sp,8
  ec:	213a0e03          	lb	t3,531(s4)
  f0:	3b01                	addiw	s6,s6,-32
  f2:	1121390b          	.insn	4, 0x1121390b
  f6:	1349                	addi	t1,t1,-14
  f8:	193c193f 37040000 	.insn	8, 0x37040000193c193f
 100:	4900                	lw	s0,16(a0)
 102:	05000013          	li	zero,80
 106:	210b000f          	.insn	4, 0x210b000f
 10a:	4908                	lw	a0,16(a0)
 10c:	06000013          	li	zero,96
 110:	012e                	slli	sp,sp,0xb
 112:	0e03193f 3b02213a 	.insn	8, 0x3b02213a0e03193f
 11a:	0921390b          	.insn	4, 0x0921390b
 11e:	13491927          	.insn	4, 0x13491927
 122:	193c                	addi	a5,sp,184
 124:	1301                	addi	t1,t1,-32
 126:	0000                	unimp
 128:	02004907          	.insn	4, 0x02004907
 12c:	7e18                	ld	a4,56(a2)
 12e:	0018                	.insn	2, 0x0018
 130:	0800                	addi	s0,sp,16
 132:	0111                	addi	sp,sp,4
 134:	0e25                	addi	t3,t3,9
 136:	1f030b13          	addi	s6,t1,496
 13a:	01111f1b          	slliw	t5,sp,0x11
 13e:	0712                	slli	a4,a4,0x4
 140:	1710                	addi	a2,sp,928
 142:	0000                	unimp
 144:	1609                	addi	a2,a2,-30
 146:	0300                	addi	s0,sp,384
 148:	3a0e                	fld	fs4,224(sp)
 14a:	390b3b0b          	.insn	4, 0x390b3b0b
 14e:	0013490b          	.insn	4, 0x0013490b
 152:	0a00                	addi	s0,sp,272
 154:	0024                	addi	s1,sp,8
 156:	0b3e0b0b          	.insn	4, 0x0b3e0b0b
 15a:	00000803          	lb	a6,0(zero) # 0 <__boot_hart>
 15e:	0b000f0b          	.insn	4, 0x0b000f0b
 162:	0c00000b          	.insn	4, 0x0c00000b
 166:	0026                	c.slli	zero,0x9
 168:	0000                	unimp
 16a:	2e0d                	addiw	t3,t3,3
 16c:	3f01                	addiw	t5,t5,-32 # fffffffffffdffe0 <__stack_start+0xffffffff7ffbcfe0>
 16e:	0319                	addi	t1,t1,6
 170:	3a0e                	fld	fs4,224(sp)
 172:	390b3b0b          	.insn	4, 0x390b3b0b
 176:	1119270b          	.insn	4, 0x1119270b
 17a:	1201                	addi	tp,tp,-32 # fffffffffffe3fe0 <__stack_start+0xffffffff7ffc0fe0>
 17c:	7a184007          	.insn	4, 0x7a184007
 180:	0119                	addi	sp,sp,6
 182:	0e000013          	li	zero,224
 186:	0034                	addi	a3,sp,8
 188:	0b3a0e03          	lb	t3,179(s4)
 18c:	0b390b3b          	.insn	4, 0x0b390b3b
 190:	1349                	addi	t1,t1,-14
 192:	1802                	slli	a6,a6,0x20
 194:	0000                	unimp
 196:	7d01480f          	.insn	4, 0x7d01480f
 19a:	7f01                	lui	t5,0xfffe0
 19c:	00130113          	addi	sp,t1,1
 1a0:	1000                	addi	s0,sp,32
 1a2:	0148                	addi	a0,sp,132
 1a4:	017d                	addi	sp,sp,31
 1a6:	0182                	c.slli	gp,0x0
 1a8:	7f19                	lui	t5,0xfffe6
 1aa:	11000013          	li	zero,272
 1ae:	0101                	addi	sp,sp,0
 1b0:	1349                	addi	t1,t1,-14
 1b2:	0000                	unimp
 1b4:	2112                	fld	ft2,256(sp)
 1b6:	0000                	unimp
 1b8:	0000                	unimp
 1ba:	2401                	sext.w	s0,s0
 1bc:	0b00                	addi	s0,sp,400
 1be:	030b3e0b          	.insn	4, 0x030b3e0b
 1c2:	000e                	c.slli	zero,0x3
 1c4:	0200                	addi	s0,sp,256
 1c6:	0016                	c.slli	zero,0x5
 1c8:	0b3a0e03          	lb	t3,179(s4)
 1cc:	0b390b3b          	.insn	4, 0x0b390b3b
 1d0:	1349                	addi	t1,t1,-14
 1d2:	0000                	unimp
 1d4:	03003403          	ld	s0,48(zero) # 30 <__stack_align+0x20>
 1d8:	3a0e                	fld	fs4,224(sp)
 1da:	0421                	addi	s0,s0,8 # 1008 <__stack_align+0xff8>
 1dc:	21390b3b          	.insn	4, 0x21390b3b
 1e0:	491a                	lw	s2,132(sp)
 1e2:	3c193f13          	sltiu	t5,s2,961
 1e6:	0019                	c.nop	6
 1e8:	0400                	addi	s0,sp,512
 1ea:	0111                	addi	sp,sp,4
 1ec:	0e25                	addi	t3,t3,9
 1ee:	1f030b13          	addi	s6,t1,496
 1f2:	01111f1b          	slliw	t5,sp,0x11
 1f6:	0712                	slli	a4,a4,0x4
 1f8:	1710                	addi	a2,sp,928
 1fa:	0000                	unimp
 1fc:	2405                	addiw	s0,s0,1
 1fe:	0b00                	addi	s0,sp,400
 200:	030b3e0b          	.insn	4, 0x030b3e0b
 204:	0008                	.insn	2, 0x0008
 206:	0600                	addi	s0,sp,768
 208:	0035                	c.nop	13
 20a:	1349                	addi	t1,t1,-14
 20c:	0000                	unimp
 20e:	3f012e07          	flw	ft8,1008(sp)
 212:	0319                	addi	t1,t1,6
 214:	3a0e                	fld	fs4,224(sp)
 216:	390b3b0b          	.insn	4, 0x390b3b0b
 21a:	8719270b          	.insn	4, 0x8719270b
 21e:	1901                	addi	s2,s2,-32
 220:	0111                	addi	sp,sp,4
 222:	0712                	slli	a4,a4,0x4
 224:	1840                	addi	s0,sp,52
 226:	197a                	slli	s2,s2,0x3e
 228:	0000                	unimp
 22a:	0508                	addi	a0,sp,640
 22c:	0300                	addi	s0,sp,384
 22e:	3a0e                	fld	fs4,224(sp)
 230:	390b3b0b          	.insn	4, 0x390b3b0b
 234:	0213490b          	.insn	4, 0x0213490b
 238:	0018                	.insn	2, 0x0018
 23a:	0900                	addi	s0,sp,144
 23c:	0034                	addi	a3,sp,8
 23e:	0b3a0803          	lb	a6,179(s4)
 242:	0b390b3b          	.insn	4, 0x0b390b3b
 246:	1349                	addi	t1,t1,-14
 248:	1702                	slli	a4,a4,0x20
 24a:	001742b7          	lui	t0,0x174
 24e:	0000                	unimp
 250:	1101                	addi	sp,sp,-32
 252:	1000                	addi	s0,sp,32
 254:	12011117          	auipc	sp,0x12011
 258:	1b0e030f          	.insn	4, 0x1b0e030f
 25c:	250e                	fld	fa0,192(sp)
 25e:	130e                	slli	t1,t1,0x23
 260:	0005                	c.nop	1
 262:	0000                	unimp
 264:	1101                	addi	sp,sp,-32 # 12011234 <__heap_size+0x11ff1234>
 266:	2501                	sext.w	a0,a0
 268:	130e                	slli	t1,t1,0x23
 26a:	1b1f030b          	.insn	4, 0x1b1f030b
 26e:	111f 1201 1007      	.insn	6, 0x10071201111f
 274:	02000017          	auipc	zero,0x2000
 278:	002e                	c.slli	zero,0xb
 27a:	0e03193f 0b3b0b3a 	.insn	8, 0x0b3b0b3a0e03193f
 282:	0b39                	addi	s6,s6,14
 284:	01871927          	.insn	4, 0x01871927
 288:	1119                	addi	sp,sp,-26
 28a:	1201                	addi	tp,tp,-32 # ffffffffffffffe0 <__stack_start+0xffffffff7ffdcfe0>
 28c:	7a184007          	.insn	4, 0x7a184007
 290:	0019                	c.nop	6
 292:	0000                	unimp
 294:	1601                	addi	a2,a2,-32
 296:	0300                	addi	s0,sp,384
 298:	3a0e                	fld	fs4,224(sp)
 29a:	390b3b0b          	.insn	4, 0x390b3b0b
 29e:	0013490b          	.insn	4, 0x0013490b
 2a2:	0200                	addi	s0,sp,256
 2a4:	0024                	addi	s1,sp,8
 2a6:	0b3e0b0b          	.insn	4, 0x0b3e0b0b
 2aa:	00000e03          	lb	t3,0(zero) # 0 <__boot_hart>
 2ae:	31000503          	lb	a0,784(zero) # 310 <__stack_align+0x300>
 2b2:	b7170213          	addi	tp,a4,-1167 # 1742ac2f <__heap_size+0x1740ac2f>
 2b6:	1742                	slli	a4,a4,0x30
 2b8:	0000                	unimp
 2ba:	0504                	addi	s1,sp,640
 2bc:	0300                	addi	s0,sp,384
 2be:	3a08                	fld	fa0,48(a2)
 2c0:	0321                	addi	t1,t1,8
 2c2:	0b390b3b          	.insn	4, 0x0b390b3b
 2c6:	1349                	addi	t1,t1,-14
 2c8:	0000                	unimp
 2ca:	0505                	addi	a0,a0,1
 2cc:	0300                	addi	s0,sp,384
 2ce:	3a08                	fld	fa0,48(a2)
 2d0:	0121                	addi	sp,sp,8
 2d2:	390c213b          	.insn	4, 0x390c213b
 2d6:	0213490b          	.insn	4, 0x0213490b
 2da:	1742b717          	auipc	a4,0x1742b
 2de:	0000                	unimp
 2e0:	1d06                	slli	s10,s10,0x21
 2e2:	3101                	addiw	sp,sp,-32
 2e4:	b8015213          	.insn	4, 0xb8015213
 2e8:	0b42                	slli	s6,s6,0x10
 2ea:	0111                	addi	sp,sp,4
 2ec:	0712                	slli	a4,a4,0x4
 2ee:	0b58                	addi	a4,sp,404
 2f0:	0b59                	addi	s6,s6,22
 2f2:	13010b57          	.insn	4, 0x13010b57
 2f6:	0000                	unimp
 2f8:	03012e07          	flw	ft8,48(sp)
 2fc:	3a0e                	fld	fs4,224(sp)
 2fe:	390b3b0b          	.insn	4, 0x390b3b0b
 302:	1421                	addi	s0,s0,-24
 304:	21201927          	.insn	4, 0x21201927
 308:	00130103          	lb	sp,1(t1)
 30c:	0800                	addi	s0,sp,16
 30e:	210b000f          	.insn	4, 0x210b000f
 312:	4908                	lw	a0,16(a0)
 314:	09000013          	li	zero,144
 318:	0035                	c.nop	13
 31a:	1349                	addi	t1,t1,-14
 31c:	0000                	unimp
 31e:	340a                	fld	fs0,160(sp)
 320:	0300                	addi	s0,sp,384
 322:	3a0e                	fld	fs4,224(sp)
 324:	0621                	addi	a2,a2,8
 326:	21390b3b          	.insn	4, 0x21390b3b
 32a:	491a                	lw	s2,132(sp)
 32c:	3c193f13          	sltiu	t5,s2,961
 330:	0019                	c.nop	6
 332:	0b00                	addi	s0,sp,400
 334:	0034                	addi	a3,sp,8
 336:	213a1347          	fmsub.s	ft6,fs4,fs3,ft4,rtz
 33a:	3b01                	addiw	s6,s6,-32
 33c:	1321390b          	.insn	4, 0x1321390b
 340:	1802                	slli	a6,a6,0x20
 342:	0000                	unimp
 344:	1d0c                	addi	a1,sp,688
 346:	3101                	addiw	sp,sp,-32
 348:	b8015213          	.insn	4, 0xb8015213
 34c:	0b42                	slli	s6,s6,0x10
 34e:	0111                	addi	sp,sp,4
 350:	0712                	slli	a4,a4,0x4
 352:	2158                	fld	fa4,128(a0)
 354:	5902                	lw	s2,32(sp)
 356:	000b570b          	.insn	4, 0x000b570b
 35a:	0d00                	addi	s0,sp,656
 35c:	001d                	c.nop	7
 35e:	1331                	addi	t1,t1,-20
 360:	0152                	slli	sp,sp,0x14
 362:	42b8                	lw	a4,64(a3)
 364:	1201110b          	.insn	4, 0x1201110b
 368:	01215807          	.insn	4, 0x01215807
 36c:	0b59                	addi	s6,s6,22
 36e:	00052157          	.insn	4, 0x00052157
 372:	0e00                	addi	s0,sp,784
 374:	0005                	c.nop	1
 376:	213a0e03          	lb	t3,531(s4)
 37a:	3b02                	fld	fs6,32(sp)
 37c:	490b390b          	.insn	4, 0x490b390b
 380:	0f000013          	li	zero,240
 384:	012e                	slli	sp,sp,0xb
 386:	213a0e03          	lb	t3,531(s4)
 38a:	390b3b03          	ld	s6,912(s6)
 38e:	1421                	addi	s0,s0,-24
 390:	13491927          	.insn	4, 0x13491927
 394:	2120                	fld	fs0,64(a0)
 396:	00130103          	lb	sp,1(t1)
 39a:	1000                	addi	s0,sp,32
 39c:	002e                	c.slli	zero,0xb
 39e:	213a0803          	lb	a6,531(s4)
 3a2:	390b3b03          	ld	s6,912(s6)
 3a6:	1421                	addi	s0,s0,-24
 3a8:	21201927          	.insn	4, 0x21201927
 3ac:	11000003          	lb	zero,272(zero) # 110 <__stack_align+0x100>
 3b0:	0111                	addi	sp,sp,4
 3b2:	0e25                	addi	t3,t3,9
 3b4:	1f030b13          	addi	s6,t1,496
 3b8:	01111f1b          	slliw	t5,sp,0x11
 3bc:	0712                	slli	a4,a4,0x4
 3be:	1710                	addi	a2,sp,928
 3c0:	0000                	unimp
 3c2:	2412                	fld	fs0,256(sp)
 3c4:	0b00                	addi	s0,sp,400
 3c6:	030b3e0b          	.insn	4, 0x030b3e0b
 3ca:	0008                	.insn	2, 0x0008
 3cc:	1300                	addi	s0,sp,416
 3ce:	0026                	c.slli	zero,0x9
 3d0:	1349                	addi	t1,t1,-14
 3d2:	0000                	unimp
 3d4:	1314                	addi	a3,sp,416
 3d6:	0b01                	addi	s6,s6,0
 3d8:	3b0b3a0b          	.insn	4, 0x3b0b3a0b
 3dc:	010b390b          	.insn	4, 0x010b390b
 3e0:	15000013          	li	zero,336
 3e4:	000d                	c.nop	3
 3e6:	0b3a0e03          	lb	t3,179(s4)
 3ea:	0b390b3b          	.insn	4, 0x0b390b3b
 3ee:	1349                	addi	t1,t1,-14
 3f0:	0b38                	addi	a4,sp,408
 3f2:	0000                	unimp
 3f4:	3416                	fld	fs0,352(sp)
 3f6:	0300                	addi	s0,sp,384
 3f8:	3a0e                	fld	fs4,224(sp)
 3fa:	390b3b0b          	.insn	4, 0x390b3b0b
 3fe:	0213490b          	.insn	4, 0x0213490b
 402:	0018                	.insn	2, 0x0018
 404:	1700                	addi	s0,sp,928
 406:	012e                	slli	sp,sp,0xb
 408:	0e03193f 0b3b0b3a 	.insn	8, 0x0b3b0b3a0e03193f
 410:	0b39                	addi	s6,s6,14
 412:	13491927          	.insn	4, 0x13491927
 416:	0111                	addi	sp,sp,4
 418:	0712                	slli	a4,a4,0x4
 41a:	1840                	addi	s0,sp,52
 41c:	197a                	slli	s2,s2,0x3e
 41e:	1301                	addi	t1,t1,-32
 420:	0000                	unimp
 422:	0518                	addi	a4,sp,640
 424:	0300                	addi	s0,sp,384
 426:	3a08                	fld	fa0,48(a2)
 428:	390b3b0b          	.insn	4, 0x390b3b0b
 42c:	0213490b          	.insn	4, 0x0213490b
 430:	0018                	.insn	2, 0x0018
 432:	1900                	addi	s0,sp,176
 434:	0034                	addi	a3,sp,8
 436:	0b3a0803          	lb	a6,179(s4)
 43a:	0b390b3b          	.insn	4, 0x0b390b3b
 43e:	1349                	addi	t1,t1,-14
 440:	1802                	slli	a6,a6,0x20
 442:	0000                	unimp
 444:	341a                	fld	fs0,416(sp)
 446:	0300                	addi	s0,sp,384
 448:	3a08                	fld	fa0,48(a2)
 44a:	390b3b0b          	.insn	4, 0x390b3b0b
 44e:	0213490b          	.insn	4, 0x0213490b
 452:	1742b717          	auipc	a4,0x1742b
 456:	0000                	unimp
 458:	3100341b          	.insn	4, 0x3100341b
 45c:	1c000013          	li	zero,448
 460:	0101                	addi	sp,sp,0
 462:	1349                	addi	t1,t1,-14
 464:	1301                	addi	t1,t1,-32
 466:	0000                	unimp
 468:	211d                	addiw	sp,sp,7
 46a:	4900                	lw	s0,16(a0)
 46c:	000b2f13          	slti	t5,s6,0
 470:	1e00                	addi	s0,sp,816
 472:	0034                	addi	a3,sp,8
 474:	0b3a0803          	lb	a6,179(s4)
 478:	0b390b3b          	.insn	4, 0x0b390b3b
 47c:	1349                	addi	t1,t1,-14
 47e:	0000                	unimp
 480:	0100                	addi	s0,sp,128
 482:	0034                	addi	a3,sp,8
 484:	0b3a0e03          	lb	t3,179(s4)
 488:	0b390b3b          	.insn	4, 0x0b390b3b
 48c:	1349                	addi	t1,t1,-14
 48e:	1802                	slli	a6,a6,0x20
 490:	0000                	unimp
 492:	0502                	c.slli	a0,0x0
 494:	0300                	addi	s0,sp,384
 496:	3a0e                	fld	fs4,224(sp)
 498:	390b3b0b          	.insn	4, 0x390b3b0b
 49c:	0213490b          	.insn	4, 0x0213490b
 4a0:	0018                	.insn	2, 0x0018
 4a2:	0300                	addi	s0,sp,384
 4a4:	0034                	addi	a3,sp,8
 4a6:	0b3a0803          	lb	a6,179(s4)
 4aa:	0b390b3b          	.insn	4, 0x0b390b3b
 4ae:	1349                	addi	t1,t1,-14
 4b0:	1802                	slli	a6,a6,0x20
 4b2:	0000                	unimp
 4b4:	0b04                	addi	s1,sp,400
 4b6:	1101                	addi	sp,sp,-32
 4b8:	1201                	addi	tp,tp,-32 # ffffffffffffffe0 <__stack_start+0xffffffff7ffdcfe0>
 4ba:	00130107          	.insn	4, 0x00130107
 4be:	0500                	addi	s0,sp,640
 4c0:	0024                	addi	s1,sp,8
 4c2:	0b3e0b0b          	.insn	4, 0x0b3e0b0b
 4c6:	00000e03          	lb	t3,0(zero) # 0 <__boot_hart>
 4ca:	0b06                	slli	s6,s6,0x1
 4cc:	1101                	addi	sp,sp,-32
 4ce:	1201                	addi	tp,tp,-32 # ffffffffffffffe0 <__stack_start+0xffffffff7ffdcfe0>
 4d0:	07000007          	.insn	4, 0x07000007
 4d4:	0101                	addi	sp,sp,0
 4d6:	1349                	addi	t1,t1,-14
 4d8:	1301                	addi	t1,t1,-32
 4da:	0000                	unimp
 4dc:	2108                	fld	fa0,0(a0)
 4de:	4900                	lw	s0,16(a0)
 4e0:	000b2f13          	slti	t5,s6,0
 4e4:	0900                	addi	s0,sp,144
 4e6:	210b000f          	.insn	4, 0x210b000f
 4ea:	4908                	lw	a0,16(a0)
 4ec:	0a000013          	li	zero,160
 4f0:	012e                	slli	sp,sp,0xb
 4f2:	0b3a0e03          	lb	t3,179(s4)
 4f6:	21390b3b          	.insn	4, 0x21390b3b
 4fa:	270d                	addiw	a4,a4,3 # 1742b455 <__heap_size+0x1740b455>
 4fc:	1119                	addi	sp,sp,-26
 4fe:	1201                	addi	tp,tp,-32 # ffffffffffffffe0 <__stack_start+0xffffffff7ffdcfe0>
 500:	7c184007          	.insn	4, 0x7c184007
 504:	0119                	addi	sp,sp,6
 506:	0b000013          	li	zero,176
 50a:	0016                	c.slli	zero,0x5
 50c:	0b3a0e03          	lb	t3,179(s4)
 510:	0b390b3b          	.insn	4, 0x0b390b3b
 514:	1349                	addi	t1,t1,-14
 516:	0000                	unimp
 518:	2e0c                	fld	fa1,24(a2)
 51a:	0301                	addi	t1,t1,0
 51c:	3a0e                	fld	fs4,224(sp)
 51e:	390b3b0b          	.insn	4, 0x390b3b0b
 522:	0d21                	addi	s10,s10,8
 524:	0111                	addi	sp,sp,4
 526:	0712                	slli	a4,a4,0x4
 528:	1840                	addi	s0,sp,52
 52a:	197c                	addi	a5,sp,188
 52c:	1301                	addi	t1,t1,-32
 52e:	0000                	unimp
 530:	050d                	addi	a0,a0,3
 532:	0300                	addi	s0,sp,384
 534:	3a08                	fld	fa0,48(a2)
 536:	390b3b0b          	.insn	4, 0x390b3b0b
 53a:	0213490b          	.insn	4, 0x0213490b
 53e:	0018                	.insn	2, 0x0018
 540:	0e00                	addi	s0,sp,784
 542:	0026                	c.slli	zero,0x9
 544:	1349                	addi	t1,t1,-14
 546:	0000                	unimp
 548:	3f012e0f          	.insn	4, 0x3f012e0f
 54c:	0319                	addi	t1,t1,6
 54e:	3a0e                	fld	fs4,224(sp)
 550:	390b3b0b          	.insn	4, 0x390b3b0b
 554:	4919270b          	.insn	4, 0x4919270b
 558:	12011113          	.insn	4, 0x12011113
 55c:	7c184007          	.insn	4, 0x7c184007
 560:	0119                	addi	sp,sp,6
 562:	10000013          	li	zero,256
 566:	012e                	slli	sp,sp,0xb
 568:	0b3a0e03          	lb	t3,179(s4)
 56c:	21390b3b          	.insn	4, 0x21390b3b
 570:	2715                	addiw	a4,a4,5
 572:	4919                	li	s2,6
 574:	12011113          	.insn	4, 0x12011113
 578:	7c184007          	.insn	4, 0x7c184007
 57c:	0119                	addi	sp,sp,6
 57e:	11000013          	li	zero,272
 582:	002e                	c.slli	zero,0xb
 584:	0b3a0e03          	lb	t3,179(s4)
 588:	21390b3b          	.insn	4, 0x21390b3b
 58c:	110d                	addi	sp,sp,-29
 58e:	1201                	addi	tp,tp,-32 # ffffffffffffffe0 <__stack_start+0xffffffff7ffdcfe0>
 590:	7c184007          	.insn	4, 0x7c184007
 594:	0019                	c.nop	6
 596:	1200                	addi	s0,sp,288
 598:	012e                	slli	sp,sp,0xb
 59a:	0e03193f 3b03213a 	.insn	8, 0x3b03213a0e03193f
 5a2:	0621390b          	.insn	4, 0x0621390b
 5a6:	0111                	addi	sp,sp,4
 5a8:	0712                	slli	a4,a4,0x4
 5aa:	1840                	addi	s0,sp,52
 5ac:	197c                	addi	a5,sp,188
 5ae:	1301                	addi	t1,t1,-32
 5b0:	0000                	unimp
 5b2:	3f012e13          	slti	t3,sp,1008
 5b6:	0319                	addi	t1,t1,6
 5b8:	3a0e                	fld	fs4,224(sp)
 5ba:	0321                	addi	t1,t1,8
 5bc:	21390b3b          	.insn	4, 0x21390b3b
 5c0:	2706                	fld	fa4,64(sp)
 5c2:	1119                	addi	sp,sp,-26
 5c4:	1201                	addi	tp,tp,-32 # ffffffffffffffe0 <__stack_start+0xffffffff7ffdcfe0>
 5c6:	7c184007          	.insn	4, 0x7c184007
 5ca:	0119                	addi	sp,sp,6
 5cc:	14000013          	li	zero,320
 5d0:	0111                	addi	sp,sp,4
 5d2:	0e25                	addi	t3,t3,9
 5d4:	1f030b13          	addi	s6,t1,496
 5d8:	01111f1b          	slliw	t5,sp,0x11
 5dc:	0712                	slli	a4,a4,0x4
 5de:	1710                	addi	a2,sp,928
 5e0:	0000                	unimp
 5e2:	2415                	addiw	s0,s0,5
 5e4:	0b00                	addi	s0,sp,400
 5e6:	030b3e0b          	.insn	4, 0x030b3e0b
 5ea:	0008                	.insn	2, 0x0008
 5ec:	1600                	addi	s0,sp,800
 5ee:	0035                	c.nop	13
 5f0:	1349                	addi	t1,t1,-14
 5f2:	0000                	unimp
 5f4:	3f012e17          	auipc	t3,0x3f012
 5f8:	0319                	addi	t1,t1,6
 5fa:	3a0e                	fld	fs4,224(sp)
 5fc:	390b3b0b          	.insn	4, 0x390b3b0b
 600:	3c19270b          	.insn	4, 0x3c19270b
 604:	0119                	addi	sp,sp,6
 606:	18000013          	li	zero,384
 60a:	0005                	c.nop	1
 60c:	1349                	addi	t1,t1,-14
 60e:	0000                	unimp
 610:	1819                	addi	a6,a6,-26
 612:	0000                	unimp
 614:	1a00                	addi	s0,sp,304
 616:	012e                	slli	sp,sp,0xb
 618:	0b3a0e03          	lb	t3,179(s4)
 61c:	0b390b3b          	.insn	4, 0x0b390b3b
 620:	13491927          	.insn	4, 0x13491927
 624:	0111                	addi	sp,sp,4
 626:	0712                	slli	a4,a4,0x4
 628:	1840                	addi	s0,sp,52
 62a:	197a                	slli	s2,s2,0x3e
 62c:	1301                	addi	t1,t1,-32
 62e:	0000                	unimp
 630:	03012e1b          	.insn	4, 0x03012e1b
 634:	3a0e                	fld	fs4,224(sp)
 636:	390b3b0b          	.insn	4, 0x390b3b0b
 63a:	1119270b          	.insn	4, 0x1119270b
 63e:	1201                	addi	tp,tp,-32 # ffffffffffffffe0 <__stack_start+0xffffffff7ffdcfe0>
 640:	7a184007          	.insn	4, 0x7a184007
 644:	0019                	c.nop	6
 646:	0000                	unimp
 648:	3401                	addiw	s0,s0,-32
 64a:	0300                	addi	s0,sp,384
 64c:	3a08                	fld	fa0,48(a2)
 64e:	390b3b0b          	.insn	4, 0x390b3b0b
 652:	0213490b          	.insn	4, 0x0213490b
 656:	0018                	.insn	2, 0x0018
 658:	0200                	addi	s0,sp,256
 65a:	0024                	addi	s1,sp,8
 65c:	0b3e0b0b          	.insn	4, 0x0b3e0b0b
 660:	00000e03          	lb	t3,0(zero) # 0 <__boot_hart>
 664:	03001603          	lh	a2,48(zero) # 30 <__stack_align+0x20>
 668:	3a0e                	fld	fs4,224(sp)
 66a:	390b3b0b          	.insn	4, 0x390b3b0b
 66e:	0013490b          	.insn	4, 0x0013490b
 672:	0400                	addi	s0,sp,512
 674:	0034                	addi	a3,sp,8
 676:	0b3a0e03          	lb	t3,179(s4)
 67a:	0b390b3b          	.insn	4, 0x0b390b3b
 67e:	1349                	addi	t1,t1,-14
 680:	1802                	slli	a6,a6,0x20
 682:	0000                	unimp
 684:	0505                	addi	a0,a0,1
 686:	0300                	addi	s0,sp,384
 688:	3a08                	fld	fa0,48(a2)
 68a:	390b3b0b          	.insn	4, 0x390b3b0b
 68e:	0213490b          	.insn	4, 0x0213490b
 692:	0018                	.insn	2, 0x0018
 694:	0600                	addi	s0,sp,768
 696:	0111010b          	.insn	4, 0x0111010b
 69a:	0712                	slli	a4,a4,0x4
 69c:	0000                	unimp
 69e:	0b000f07          	.insn	4, 0x0b000f07
 6a2:	0821                	addi	a6,a6,8
 6a4:	1349                	addi	t1,t1,-14
 6a6:	0000                	unimp
 6a8:	2608                	fld	fa0,8(a2)
 6aa:	4900                	lw	s0,16(a0)
 6ac:	09000013          	li	zero,144
 6b0:	012e                	slli	sp,sp,0xb
 6b2:	0e03193f 3b02213a 	.insn	8, 0x3b02213a0e03193f
 6ba:	0621390b          	.insn	4, 0x0621390b
 6be:	01111927          	.insn	4, 0x01111927
 6c2:	0712                	slli	a4,a4,0x4
 6c4:	1840                	addi	s0,sp,52
 6c6:	197c                	addi	a5,sp,188
 6c8:	1301                	addi	t1,t1,-32
 6ca:	0000                	unimp
 6cc:	0b0a                	slli	s6,s6,0x2
 6ce:	1101                	addi	sp,sp,-32
 6d0:	1201                	addi	tp,tp,-32 # ffffffffffffffe0 <__stack_start+0xffffffff7ffdcfe0>
 6d2:	00130107          	.insn	4, 0x00130107
 6d6:	0b00                	addi	s0,sp,400
 6d8:	0111                	addi	sp,sp,4
 6da:	0e25                	addi	t3,t3,9 # 3f0125fd <__heap_size+0x3eff25fd>
 6dc:	1f030b13          	addi	s6,t1,496
 6e0:	01111f1b          	slliw	t5,sp,0x11
 6e4:	0712                	slli	a4,a4,0x4
 6e6:	1710                	addi	a2,sp,928
 6e8:	0000                	unimp
 6ea:	0f0c                	addi	a1,sp,912
 6ec:	0b00                	addi	s0,sp,400
 6ee:	000e030b          	.insn	4, 0x000e030b
 6f2:	0d00                	addi	s0,sp,656
 6f4:	0024                	addi	s1,sp,8
 6f6:	0b3e0b0b          	.insn	4, 0x0b3e0b0b
 6fa:	00000803          	lb	a6,0(zero) # 0 <__boot_hart>
 6fe:	350e                	fld	fa0,224(sp)
 700:	4900                	lw	s0,16(a0)
 702:	0f000013          	li	zero,240
 706:	0018                	.insn	2, 0x0018
 708:	0000                	unimp
 70a:	0110                	addi	a2,sp,128
 70c:	4901                	li	s2,0
 70e:	00130113          	addi	sp,t1,1
 712:	1100                	addi	s0,sp,160
 714:	0021                	c.nop	8
 716:	1349                	addi	t1,t1,-14
 718:	00000b2f          	.insn	4, 0x0b2f
 71c:	2e12                	fld	ft8,256(sp)
 71e:	0301                	addi	t1,t1,0
 720:	3a0e                	fld	fs4,224(sp)
 722:	390b3b0b          	.insn	4, 0x390b3b0b
 726:	1119270b          	.insn	4, 0x1119270b
 72a:	1201                	addi	tp,tp,-32 # ffffffffffffffe0 <__stack_start+0xffffffff7ffdcfe0>
 72c:	7c184007          	.insn	4, 0x7c184007
 730:	0119                	addi	sp,sp,6
 732:	13000013          	li	zero,304
 736:	012e                	slli	sp,sp,0xb
 738:	0b3a0e03          	lb	t3,179(s4)
 73c:	0b390b3b          	.insn	4, 0x0b390b3b
 740:	01111927          	.insn	4, 0x01111927
 744:	0712                	slli	a4,a4,0x4
 746:	1840                	addi	s0,sp,52
 748:	197a                	slli	s2,s2,0x3e
 74a:	0000                	unimp
 74c:	0100                	addi	s0,sp,128
 74e:	0005                	c.nop	1
 750:	213a0803          	lb	a6,531(s4)
 754:	3b01                	addiw	s6,s6,-32
 756:	490b390b          	.insn	4, 0x490b390b
 75a:	00180213          	addi	tp,a6,1
 75e:	0200                	addi	s0,sp,256
 760:	210b000f          	.insn	4, 0x210b000f
 764:	4908                	lw	a0,16(a0)
 766:	03000013          	li	zero,48
 76a:	0024                	addi	s1,sp,8
 76c:	0b3e0b0b          	.insn	4, 0x0b3e0b0b
 770:	00000e03          	lb	t3,0(zero) # 0 <__boot_hart>
 774:	2e04                	fld	fs1,24(a2)
 776:	3f01                	addiw	t5,t5,-32 # fffffffffffe5fe0 <__stack_start+0xffffffff7ffc2fe0>
 778:	0319                	addi	t1,t1,6
 77a:	3a0e                	fld	fs4,224(sp)
 77c:	0121                	addi	sp,sp,8
 77e:	0b390b3b          	.insn	4, 0x0b390b3b
 782:	13491927          	.insn	4, 0x13491927
 786:	0111                	addi	sp,sp,4
 788:	0712                	slli	a4,a4,0x4
 78a:	1840                	addi	s0,sp,52
 78c:	197a                	slli	s2,s2,0x3e
 78e:	1301                	addi	t1,t1,-32
 790:	0000                	unimp
 792:	3405                	addiw	s0,s0,-31
 794:	0300                	addi	s0,sp,384
 796:	3a08                	fld	fa0,48(a2)
 798:	0121                	addi	sp,sp,8
 79a:	0b390b3b          	.insn	4, 0x0b390b3b
 79e:	1349                	addi	t1,t1,-14
 7a0:	1802                	slli	a6,a6,0x20
 7a2:	0000                	unimp
 7a4:	2e06                	fld	ft8,64(sp)
 7a6:	3f00                	fld	fs0,56(a4)
 7a8:	0319                	addi	t1,t1,6
 7aa:	3a0e                	fld	fs4,224(sp)
 7ac:	0121                	addi	sp,sp,8
 7ae:	21390b3b          	.insn	4, 0x21390b3b
 7b2:	2706                	fld	fa4,64(sp)
 7b4:	1119                	addi	sp,sp,-26
 7b6:	1201                	addi	tp,tp,-32 # ffffffffffffffe0 <__stack_start+0xffffffff7ffdcfe0>
 7b8:	7a184007          	.insn	4, 0x7a184007
 7bc:	0019                	c.nop	6
 7be:	0700                	addi	s0,sp,896
 7c0:	0111                	addi	sp,sp,4
 7c2:	0e25                	addi	t3,t3,9
 7c4:	1f030b13          	addi	s6,t1,496
 7c8:	01111f1b          	slliw	t5,sp,0x11
 7cc:	0712                	slli	a4,a4,0x4
 7ce:	1710                	addi	a2,sp,928
 7d0:	0000                	unimp
 7d2:	0108                	addi	a0,sp,128
 7d4:	4901                	li	s2,0
 7d6:	00130113          	addi	sp,t1,1
 7da:	0900                	addi	s0,sp,144
 7dc:	0021                	c.nop	8
 7de:	1349                	addi	t1,t1,-14
 7e0:	00000b2f          	.insn	4, 0x0b2f
 7e4:	340a                	fld	fs0,160(sp)
 7e6:	0300                	addi	s0,sp,384
 7e8:	3a0e                	fld	fs4,224(sp)
 7ea:	390b3b0b          	.insn	4, 0x390b3b0b
 7ee:	3f13490b          	.insn	4, 0x3f13490b
 7f2:	0219                	addi	tp,tp,6 # 6 <__boot_hart+0x6>
 7f4:	0018                	.insn	2, 0x0018
 7f6:	0b00                	addi	s0,sp,400
 7f8:	012e                	slli	sp,sp,0xb
 7fa:	0e03193f 0b3b0b3a 	.insn	8, 0x0b3b0b3a0e03193f
 802:	0b39                	addi	s6,s6,14
 804:	01871927          	.insn	4, 0x01871927
 808:	3c19                	addiw	s8,s8,-26
 80a:	0119                	addi	sp,sp,6
 80c:	0c000013          	li	zero,192
 810:	0005                	c.nop	1
 812:	1349                	addi	t1,t1,-14
 814:	0000                	unimp
 816:	240d                	addiw	s0,s0,3
 818:	0b00                	addi	s0,sp,400
 81a:	030b3e0b          	.insn	4, 0x030b3e0b
 81e:	0008                	.insn	2, 0x0008
 820:	0e00                	addi	s0,sp,784
 822:	0b0b000f          	.insn	4, 0x0b0b000f
 826:	0000                	unimp
 828:	0000260f          	.insn	4, 0x260f
 82c:	1000                	addi	s0,sp,32
 82e:	0026                	c.slli	zero,0x9
 830:	1349                	addi	t1,t1,-14
 832:	0000                	unimp
 834:	2e11                	addiw	t3,t3,4
 836:	3f01                	addiw	t5,t5,-32
 838:	0319                	addi	t1,t1,6
 83a:	3a0e                	fld	fs4,224(sp)
 83c:	390b3b0b          	.insn	4, 0x390b3b0b
 840:	8719270b          	.insn	4, 0x8719270b
 844:	1901                	addi	s2,s2,-32
 846:	0111                	addi	sp,sp,4
 848:	0712                	slli	a4,a4,0x4
 84a:	1840                	addi	s0,sp,52
 84c:	197c                	addi	a5,sp,188
 84e:	1301                	addi	t1,t1,-32
 850:	0000                	unimp
 852:	0512                	slli	a0,a0,0x4
 854:	0300                	addi	s0,sp,384
 856:	3a0e                	fld	fs4,224(sp)
 858:	390b3b0b          	.insn	4, 0x390b3b0b
 85c:	0213490b          	.insn	4, 0x0213490b
 860:	0018                	.insn	2, 0x0018
 862:	1300                	addi	s0,sp,416
 864:	0015                	c.nop	5
 866:	00001927          	.insn	4, 0x1927
	...

Disassembly of section .debug_aranges:

0000000000000000 <.debug_aranges>:
   0:	002c                	addi	a1,sp,8
   2:	0000                	unimp
   4:	0002                	c.slli	zero,0x0
   6:	0000                	unimp
   8:	0000                	unimp
   a:	0008                	.insn	2, 0x0008
   c:	0000                	unimp
   e:	0000                	unimp
  10:	0000                	unimp
  12:	8000                	.insn	2, 0x8000
  14:	0000                	unimp
  16:	0000                	unimp
  18:	01f2                	slli	gp,gp,0x1c
	...
  2e:	0000                	unimp
  30:	002c                	addi	a1,sp,8
  32:	0000                	unimp
  34:	0002                	c.slli	zero,0x0
  36:	0029                	c.nop	10
  38:	0000                	unimp
  3a:	0008                	.insn	2, 0x0008
  3c:	0000                	unimp
  3e:	0000                	unimp
  40:	0234                	addi	a3,sp,264
  42:	8000                	.insn	2, 0x8000
  44:	0000                	unimp
  46:	0000                	unimp
  48:	0016                	c.slli	zero,0x5
	...
  5e:	0000                	unimp
  60:	002c                	addi	a1,sp,8
  62:	0000                	unimp
  64:	0002                	c.slli	zero,0x0
  66:	00000177          	.insn	4, 0x0177
  6a:	0008                	.insn	2, 0x0008
  6c:	0000                	unimp
  6e:	0000                	unimp
  70:	024a                	slli	tp,tp,0x12
  72:	8000                	.insn	2, 0x8000
  74:	0000                	unimp
  76:	0000                	unimp
  78:	0030                	addi	a2,sp,8
	...
  8e:	0000                	unimp
  90:	002c                	addi	a1,sp,8
  92:	0000                	unimp
  94:	0002                	c.slli	zero,0x0
  96:	02e0                	addi	s0,sp,332
  98:	0000                	unimp
  9a:	0008                	.insn	2, 0x0008
  9c:	0000                	unimp
  9e:	0000                	unimp
  a0:	027a                	slli	tp,tp,0x1e
  a2:	8000                	.insn	2, 0x8000
  a4:	0000                	unimp
  a6:	0000                	unimp
  a8:	001e                	c.slli	zero,0x7
	...
  be:	0000                	unimp
  c0:	002c                	addi	a1,sp,8
  c2:	0000                	unimp
  c4:	0002                	c.slli	zero,0x0
  c6:	03ca                	slli	t2,t2,0x12
  c8:	0000                	unimp
  ca:	0008                	.insn	2, 0x0008
  cc:	0000                	unimp
  ce:	0000                	unimp
  d0:	01f2                	slli	gp,gp,0x1c
  d2:	8000                	.insn	2, 0x8000
  d4:	0000                	unimp
  d6:	0000                	unimp
  d8:	0042                	c.slli	zero,0x10
	...
  ee:	0000                	unimp
  f0:	002c                	addi	a1,sp,8
  f2:	0000                	unimp
  f4:	0002                	c.slli	zero,0x0
  f6:	03f2                	slli	t2,t2,0x1c
  f8:	0000                	unimp
  fa:	0008                	.insn	2, 0x0008
  fc:	0000                	unimp
  fe:	0000                	unimp
 100:	0298                	addi	a4,sp,320
 102:	8000                	.insn	2, 0x8000
 104:	0000                	unimp
 106:	0000                	unimp
 108:	0006                	c.slli	zero,0x1
	...
 11e:	0000                	unimp
 120:	002c                	addi	a1,sp,8
 122:	0000                	unimp
 124:	0002                	c.slli	zero,0x0
 126:	0000043b          	addw	s0,zero,zero
 12a:	0008                	.insn	2, 0x0008
 12c:	0000                	unimp
 12e:	0000                	unimp
 130:	029e                	slli	t0,t0,0x7
 132:	8000                	.insn	2, 0x8000
 134:	0000                	unimp
 136:	0000                	unimp
 138:	004c                	addi	a1,sp,4
	...
 14e:	0000                	unimp
 150:	002c                	addi	a1,sp,8
 152:	0000                	unimp
 154:	0002                	c.slli	zero,0x0
 156:	07ec                	addi	a1,sp,972
 158:	0000                	unimp
 15a:	0008                	.insn	2, 0x0008
 15c:	0000                	unimp
 15e:	0000                	unimp
 160:	02ea                	slli	t0,t0,0x1a
 162:	8000                	.insn	2, 0x8000
 164:	0000                	unimp
 166:	0000                	unimp
 168:	107a                	c.slli	zero,0x3e
	...
 17e:	0000                	unimp
 180:	002c                	addi	a1,sp,8
 182:	0000                	unimp
 184:	0002                	c.slli	zero,0x0
 186:	1190                	addi	a2,sp,224
 188:	0000                	unimp
 18a:	0008                	.insn	2, 0x0008
 18c:	0000                	unimp
 18e:	0000                	unimp
 190:	1364                	addi	s1,sp,428
 192:	8000                	.insn	2, 0x8000
 194:	0000                	unimp
 196:	0000                	unimp
 198:	043c                	addi	a5,sp,520
	...
 1ae:	0000                	unimp
 1b0:	002c                	addi	a1,sp,8
 1b2:	0000                	unimp
 1b4:	0002                	c.slli	zero,0x0
 1b6:	000014ab          	.insn	4, 0x14ab
 1ba:	0008                	.insn	2, 0x0008
 1bc:	0000                	unimp
 1be:	0000                	unimp
 1c0:	17a0                	addi	s0,sp,1000
 1c2:	8000                	.insn	2, 0x8000
 1c4:	0000                	unimp
 1c6:	0000                	unimp
 1c8:	010a                	slli	sp,sp,0x2
	...

Disassembly of section .debug_str:

0000000000000000 <.debug_str>:
   0:	2e2e                	fld	ft8,200(sp)
   2:	73696d2f          	.insn	4, 0x73696d2f
   6:	72632f63          	.insn	4, 0x72632f63
   a:	3074                	fld	fa3,224(s0)
   c:	532e                	lw	t1,232(sp)
   e:	2f00                	fld	fs0,24(a4)
  10:	6b726f77          	.insn	4, 0x6b726f77
  14:	63617073          	csrci	0x636,2
  18:	2f65                	addiw	t5,t5,25
  1a:	6f74                	ld	a3,216(a4)
  1c:	68636c6f          	jal	s8,366a2 <__heap_size+0x166a2>
  20:	6961                	lui	s2,0x18
  22:	736e                	ld	t1,248(sp)
  24:	62696c2f          	.insn	4, 0x62696c2f
  28:	736f6c67          	.insn	4, 0x736f6c67
  2c:	75622f73          	csrrs	t5,0x756,tp
  30:	6c69                	lui	s8,0x1a
  32:	0064                	addi	s1,sp,12
  34:	20554e47          	fmsub.s	ft8,fa0,ft5,ft4,rmm
  38:	5341                	li	t1,-16
  3a:	3220                	fld	fs0,96(a2)
  3c:	342e                	fld	fs0,232(sp)
  3e:	0036                	c.slli	zero,0xd
  40:	6168                	ld	a0,192(a0)
  42:	646e                	ld	s0,216(sp)
  44:	656c                	ld	a1,200(a0)
  46:	745f 6172 0070      	.insn	6, 0x00706172745f
  4c:	726f6873          	csrrsi	a6,mhpmevent6h,30
  50:	2074                	fld	fa3,192(s0)
  52:	6e75                	lui	t3,0x1d
  54:	6e676973          	csrrsi	s2,0x6e6,14
  58:	6465                	lui	s0,0x19
  5a:	6920                	ld	s0,80(a0)
  5c:	746e                	ld	s0,248(sp)
  5e:	6300                	ld	s0,0(a4)
  60:	7561                	lui	a0,0xffff8
  62:	5f006573          	csrrsi	a0,0x5f0,0
  66:	755f 6e69 7074      	.insn	6, 0x70746e69755f
  6c:	7274                	ld	a3,224(a2)
  6e:	745f 5f00 7865      	.insn	6, 0x78655f00745f
  74:	7469                	lui	s0,0xffffa
  76:	7500                	ld	s0,40(a0)
  78:	736e                	ld	t1,248(sp)
  7a:	6769                	lui	a4,0x1a
  7c:	656e                	ld	a0,216(sp)
  7e:	2064                	fld	fs1,192(s0)
  80:	72616863          	bltu	sp,t1,7b0 <__stack_align+0x7a0>
  84:	5f00                	lw	s0,56(a4)
  86:	695f 746e 7470      	.insn	6, 0x7470746e695f
  8c:	5f72                	lw	t5,60(sp)
  8e:	0074                	addi	a3,sp,12
  90:	6572                	ld	a0,280(sp)
  92:	6c007367          	.insn	4, 0x6c007367
  96:	20676e6f          	jal	t3,7629c <__heap_size+0x5629c>
  9a:	6f6c                	ld	a1,216(a4)
  9c:	676e                	ld	a4,216(sp)
  9e:	6920                	ld	s0,80(a0)
  a0:	746e                	ld	s0,248(sp)
  a2:	6300                	ld	s0,0(a4)
  a4:	0065646f          	jal	s0,560aa <__heap_size+0x360aa>
  a8:	6f6c                	ld	a1,216(a4)
  aa:	676e                	ld	a4,216(sp)
  ac:	6420                	ld	s0,72(s0)
  ae:	6c62756f          	jal	a0,27774 <__heap_size+0x7774>
  b2:	0065                	c.nop	25
  b4:	726f6873          	csrrsi	a6,mhpmevent6h,30
  b8:	2074                	fld	fa3,192(s0)
  ba:	6e69                	lui	t3,0x1a
  bc:	0074                	addi	a3,sp,12
  be:	7674                	ld	a3,232(a2)
  c0:	6c61                	lui	s8,0x18
  c2:	4700                	lw	s0,8(a4)
  c4:	554e                	lw	a0,240(sp)
  c6:	4320                	lw	s0,64(a4)
  c8:	3131                	addiw	sp,sp,-20
  ca:	3120                	fld	fs0,96(a0)
  cc:	2e35                	addiw	t3,t3,13 # 1a00d <__stack_size+0x1200d>
  ce:	2e32                	fld	ft8,264(sp)
  d0:	2030                	fld	fa2,64(s0)
  d2:	6d2d                	lui	s10,0xb
  d4:	646f6d63          	bltu	t5,t1,72e <__stack_align+0x71e>
  d8:	6c65                	lui	s8,0x19
  da:	6d3d                	lui	s10,0xf
  dc:	6465                	lui	s0,0x19
  de:	6e61                	lui	t3,0x18
  e0:	2079                	.insn	2, 0x2079
  e2:	6d2d                	lui	s10,0xb
  e4:	6261                	lui	tp,0x18
  e6:	3d69                	addiw	s10,s10,-6 # affa <__stack_size+0x2ffa>
  e8:	706c                	ld	a1,224(s0)
  ea:	3436                	fld	fs0,360(sp)
  ec:	2064                	fld	fs1,192(s0)
  ee:	6d2d                	lui	s10,0xb
  f0:	7369                	lui	t1,0xffffa
  f2:	2d61                	addiw	s10,s10,24 # b018 <__stack_size+0x3018>
  f4:	63657073          	csrci	0x636,10
  f8:	323d                	addiw	tp,tp,-17 # 17fef <__stack_size+0xffef>
  fa:	3130                	fld	fa2,96(a0)
  fc:	3139                	addiw	sp,sp,-18
  fe:	3132                	fld	ft2,296(sp)
 100:	6d2d2033          	.insn	4, 0x6d2d2033
 104:	7261                	lui	tp,0xffff8
 106:	723d6863          	bltu	s10,gp,836 <__stack_align+0x826>
 10a:	3676                	fld	fa2,376(sp)
 10c:	6934                	ld	a3,80(a0)
 10e:	616d                	addi	sp,sp,240
 110:	6466                	ld	s0,88(sp)
 112:	697a5f63          	bge	s4,s7,7b0 <__stack_align+0x7a0>
 116:	5f727363          	bgeu	tp,s7,6fc <__stack_align+0x6ec>
 11a:	697a                	ld	s2,408(sp)
 11c:	6566                	ld	a0,88(sp)
 11e:	636e                	ld	t1,216(sp)
 120:	6965                	lui	s2,0x19
 122:	7a5f 6d6d 6c75      	.insn	6, 0x6c756d6d7a5f
 128:	7a5f 6161 6f6d      	.insn	6, 0x6f6d61617a5f
 12e:	7a5f 6c61 7372      	.insn	6, 0x73726c617a5f
 134:	637a5f63          	bge	s4,s7,772 <__stack_align+0x762>
 138:	5f61                	li	t5,-8
 13a:	637a                	ld	t1,408(sp)
 13c:	2064                	fld	fs1,192(s0)
 13e:	672d                	lui	a4,0xb
 140:	2d20                	fld	fs0,88(a0)
 142:	2d20324f          	.insn	4, 0x2d20324f
 146:	3d647473          	csrrci	s0,0x3d6,8
 14a:	20313163          	.insn	4, 0x20313163
 14e:	662d                	lui	a2,0xb
 150:	6f6e                	ld	t5,216(sp)
 152:	632d                	lui	t1,0xb
 154:	6f6d6d6f          	jal	s10,d684a <__heap_size+0xb684a>
 158:	206e                	fld	ft0,216(sp)
 15a:	662d                	lui	a2,0xb
 15c:	6f6e                	ld	t5,216(sp)
 15e:	622d                	lui	tp,0xb
 160:	6975                	lui	s2,0x1d
 162:	746c                	ld	a1,232(s0)
 164:	6e69                	lui	t3,0x1a
 166:	7300                	ld	s0,32(a4)
 168:	7a69                	lui	s4,0xffffa
 16a:	5f65                	li	t5,-7
 16c:	0074                	addi	a3,sp,12
 16e:	5f5f 6e69 7469      	.insn	6, 0x74696e695f5f
 174:	745f 736c 5f00      	.insn	6, 0x5f00736c745f
 17a:	745f 6164 6174      	.insn	6, 0x61746164745f
 180:	735f 7a69 0065      	.insn	6, 0x00657a69735f
 186:	5f5f 6274 7373      	.insn	6, 0x737362745f5f
 18c:	6f5f 6666 6573      	.insn	6, 0x657366666f5f
 192:	0074                	addi	a3,sp,12
 194:	6f6c                	ld	a1,216(a4)
 196:	676e                	ld	a4,216(sp)
 198:	6c20                	ld	s0,88(s0)
 19a:	20676e6f          	jal	t3,763a0 <__heap_size+0x563a0>
 19e:	6e75                	lui	t3,0x1d
 1a0:	6e676973          	csrrsi	s2,0x6e6,14
 1a4:	6465                	lui	s0,0x19
 1a6:	6920                	ld	s0,80(a0)
 1a8:	746e                	ld	s0,248(sp)
 1aa:	5f00                	lw	s0,56(a4)
 1ac:	745f 7268 6165      	.insn	6, 0x61657268745f
 1b2:	5f64                	lw	s1,124(a4)
 1b4:	666c6573          	csrrsi	a0,0x666,24
 1b8:	5f00                	lw	s0,56(a4)
 1ba:	745f 7362 5f73      	.insn	6, 0x5f737362745f
 1c0:	657a6973          	csrrsi	s2,hviprio2h,20
 1c4:	6d00                	ld	s0,24(a0)
 1c6:	6d65                	lui	s10,0x19
 1c8:	00797063          	bgeu	s2,t2,1c8 <__stack_align+0x1b8>
 1cc:	5f5f 6474 7461      	.insn	6, 0x746164745f5f
 1d2:	5f61                	li	t5,-8
 1d4:	72617473          	csrrci	s0,mhpmevent6h,2
 1d8:	0074                	addi	a3,sp,12
 1da:	656d                	lui	a0,0x1b
 1dc:	736d                	lui	t1,0xffffb
 1de:	7465                	lui	s0,0xffff9
 1e0:	7400                	ld	s0,40(s0)
 1e2:	736f686f          	jal	a6,f6918 <__heap_size+0xd6918>
 1e6:	0074                	addi	a3,sp,12
 1e8:	7266                	ld	tp,120(sp)
 1ea:	6f686d6f          	jal	s10,868e0 <__heap_size+0x668e0>
 1ee:	5f007473          	csrrci	s0,0x5f0,0
 1f2:	755f 6e69 3674      	.insn	6, 0x36746e69755f
 1f8:	5f34                	lw	a3,120(a4)
 1fa:	0074                	addi	a3,sp,12
 1fc:	2e2e                	fld	ft8,200(sp)
 1fe:	73696d2f          	.insn	4, 0x73696d2f
 202:	72632f63          	.insn	4, 0x72632f63
 206:	6d74                	ld	a3,216(a0)
 208:	6961                	lui	s2,0x18
 20a:	2e6e                	fld	ft8,216(sp)
 20c:	5f5f0053          	.insn	4, 0x5f5f0053
 210:	616d                	addi	sp,sp,240
 212:	6e69                	lui	t3,0x1a
 214:	7300                	ld	s0,32(a4)
 216:	6970                	ld	a2,208(a0)
 218:	6c6e                	ld	s8,216(sp)
 21a:	5f6b636f          	jal	t1,b6810 <__heap_size+0x96810>
 21e:	0074                	addi	a3,sp,12
 220:	5f5f 6e69 3374      	.insn	6, 0x33746e695f5f
 226:	5f32                	lw	t5,44(sp)
 228:	0074                	addi	a3,sp,12
 22a:	7468                	ld	a0,232(s0)
 22c:	6669                	lui	a2,0x1a
 22e:	6c5f 636f 006b      	.insn	6, 0x006b636f6c5f
 234:	7468                	ld	a0,232(s0)
 236:	6669                	lui	a2,0x1a
 238:	735f 7379 6163      	.insn	6, 0x61637379735f
 23e:	6c6c                	ld	a1,216(s0)
 240:	6100                	ld	s0,0(a0)
 242:	6f74                	ld	a3,216(a4)
 244:	696d                	lui	s2,0x1b
 246:	77735f63          	bge	t1,s7,9c4 <__stack_align+0x9b4>
 24a:	7061                	c.lui	zero,0xffff8
 24c:	615f 7163 6975      	.insn	6, 0x69757163615f
 252:	6572                	ld	a0,280(sp)
 254:	6100                	ld	s0,0(a0)
 256:	6f74                	ld	a3,216(a4)
 258:	696d                	lui	s2,0x1b
 25a:	00745f63          	bge	s0,t2,278 <__stack_align+0x268>
 25e:	7461                	lui	s0,0xffff8
 260:	63696d6f          	jal	s10,96896 <__heap_size+0x76896>
 264:	6c5f 616f 0064      	.insn	6, 0x0064616f6c5f
 26a:	6e697073          	csrci	0x6e6,18
 26e:	6c5f 636f 006b      	.insn	6, 0x006b636f6c5f
 274:	6e697073          	csrci	0x6e6,18
 278:	755f 6c6e 636f      	.insn	6, 0x636f6c6e755f
 27e:	7461006b          	.insn	4, 0x7461006b
 282:	63696d6f          	jal	s10,968b8 <__heap_size+0x768b8>
 286:	635f 656c 7261      	.insn	6, 0x7261656c635f
 28c:	725f 6c65 6165      	.insn	6, 0x61656c65725f
 292:	73006573          	csrrsi	a0,mhpmevent16h,0
 296:	6168                	ld	a0,192(a0)
 298:	31355f33          	.insn	4, 0x31355f33
 29c:	5f32                	lw	t5,44(sp)
 29e:	6168                	ld	a0,192(a0)
 2a0:	63006873          	csrrsi	a6,0x630,0
 2a4:	6168                	ld	a0,192(a0)
 2a6:	5f616863          	bltu	sp,s6,896 <__stack_align+0x886>
 2aa:	0079656b          	.insn	4, 0x0079656b
 2ae:	33616873          	csrrsi	a6,mhpmevent22,2
 2b2:	745f 7365 5f74      	.insn	6, 0x5f747365745f
 2b8:	65736163          	bltu	t1,s7,8fa <__stack_align+0x8ea>
 2bc:	68630073          	.insn	4, 0x68630073
 2c0:	6361                	lui	t1,0x18
 2c2:	6168                	ld	a0,192(a0)
 2c4:	735f 666f 5f74      	.insn	6, 0x5f74666f735f
 2ca:	6572                	ld	a0,280(sp)
 2cc:	00746573          	csrrsi	a0,0x7,8
 2d0:	6461                	lui	s0,0x18
 2d2:	7264                	ld	s1,224(a2)
 2d4:	6300                	ld	s0,0(a4)
 2d6:	6168                	ld	a0,192(a0)
 2d8:	5f616863          	bltu	sp,s6,8c8 <__stack_align+0x8b8>
 2dc:	74697277          	.insn	4, 0x74697277
 2e0:	5f65                	li	t5,-7
 2e2:	6f74                	ld	a3,216(a4)
 2e4:	615f 6464 6572      	.insn	6, 0x65726464615f
 2ea:	63007373          	csrrci	t1,0x630,0
 2ee:	6168                	ld	a0,192(a0)
 2f0:	5f616863          	bltu	sp,s6,8e0 <__stack_align+0x8d0>
 2f4:	68706963          	bltu	zero,t2,986 <__stack_align+0x976>
 2f8:	7265                	lui	tp,0xffff9
 2fa:	7300                	ld	s0,32(a4)
 2fc:	6168                	ld	a0,192(a0)
 2fe:	65745f33          	.insn	4, 0x65745f33
 302:	655f7473          	csrrci	s0,hviph,30
 306:	616c                	ld	a1,192(a0)
 308:	7370                	ld	a2,224(a4)
 30a:	6465                	lui	s0,0x19
 30c:	7300                	ld	s0,32(a4)
 30e:	6168                	ld	a0,192(a0)
 310:	6f735f33          	.insn	4, 0x6f735f33
 314:	7466                	ld	s0,120(sp)
 316:	725f 7365 7465      	.insn	6, 0x74657365725f
 31c:	5f00                	lw	s0,56(a4)
 31e:	6e65                	lui	t3,0x19
 320:	70797263          	bgeu	s2,t2,a24 <__stack_align+0xa14>
 324:	6974                	ld	a3,208(a0)
 326:	635f6e6f          	jal	t3,f715a <__heap_size+0xd715a>
 32a:	6379                	lui	t1,0x1e
 32c:	656c                	ld	a1,200(a0)
 32e:	61680073          	.insn	4, 0x61680073
 332:	7472                	ld	s0,312(sp)
 334:	6469                	lui	s0,0x1a
 336:	6300                	ld	s0,0(a4)
 338:	6168                	ld	a0,192(a0)
 33a:	5f616863          	bltu	sp,s6,92a <__stack_align+0x91a>
 33e:	6574                	ld	a3,200(a0)
 340:	655f7473          	csrrci	s0,hviph,30
 344:	616c                	ld	a1,192(a0)
 346:	7370                	ld	a2,224(a4)
 348:	6465                	lui	s0,0x19
 34a:	6b00                	ld	s0,16(a4)
 34c:	656c                	ld	a1,200(a0)
 34e:	6e69                	lui	t3,0x1a
 350:	745f 7365 0074      	.insn	6, 0x00747365745f
 356:	5f79656b          	.insn	4, 0x5f79656b
 35a:	656c                	ld	a1,200(a0)
 35c:	006e                	c.slli	zero,0x1b
 35e:	6164                	ld	s1,192(a0)
 360:	6174                	ld	a3,192(a0)
 362:	6f5f 7475 5f00      	.insn	6, 0x5f0074756f5f
 368:	755f 6e69 3374      	.insn	6, 0x33746e69755f
 36e:	5f32                	lw	t5,44(sp)
 370:	0074                	addi	a3,sp,12
 372:	5f5f 6d74 0070      	.insn	6, 0x00706d745f5f
 378:	63616863          	bltu	sp,s6,9a8 <__stack_align+0x998>
 37c:	6168                	ld	a0,192(a0)
 37e:	645f 7461 5f61      	.insn	6, 0x5f617461645f
 384:	6e69                	lui	t3,0x1a
 386:	7400                	ld	s0,40(s0)
 388:	6d65                	lui	s10,0x19
 38a:	0070                	addi	a2,sp,12
 38c:	6e756f63          	bltu	a0,t2,a8a <__stack_align+0xa7a>
 390:	5f74                	lw	a3,124(a4)
 392:	6c637963          	bgeu	t1,t1,a64 <__stack_align+0xa54>
 396:	7365                	lui	t1,0xffff9
 398:	6400                	ld	s0,8(s0)
 39a:	7461                	lui	s0,0xffff8
 39c:	0061                	c.nop	24
 39e:	20554e47          	fmsub.s	ft8,fa0,ft5,ft4,rmm
 3a2:	20313143          	fmadd.s	ft2,ft2,ft3,ft4,rup
 3a6:	3531                	addiw	a0,a0,-20 # 1afec <__stack_size+0x12fec>
 3a8:	322e                	fld	ft4,232(sp)
 3aa:	302e                	fld	ft0,232(sp)
 3ac:	2d20                	fld	fs0,88(a0)
 3ae:	616d                	addi	sp,sp,240
 3b0:	6962                	ld	s2,24(sp)
 3b2:	6c3d                	lui	s8,0xf
 3b4:	3670                	fld	fa2,232(a2)
 3b6:	6434                	ld	a3,72(s0)
 3b8:	2d20                	fld	fs0,88(a0)
 3ba:	636d                	lui	t1,0x1b
 3bc:	6f6d                	lui	t5,0x1b
 3be:	6564                	ld	s1,200(a0)
 3c0:	3d6c                	fld	fa1,248(a0)
 3c2:	656d                	lui	a0,0x1b
 3c4:	6164                	ld	s1,192(a0)
 3c6:	796e                	ld	s2,248(sp)
 3c8:	2d20                	fld	fs0,88(a0)
 3ca:	696d                	lui	s2,0x1b
 3cc:	732d6173          	csrrsi	sp,mhpmevent18h,26
 3d0:	6570                	ld	a2,200(a0)
 3d2:	30323d63          	.insn	4, 0x30323d63
 3d6:	3931                	addiw	s2,s2,-20 # 1afec <__stack_size+0x12fec>
 3d8:	3231                	addiw	tp,tp,-20 # ffffffffffff8fec <__stack_start+0xffffffff7ffd5fec>
 3da:	3331                	addiw	t1,t1,-20 # 1afec <__stack_size+0x12fec>
 3dc:	2d20                	fld	fs0,88(a0)
 3de:	616d                	addi	sp,sp,240
 3e0:	6372                	ld	t1,280(sp)
 3e2:	3d68                	fld	fa0,248(a0)
 3e4:	7672                	ld	a2,312(sp)
 3e6:	3436                	fld	fs0,360(sp)
 3e8:	6d69                	lui	s10,0x1a
 3ea:	6661                	lui	a2,0x18
 3ec:	6364                	ld	s1,192(a4)
 3ee:	7a5f 6369 7273      	.insn	6, 0x727363697a5f
 3f4:	7a5f 6669 6e65      	.insn	6, 0x6e6566697a5f
 3fa:	5f696563          	bltu	s2,s6,9e4 <__stack_align+0x9d4>
 3fe:	6d7a                	ld	s10,408(sp)
 400:	756d                	lui	a0,0xffffb
 402:	5f6c                	lw	a1,124(a4)
 404:	617a                	ld	sp,408(sp)
 406:	6d61                	lui	s10,0x18
 408:	617a5f6f          	jal	t5,a621e <__heap_size+0x8621e>
 40c:	726c                	ld	a1,224(a2)
 40e:	7a5f6373          	csrrsi	t1,tcontrol,30
 412:	7a5f6163          	bltu	t5,t0,bb4 <__stack_align+0xba4>
 416:	2d206463          	bltu	zero,s2,6de <__stack_align+0x6ce>
 41a:	4f2d2067          	.insn	4, 0x4f2d2067
 41e:	2030                	fld	fa2,64(s0)
 420:	732d                	lui	t1,0xfffeb
 422:	6474                	ld	a3,200(s0)
 424:	673d                	lui	a4,0xf
 426:	756e                	ld	a0,248(sp)
 428:	3131                	addiw	sp,sp,-20
 42a:	2d20                	fld	fs0,88(a0)
 42c:	6e66                	ld	t3,88(sp)
 42e:	6f632d6f          	jal	s10,32b24 <__heap_size+0x12b24>
 432:	6d6d                	lui	s10,0x1b
 434:	64006e6f          	jal	t3,6a74 <__stack_size_min+0xa74>
 438:	6769                	lui	a4,0x1a
 43a:	7365                	lui	t1,0xffff9
 43c:	0074                	addi	a3,sp,12
 43e:	33616873          	csrrsi	a6,mhpmevent22,2
 442:	725f 6165 5f64      	.insn	6, 0x5f646165725f
 448:	7266                	ld	tp,120(sp)
 44a:	615f6d6f          	jal	s10,f725e <__heap_size+0xd725e>
 44e:	6464                	ld	s1,200(s0)
 450:	6572                	ld	a0,280(sp)
 452:	72007373          	csrrci	t1,0x720,0
 456:	6765                	lui	a4,0x19
 458:	725f 6165 3364      	.insn	6, 0x33646165725f
 45e:	0032                	c.slli	zero,0xc
 460:	63616863          	bltu	sp,s6,a90 <__stack_align+0xa80>
 464:	6168                	ld	a0,192(a0)
 466:	725f 6165 5f64      	.insn	6, 0x5f646165725f
 46c:	7266                	ld	tp,120(sp)
 46e:	615f6d6f          	jal	s10,f7282 <__heap_size+0xd7282>
 472:	6464                	ld	s1,200(s0)
 474:	6572                	ld	a0,280(sp)
 476:	63007373          	csrrci	t1,0x630,0
 47a:	6168                	ld	a0,192(a0)
 47c:	5f616863          	bltu	sp,s6,a6c <__stack_align+0xa5c>
 480:	7564                	ld	s1,232(a0)
 482:	706d                	c.lui	zero,0xffffb
 484:	6300                	ld	s0,0(a4)
 486:	6168                	ld	a0,192(a0)
 488:	5f616863          	bltu	sp,s6,a78 <__stack_align+0xa68>
 48c:	7865                	lui	a6,0xffff9
 48e:	6570                	ld	a2,200(a0)
 490:	64657463          	bgeu	a0,t1,ad8 <__stack_align+0xac8>
 494:	6d00                	ld	s0,24(a0)
 496:	7365                	lui	t1,0xffff9
 498:	65676173          	csrrsi	sp,hviprio1h,14
 49c:	7500                	ld	s0,40(a0)
 49e:	7261                	lui	tp,0xffff8
 4a0:	0074                	addi	a3,sp,12
 4a2:	63616863          	bltu	sp,s6,ad2 <__stack_align+0xac2>
 4a6:	6168                	ld	a0,192(a0)
 4a8:	635f 7069 6568      	.insn	6, 0x65687069635f
 4ae:	5f72                	lw	t5,60(sp)
 4b0:	656e                	ld	a0,216(sp)
 4b2:	7478                	ld	a4,232(s0)
 4b4:	625f 6f6c 6b63      	.insn	6, 0x6b636f6c625f
 4ba:	6200                	ld	s0,0(a2)
 4bc:	6f6c                	ld	a1,216(a4)
 4be:	315f6b63          	bltu	t5,s5,7d4 <__stack_align+0x7c4>
 4c2:	6200                	ld	s0,0(a2)
 4c4:	6f6c                	ld	a1,216(a4)
 4c6:	325f6b63          	bltu	t5,t0,7fc <__stack_align+0x7ec>
 4ca:	7300                	ld	s0,32(a4)
 4cc:	6168                	ld	a0,192(a0)
 4ce:	72775f33          	.insn	4, 0x72775f33
 4d2:	7469                	lui	s0,0xffffa
 4d4:	5f65                	li	t5,-7
 4d6:	6f74                	ld	a3,216(a4)
 4d8:	615f 6464 6572      	.insn	6, 0x65726464615f
 4de:	6d007373          	csrrci	t1,0x6d0,0
 4e2:	7365                	lui	t1,0xffff9
 4e4:	65676173          	csrrsi	sp,hviprio1h,14
 4e8:	315f 6d00 7365      	.insn	6, 0x73656d00315f
 4ee:	65676173          	csrrsi	sp,hviprio1h,14
 4f2:	325f 6d00 7365      	.insn	6, 0x73656d00325f
 4f8:	65676173          	csrrsi	sp,hviprio1h,14
 4fc:	345f 5f00 6564      	.insn	6, 0x65645f00345f
 502:	70797263          	bgeu	s2,t2,c06 <__stack_align+0xbf6>
 506:	6974                	ld	a3,208(a0)
 508:	635f6e6f          	jal	t3,f733c <__heap_size+0xd733c>
 50c:	6379                	lui	t1,0x1e
 50e:	656c                	ld	a1,200(a0)
 510:	6c6b0073          	.insn	4, 0x6c6b0073
 514:	6965                	lui	s2,0x19
 516:	5f6e                	lw	t5,248(sp)
 518:	74697277          	.insn	4, 0x74697277
 51c:	5f65                	li	t5,-7
 51e:	6f74                	ld	a3,216(a4)
 520:	615f 6464 6572      	.insn	6, 0x65726464615f
 526:	72007373          	csrrci	t1,0x720,0
 52a:	6765                	lui	a4,0x19
 52c:	775f 6972 6574      	.insn	6, 0x65746972775f
 532:	6d003233          	.insn	4, 0x6d003233
 536:	6c5f6773          	csrrsi	a4,0x6c5,30
 53a:	6e65                	lui	t3,0x19
 53c:	775f 726f 0064      	.insn	6, 0x0064726f775f
 542:	63616863          	bltu	sp,s6,b72 <__stack_align+0xb62>
 546:	6168                	ld	a0,192(a0)
 548:	695f 0076 706b      	.insn	6, 0x706b0076695f
 54e:	6972                	ld	s2,280(sp)
 550:	746e                	ld	s0,248(sp)
 552:	0066                	c.slli	zero,0x19
 554:	69656c6b          	.insn	4, 0x69656c6b
 558:	5f6e                	lw	t5,248(sp)
 55a:	6572                	ld	a0,280(sp)
 55c:	6461                	lui	s0,0x18
 55e:	745f 5f6f 6461      	.insn	6, 0x64615f6f745f
 564:	7264                	ld	s1,224(a2)
 566:	7365                	lui	t1,0xffff9
 568:	6c6b0073          	.insn	4, 0x6c6b0073
 56c:	6965                	lui	s2,0x19
 56e:	5f6e                	lw	t5,248(sp)
 570:	6574                	ld	a3,200(a0)
 572:	655f7473          	csrrci	s0,hviph,30
 576:	636e                	ld	t1,216(sp)
 578:	7972                	ld	s2,312(sp)
 57a:	7470                	ld	a2,232(s0)
 57c:	6f69                	lui	t5,0x1a
 57e:	5f6e                	lw	t5,248(sp)
 580:	6c65                	lui	s8,0x19
 582:	7061                	c.lui	zero,0xffff8
 584:	00646573          	csrrsi	a0,0x6,8
 588:	69656c6b          	.insn	4, 0x69656c6b
 58c:	5f6e                	lw	t5,248(sp)
 58e:	6574                	ld	a3,200(a0)
 590:	645f7473          	csrrci	s0,hvip,30
 594:	6365                	lui	t1,0x19
 596:	7972                	ld	s2,312(sp)
 598:	7470                	ld	a2,232(s0)
 59a:	6f69                	lui	t5,0x1a
 59c:	5f6e                	lw	t5,248(sp)
 59e:	6c65                	lui	s8,0x19
 5a0:	7061                	c.lui	zero,0xffff8
 5a2:	00646573          	csrrsi	a0,0x6,8
 5a6:	616c                	ld	a1,192(a0)
 5a8:	625f7473          	csrrci	s0,0x625,30
 5ac:	7479                	lui	s0,0xffffe
 5ae:	5f65                	li	t5,-7
 5b0:	756e                	ld	a0,248(sp)
 5b2:	006d                	c.nop	27
 5b4:	63616863          	bltu	sp,s6,be4 <__stack_align+0xbd4>
 5b8:	6168                	ld	a0,192(a0)
 5ba:	745f 7365 5f74      	.insn	6, 0x5f747365745f
 5c0:	65736163          	bltu	t1,s7,c02 <__stack_align+0xbf2>
 5c4:	756e0073          	.insn	4, 0x756e0073
 5c8:	5f6d                	li	t5,-5
 5ca:	6f72                	ld	t5,280(sp)
 5cc:	6e75                	lui	t3,0x1d
 5ce:	0064                	addi	s1,sp,12
 5d0:	7369                	lui	t1,0xffffa
 5d2:	635f 6168 0072      	.insn	6, 0x00726168635f
 5d8:	5f5f 7562 6c69      	.insn	6, 0x6c6975625f5f
 5de:	6974                	ld	a3,208(a0)
 5e0:	5f6e                	lw	t5,248(sp)
 5e2:	6176                	ld	sp,344(sp)
 5e4:	6c5f 7369 0074      	.insn	6, 0x007473696c5f
 5ea:	7369                	lui	t1,0xffffa
 5ec:	6c5f 6e6f 0067      	.insn	6, 0x00676e6f6c5f
 5f2:	5f5f 6e67 6375      	.insn	6, 0x63756e675f5f
 5f8:	765f 5f61 696c      	.insn	6, 0x696c5f61765f
 5fe:	69007473          	csrrci	s0,0x690,0
 602:	6f665f73          	csrrwi	t5,0x6f6,12
 606:	6d72                	ld	s10,280(sp)
 608:	7461                	lui	s0,0xffff8
 60a:	6200                	ld	s0,0(a2)
 60c:	6675                	lui	a2,0x1d
 60e:	6566                	ld	a0,88(sp)
 610:	0072                	c.slli	zero,0x1c
 612:	6b5f 7570 7374      	.insn	6, 0x737475706b5f
 618:	6b00                	ld	s0,16(a4)
 61a:	7570                	ld	a2,232(a0)
 61c:	6374                	ld	a3,192(a4)
 61e:	5f00                	lw	s0,56(a4)
 620:	6f42                	ld	t5,16(sp)
 622:	5f006c6f          	jal	s8,6c12 <__stack_size_min+0xc12>
 626:	6c5f 6269 5f63      	.insn	6, 0x5f6362696c5f
 62c:	6e69                	lui	t3,0x1a
 62e:	7469                	lui	s0,0xffffa
 630:	615f 7272 7961      	.insn	6, 0x79617272615f
 636:	6100                	ld	s0,0(a0)
 638:	6574                	ld	a3,200(a0)
 63a:	6978                	ld	a4,208(a0)
 63c:	0074                	addi	a3,sp,12
 63e:	5f5f 696c 6362      	.insn	6, 0x6362696c5f5f
 644:	665f 6e69 5f69      	.insn	6, 0x5f696e69665f
 64a:	7261                	lui	tp,0xffff8
 64c:	6172                	ld	sp,280(sp)
 64e:	0079                	c.nop	30
 650:	6e65                	lui	t3,0x19
 652:	6976                	ld	s2,344(sp)
 654:	6f72                	ld	t5,280(sp)
 656:	006e                	c.slli	zero,0x1b

Disassembly of section .debug_loclists:

0000000000000000 <.debug_loclists>:
   0:	0058                	addi	a4,sp,4
   2:	0000                	unimp
   4:	0005                	c.nop	1
   6:	0008                	.insn	2, 0x0008
   8:	0000                	unimp
   a:	0000                	unimp
   c:	0400                	addi	s0,sp,512
   e:	0004                	.insn	2, 0x0004
  10:	0004                	.insn	2, 0x0004
  12:	0106                	slli	sp,sp,0x1
  14:	045a                	slli	s0,s0,0x16
  16:	1606                	slli	a2,a2,0x21
  18:	a304                	fsd	fs1,0(a4)
  1a:	5a01                	li	s4,-32
  1c:	009f 0a00 000a      	.insn	6, 0x000a0a00009f
  22:	0004                	.insn	2, 0x0004
  24:	0115                	addi	sp,sp,5
  26:	1615045b          	.insn	4, 0x1615045b
  2a:	a304                	fsd	fs1,0(a4)
  2c:	5b01                	li	s6,-32
  2e:	009f 0a00 000a      	.insn	6, 0x000a0a00009f
  34:	0004                	.insn	2, 0x0004
  36:	0115                	addi	sp,sp,5
  38:	045c                	addi	a5,sp,516
  3a:	1615                	addi	a2,a2,-27 # 1cfe5 <__stack_size+0x14fe5>
  3c:	a304                	fsd	fs1,0(a4)
  3e:	5c01                	li	s8,-32
  40:	009f 0a00 000a      	.insn	6, 0x000a0a00009f
  46:	0004                	.insn	2, 0x0004
  48:	0115                	addi	sp,sp,5
  4a:	045d                	addi	s0,s0,23 # ffffffffffffa017 <__stack_start+0xffffffff7ffd7017>
  4c:	1615                	addi	a2,a2,-27
  4e:	a304                	fsd	fs1,0(a4)
  50:	5d01                	li	s10,-32
  52:	009f 0a06 0a04      	.insn	6, 0x0a040a06009f
  58:	0115                	addi	sp,sp,5
  5a:	005a                	c.slli	zero,0x16
  5c:	0010                	.insn	2, 0x0010
  5e:	0000                	unimp
  60:	0005                	c.nop	1
  62:	0008                	.insn	2, 0x0008
  64:	0000                	unimp
  66:	0000                	unimp
  68:	0004                	.insn	2, 0x0004
  6a:	0c04                	addi	s1,sp,528
  6c:	011e                	slli	sp,sp,0x7
  6e:	005f 00ad 0000      	.insn	6, 0x00ad005f
  74:	0005                	c.nop	1
  76:	0008                	.insn	2, 0x0008
  78:	0000                	unimp
  7a:	0000                	unimp
  7c:	3400                	fld	fs0,40(s0)
  7e:	0034                	addi	a3,sp,8
  80:	0004                	.insn	2, 0x0004
  82:	0148                	addi	a0,sp,132
  84:	045a                	slli	s0,s0,0x16
  86:	4c48                	lw	a0,28(s0)
  88:	a304                	fsd	fs1,0(a4)
  8a:	5a01                	li	s4,-32
  8c:	009f 1000 2510      	.insn	6, 0x25101000009f
  92:	0025                	c.nop	9
  94:	0004                	.insn	2, 0x0004
  96:	0118                	addi	a4,sp,128
  98:	045c                	addi	a5,sp,516
  9a:	3218                	fld	fa4,32(a2)
  9c:	9102                	jalr	sp
  9e:	0458                	addi	a4,sp,516
  a0:	4c32                	lw	s8,12(sp)
  a2:	a304                	fsd	fs1,0(a4)
  a4:	5c01                	li	s8,-32
  a6:	009f 0a00 000a      	.insn	6, 0x000a0a00009f
  ac:	0004                	.insn	2, 0x0004
  ae:	0108                	addi	a0,sp,128
  b0:	045d                	addi	s0,s0,23
  b2:	4c08                	lw	a0,24(s0)
  b4:	a304                	fsd	fs1,0(a4)
  b6:	5d01                	li	s10,-32
  b8:	009f 0010 1804      	.insn	6, 0x18040010009f
  be:	014c                	addi	a1,sp,132
  c0:	005c                	addi	a5,sp,4
  c2:	1f11                	addi	t5,t5,-28 # 19fe4 <__stack_size+0x11fe4>
  c4:	1804                	addi	s1,sp,48
  c6:	0a24                	addi	s1,sp,280
  c8:	00206003          	lwu	zero,2(zero) # 2 <__boot_hart+0x2>
  cc:	0080                	addi	s0,sp,64
  ce:	0000                	unimp
  d0:	9f00                	.insn	2, 0x9f00
  d2:	1300                	addi	s0,sp,416
  d4:	0416                	slli	s0,s0,0x5
  d6:	1c18                	addi	a4,sp,560
  d8:	030a                	slli	t1,t1,0x2
  da:	2060                	fld	fs0,192(s0)
  dc:	8000                	.insn	2, 0x8000
  de:	0000                	unimp
  e0:	0000                	unimp
  e2:	009f 1d19 1e04      	.insn	6, 0x1e041d19009f
  e8:	0a22                	slli	s4,s4,0x8
  ea:	00206003          	lwu	zero,2(zero) # 2 <__boot_hart+0x2>
  ee:	0080                	addi	s0,sp,64
  f0:	0000                	unimp
  f2:	9f00                	.insn	2, 0x9f00
  f4:	1900                	addi	s0,sp,176
  f6:	041d                	addi	s0,s0,7
  f8:	221e                	fld	ft4,448(sp)
  fa:	9fff0903          	lb	s2,-1537(t5)
  fe:	2a00                	fld	fs0,16(a2)
 100:	042e                	slli	s0,s0,0xb
 102:	423e                	lw	tp,204(sp)
 104:	030a                	slli	t1,t1,0x2
 106:	2060                	fld	fs0,192(s0)
 108:	8000                	.insn	2, 0x8000
 10a:	0000                	unimp
 10c:	0000                	unimp
 10e:	009f 2e2c 3e04      	.insn	6, 0x3e042e2c009f
 114:	0a42                	slli	s4,s4,0x10
 116:	00206003          	lwu	zero,2(zero) # 2 <__boot_hart+0x2>
 11a:	0080                	addi	s0,sp,64
 11c:	0000                	unimp
 11e:	9f00                	.insn	2, 0x9f00
	...

Disassembly of section .debug_frame:

0000000000000000 <.debug_frame>:
   0:	000c                	.insn	2, 0x000c
   2:	0000                	unimp
   4:	ffff                	.insn	2, 0xffff
   6:	ffff                	.insn	2, 0xffff
   8:	7c010003          	lb	zero,1984(sp)
   c:	0c01                	addi	s8,s8,0 # 19000 <__stack_size+0x11000>
   e:	0002                	c.slli	zero,0x0
  10:	001c                	.insn	2, 0x001c
  12:	0000                	unimp
  14:	0000                	unimp
  16:	0000                	unimp
  18:	0234                	addi	a3,sp,264
  1a:	8000                	.insn	2, 0x8000
  1c:	0000                	unimp
  1e:	0000                	unimp
  20:	0016                	c.slli	zero,0x5
  22:	0000                	unimp
  24:	0000                	unimp
  26:	0000                	unimp
  28:	0e42                	slli	t3,t3,0x10
  2a:	4610                	lw	a2,8(a2)
  2c:	0281                	addi	t0,t0,0 # 174000 <__heap_size+0x154000>
  2e:	0000                	unimp
  30:	000c                	.insn	2, 0x000c
  32:	0000                	unimp
  34:	ffff                	.insn	2, 0xffff
  36:	ffff                	.insn	2, 0xffff
  38:	7c010003          	lb	zero,1984(sp)
  3c:	0c01                	addi	s8,s8,0
  3e:	0002                	c.slli	zero,0x0
  40:	0024                	addi	s1,sp,8
  42:	0000                	unimp
  44:	0030                	addi	a2,sp,8
  46:	0000                	unimp
  48:	024a                	slli	tp,tp,0x12
  4a:	8000                	.insn	2, 0x8000
  4c:	0000                	unimp
  4e:	0000                	unimp
  50:	0030                	addi	a2,sp,8
  52:	0000                	unimp
  54:	0000                	unimp
  56:	0000                	unimp
  58:	0e42                	slli	t3,t3,0x10
  5a:	5210                	lw	a2,32(a2)
  5c:	0488                	addi	a0,sp,576
  5e:	0281                	addi	t0,t0,0
  60:	c84e                	sw	s3,16(sp)
  62:	c142                	sw	a6,128(sp)
  64:	0e48                	addi	a0,sp,788
  66:	0000                	unimp
  68:	000c                	.insn	2, 0x000c
  6a:	0000                	unimp
  6c:	ffff                	.insn	2, 0xffff
  6e:	ffff                	.insn	2, 0xffff
  70:	7c010003          	lb	zero,1984(sp)
  74:	0c01                	addi	s8,s8,0
  76:	0002                	c.slli	zero,0x0
  78:	0014                	.insn	2, 0x0014
  7a:	0000                	unimp
  7c:	0068                	addi	a0,sp,12
  7e:	0000                	unimp
  80:	027a                	slli	tp,tp,0x1e
  82:	8000                	.insn	2, 0x8000
  84:	0000                	unimp
  86:	0000                	unimp
  88:	001e                	c.slli	zero,0x7
  8a:	0000                	unimp
  8c:	0000                	unimp
  8e:	0000                	unimp
  90:	000c                	.insn	2, 0x000c
  92:	0000                	unimp
  94:	ffff                	.insn	2, 0xffff
  96:	ffff                	.insn	2, 0xffff
  98:	7c010003          	lb	zero,1984(sp)
  9c:	0c01                	addi	s8,s8,0
  9e:	0002                	c.slli	zero,0x0
  a0:	0014                	.insn	2, 0x0014
  a2:	0000                	unimp
  a4:	0090                	addi	a2,sp,64
  a6:	0000                	unimp
  a8:	0298                	addi	a4,sp,320
  aa:	8000                	.insn	2, 0x8000
  ac:	0000                	unimp
  ae:	0000                	unimp
  b0:	0006                	c.slli	zero,0x1
  b2:	0000                	unimp
  b4:	0000                	unimp
  b6:	0000                	unimp
  b8:	000c                	.insn	2, 0x000c
  ba:	0000                	unimp
  bc:	ffff                	.insn	2, 0xffff
  be:	ffff                	.insn	2, 0xffff
  c0:	7c010003          	lb	zero,1984(sp)
  c4:	0c01                	addi	s8,s8,0
  c6:	0002                	c.slli	zero,0x0
  c8:	001c                	.insn	2, 0x001c
  ca:	0000                	unimp
  cc:	00b8                	addi	a4,sp,72
  ce:	0000                	unimp
  d0:	029e                	slli	t0,t0,0x7
  d2:	8000                	.insn	2, 0x8000
  d4:	0000                	unimp
  d6:	0000                	unimp
  d8:	004c                	addi	a1,sp,4
  da:	0000                	unimp
  dc:	0000                	unimp
  de:	0000                	unimp
  e0:	0e42                	slli	t3,t3,0x10
  e2:	0240                	addi	s0,sp,260
  e4:	0e48                	addi	a0,sp,788
  e6:	0000                	unimp
  e8:	000c                	.insn	2, 0x000c
  ea:	0000                	unimp
  ec:	ffff                	.insn	2, 0xffff
  ee:	ffff                	.insn	2, 0xffff
  f0:	7c010003          	lb	zero,1984(sp)
  f4:	0c01                	addi	s8,s8,0
  f6:	0002                	c.slli	zero,0x0
  f8:	002c                	addi	a1,sp,8
  fa:	0000                	unimp
  fc:	00e8                	addi	a0,sp,76
  fe:	0000                	unimp
 100:	02ea                	slli	t0,t0,0x1a
 102:	8000                	.insn	2, 0x8000
 104:	0000                	unimp
 106:	0000                	unimp
 108:	002e                	c.slli	zero,0xb
 10a:	0000                	unimp
 10c:	0000                	unimp
 10e:	0000                	unimp
 110:	0e42                	slli	t3,t3,0x10
 112:	4430                	lw	a2,72(s0)
 114:	0281                	addi	t0,t0,0
 116:	0488                	addi	a0,sp,576
 118:	0c42                	slli	s8,s8,0x10
 11a:	0008                	.insn	2, 0x0008
 11c:	c160                	sw	s0,68(a0)
 11e:	c842                	sw	a6,16(sp)
 120:	020c                	addi	a1,sp,256
 122:	4230                	lw	a2,64(a2)
 124:	000e                	c.slli	zero,0x3
 126:	0000                	unimp
 128:	002c                	addi	a1,sp,8
 12a:	0000                	unimp
 12c:	00e8                	addi	a0,sp,76
 12e:	0000                	unimp
 130:	0318                	addi	a4,sp,384
 132:	8000                	.insn	2, 0x8000
 134:	0000                	unimp
 136:	0000                	unimp
 138:	0026                	c.slli	zero,0x9
 13a:	0000                	unimp
 13c:	0000                	unimp
 13e:	0000                	unimp
 140:	0e42                	slli	t3,t3,0x10
 142:	4430                	lw	a2,72(s0)
 144:	0281                	addi	t0,t0,0
 146:	0488                	addi	a0,sp,576
 148:	0c42                	slli	s8,s8,0x10
 14a:	0008                	.insn	2, 0x0008
 14c:	c158                	sw	a4,4(a0)
 14e:	c842                	sw	a6,16(sp)
 150:	020c                	addi	a1,sp,256
 152:	4230                	lw	a2,64(a2)
 154:	000e                	c.slli	zero,0x3
 156:	0000                	unimp
 158:	002c                	addi	a1,sp,8
 15a:	0000                	unimp
 15c:	00e8                	addi	a0,sp,76
 15e:	0000                	unimp
 160:	033e                	slli	t1,t1,0xf
 162:	8000                	.insn	2, 0x8000
 164:	0000                	unimp
 166:	0000                	unimp
 168:	0026                	c.slli	zero,0x9
 16a:	0000                	unimp
 16c:	0000                	unimp
 16e:	0000                	unimp
 170:	0e42                	slli	t3,t3,0x10
 172:	4410                	lw	a2,8(s0)
 174:	0281                	addi	t0,t0,0
 176:	0488                	addi	a0,sp,576
 178:	0c42                	slli	s8,s8,0x10
 17a:	0008                	.insn	2, 0x0008
 17c:	c158                	sw	a4,4(a0)
 17e:	c842                	sw	a6,16(sp)
 180:	020c                	addi	a1,sp,256
 182:	4210                	lw	a2,0(a2)
 184:	000e                	c.slli	zero,0x3
 186:	0000                	unimp
 188:	002c                	addi	a1,sp,8
 18a:	0000                	unimp
 18c:	00e8                	addi	a0,sp,76
 18e:	0000                	unimp
 190:	0364                	addi	s1,sp,396
 192:	8000                	.insn	2, 0x8000
 194:	0000                	unimp
 196:	0000                	unimp
 198:	0058                	addi	a4,sp,4
 19a:	0000                	unimp
 19c:	0000                	unimp
 19e:	0000                	unimp
 1a0:	0e42                	slli	t3,t3,0x10
 1a2:	4420                	lw	s0,72(s0)
 1a4:	0281                	addi	t0,t0,0
 1a6:	0488                	addi	a0,sp,576
 1a8:	0c42                	slli	s8,s8,0x10
 1aa:	0008                	.insn	2, 0x0008
 1ac:	4a02                	lw	s4,0(sp)
 1ae:	42c1                	li	t0,16
 1b0:	0cc8                	addi	a0,sp,596
 1b2:	2002                	fld	ft0,0(sp)
 1b4:	0e42                	slli	t3,t3,0x10
 1b6:	0000                	unimp
 1b8:	002c                	addi	a1,sp,8
 1ba:	0000                	unimp
 1bc:	00e8                	addi	a0,sp,76
 1be:	0000                	unimp
 1c0:	03bc                	addi	a5,sp,456
 1c2:	8000                	.insn	2, 0x8000
 1c4:	0000                	unimp
 1c6:	0000                	unimp
 1c8:	0062                	c.slli	zero,0x18
 1ca:	0000                	unimp
 1cc:	0000                	unimp
 1ce:	0000                	unimp
 1d0:	0e42                	slli	t3,t3,0x10
 1d2:	4430                	lw	a2,72(s0)
 1d4:	0281                	addi	t0,t0,0
 1d6:	0488                	addi	a0,sp,576
 1d8:	0c42                	slli	s8,s8,0x10
 1da:	0008                	.insn	2, 0x0008
 1dc:	5402                	lw	s0,32(sp)
 1de:	42c1                	li	t0,16
 1e0:	0cc8                	addi	a0,sp,596
 1e2:	3002                	fld	ft0,32(sp)
 1e4:	0e42                	slli	t3,t3,0x10
 1e6:	0000                	unimp
 1e8:	0034                	addi	a3,sp,8
 1ea:	0000                	unimp
 1ec:	00e8                	addi	a0,sp,76
 1ee:	0000                	unimp
 1f0:	041e                	slli	s0,s0,0x7
 1f2:	8000                	.insn	2, 0x8000
 1f4:	0000                	unimp
 1f6:	0000                	unimp
 1f8:	0142                	slli	sp,sp,0x10
 1fa:	0000                	unimp
 1fc:	0000                	unimp
 1fe:	0000                	unimp
 200:	0e42                	slli	t3,t3,0x10
 202:	4660                	lw	s0,76(a2)
 204:	0281                	addi	t0,t0,0
 206:	0488                	addi	a0,sp,576
 208:	0689                	addi	a3,a3,2
 20a:	0c42                	slli	s8,s8,0x10
 20c:	0008                	.insn	2, 0x0008
 20e:	c1013003          	ld	zero,-1008(sp)
 212:	c842                	sw	a6,16(sp)
 214:	020c                	addi	a1,sp,256
 216:	4260                	lw	s0,68(a2)
 218:	42c9                	li	t0,18
 21a:	000e                	c.slli	zero,0x3
 21c:	0000                	unimp
 21e:	0000                	unimp
 220:	0034                	addi	a3,sp,8
 222:	0000                	unimp
 224:	00e8                	addi	a0,sp,76
 226:	0000                	unimp
 228:	0560                	addi	s0,sp,652
 22a:	8000                	.insn	2, 0x8000
 22c:	0000                	unimp
 22e:	0000                	unimp
 230:	0072                	c.slli	zero,0x1c
 232:	0000                	unimp
 234:	0000                	unimp
 236:	0000                	unimp
 238:	0e42                	slli	t3,t3,0x10
 23a:	4640                	lw	s0,12(a2)
 23c:	0281                	addi	t0,t0,0
 23e:	0488                	addi	a0,sp,576
 240:	0689                	addi	a3,a3,2
 242:	0c42                	slli	s8,s8,0x10
 244:	0008                	.insn	2, 0x0008
 246:	6002                	.insn	2, 0x6002
 248:	42c1                	li	t0,16
 24a:	0cc8                	addi	a0,sp,596
 24c:	4002                	.insn	2, 0x4002
 24e:	c942                	sw	a6,144(sp)
 250:	0e42                	slli	t3,t3,0x10
 252:	0000                	unimp
 254:	0000                	unimp
 256:	0000                	unimp
 258:	0034                	addi	a3,sp,8
 25a:	0000                	unimp
 25c:	00e8                	addi	a0,sp,76
 25e:	0000                	unimp
 260:	05d2                	slli	a1,a1,0x14
 262:	8000                	.insn	2, 0x8000
 264:	0000                	unimp
 266:	0000                	unimp
 268:	039c                	addi	a5,sp,448
 26a:	0000                	unimp
 26c:	0000                	unimp
 26e:	0000                	unimp
 270:	0e42                	slli	t3,t3,0x10
 272:	0290                	addi	a2,sp,320
 274:	8144                	.insn	2, 0x8144
 276:	8802                	jr	a6
 278:	4204                	lw	s1,0(a2)
 27a:	080c                	addi	a1,sp,16
 27c:	0300                	addi	s0,sp,384
 27e:	038e                	slli	t2,t2,0x3
 280:	42c1                	li	t0,16
 282:	0cc8                	addi	a0,sp,596
 284:	9002                	ebreak
 286:	4202                	lw	tp,0(sp)
 288:	000e                	c.slli	zero,0x3
 28a:	0000                	unimp
 28c:	0000                	unimp
 28e:	0000                	unimp
 290:	0034                	addi	a3,sp,8
 292:	0000                	unimp
 294:	00e8                	addi	a0,sp,76
 296:	0000                	unimp
 298:	096e                	slli	s2,s2,0x1b
 29a:	8000                	.insn	2, 0x8000
 29c:	0000                	unimp
 29e:	0000                	unimp
 2a0:	017e                	slli	sp,sp,0x1f
 2a2:	0000                	unimp
 2a4:	0000                	unimp
 2a6:	0000                	unimp
 2a8:	0e42                	slli	t3,t3,0x10
 2aa:	01a0                	addi	s0,sp,200
 2ac:	8144                	.insn	2, 0x8144
 2ae:	8802                	jr	a6
 2b0:	4204                	lw	s1,0(a2)
 2b2:	080c                	addi	a1,sp,16
 2b4:	0300                	addi	s0,sp,384
 2b6:	0170                	addi	a2,sp,140
 2b8:	42c1                	li	t0,16
 2ba:	0cc8                	addi	a0,sp,596
 2bc:	a002                	fsd	ft0,0(sp)
 2be:	4201                	li	tp,0
 2c0:	000e                	c.slli	zero,0x3
 2c2:	0000                	unimp
 2c4:	0000                	unimp
 2c6:	0000                	unimp
 2c8:	002c                	addi	a1,sp,8
 2ca:	0000                	unimp
 2cc:	00e8                	addi	a0,sp,76
 2ce:	0000                	unimp
 2d0:	0aec                	addi	a1,sp,348
 2d2:	8000                	.insn	2, 0x8000
 2d4:	0000                	unimp
 2d6:	0000                	unimp
 2d8:	005a                	c.slli	zero,0x16
 2da:	0000                	unimp
 2dc:	0000                	unimp
 2de:	0000                	unimp
 2e0:	0e42                	slli	t3,t3,0x10
 2e2:	4420                	lw	s0,72(s0)
 2e4:	0281                	addi	t0,t0,0
 2e6:	0488                	addi	a0,sp,576
 2e8:	0c42                	slli	s8,s8,0x10
 2ea:	0008                	.insn	2, 0x0008
 2ec:	4c02                	lw	s8,0(sp)
 2ee:	42c1                	li	t0,16
 2f0:	0cc8                	addi	a0,sp,596
 2f2:	2002                	fld	ft0,0(sp)
 2f4:	0e42                	slli	t3,t3,0x10
 2f6:	0000                	unimp
 2f8:	002c                	addi	a1,sp,8
 2fa:	0000                	unimp
 2fc:	00e8                	addi	a0,sp,76
 2fe:	0000                	unimp
 300:	0b46                	slli	s6,s6,0x11
 302:	8000                	.insn	2, 0x8000
 304:	0000                	unimp
 306:	0000                	unimp
 308:	0062                	c.slli	zero,0x18
 30a:	0000                	unimp
 30c:	0000                	unimp
 30e:	0000                	unimp
 310:	0e42                	slli	t3,t3,0x10
 312:	4430                	lw	a2,72(s0)
 314:	0281                	addi	t0,t0,0
 316:	0488                	addi	a0,sp,576
 318:	0c42                	slli	s8,s8,0x10
 31a:	0008                	.insn	2, 0x0008
 31c:	5402                	lw	s0,32(sp)
 31e:	42c1                	li	t0,16
 320:	0cc8                	addi	a0,sp,596
 322:	3002                	fld	ft0,32(sp)
 324:	0e42                	slli	t3,t3,0x10
 326:	0000                	unimp
 328:	002c                	addi	a1,sp,8
 32a:	0000                	unimp
 32c:	00e8                	addi	a0,sp,76
 32e:	0000                	unimp
 330:	0ba8                	addi	a0,sp,472
 332:	8000                	.insn	2, 0x8000
 334:	0000                	unimp
 336:	0000                	unimp
 338:	0184                	addi	s1,sp,192
 33a:	0000                	unimp
 33c:	0000                	unimp
 33e:	0000                	unimp
 340:	0e42                	slli	t3,t3,0x10
 342:	4420                	lw	s0,72(s0)
 344:	0281                	addi	t0,t0,0
 346:	0488                	addi	a0,sp,576
 348:	0c42                	slli	s8,s8,0x10
 34a:	0008                	.insn	2, 0x0008
 34c:	c1017603          	.insn	4, 0xc1017603
 350:	c842                	sw	a6,16(sp)
 352:	020c                	addi	a1,sp,256
 354:	4220                	lw	s0,64(a2)
 356:	000e                	c.slli	zero,0x3
 358:	002c                	addi	a1,sp,8
 35a:	0000                	unimp
 35c:	00e8                	addi	a0,sp,76
 35e:	0000                	unimp
 360:	0d2c                	addi	a1,sp,664
 362:	8000                	.insn	2, 0x8000
 364:	0000                	unimp
 366:	0000                	unimp
 368:	00be                	slli	ra,ra,0xf
 36a:	0000                	unimp
 36c:	0000                	unimp
 36e:	0000                	unimp
 370:	0e42                	slli	t3,t3,0x10
 372:	4430                	lw	a2,72(s0)
 374:	0281                	addi	t0,t0,0
 376:	0488                	addi	a0,sp,576
 378:	0c42                	slli	s8,s8,0x10
 37a:	0008                	.insn	2, 0x0008
 37c:	b002                	fsd	ft0,32(sp)
 37e:	42c1                	li	t0,16
 380:	0cc8                	addi	a0,sp,596
 382:	3002                	fld	ft0,32(sp)
 384:	0e42                	slli	t3,t3,0x10
 386:	0000                	unimp
 388:	002c                	addi	a1,sp,8
 38a:	0000                	unimp
 38c:	00e8                	addi	a0,sp,76
 38e:	0000                	unimp
 390:	0dea                	slli	s11,s11,0x1a
 392:	8000                	.insn	2, 0x8000
 394:	0000                	unimp
 396:	0000                	unimp
 398:	00ec                	addi	a1,sp,76
 39a:	0000                	unimp
 39c:	0000                	unimp
 39e:	0000                	unimp
 3a0:	0e42                	slli	t3,t3,0x10
 3a2:	4430                	lw	a2,72(s0)
 3a4:	0281                	addi	t0,t0,0
 3a6:	0488                	addi	a0,sp,576
 3a8:	0c42                	slli	s8,s8,0x10
 3aa:	0008                	.insn	2, 0x0008
 3ac:	c100de03          	lhu	t3,-1008(ra)
 3b0:	c842                	sw	a6,16(sp)
 3b2:	020c                	addi	a1,sp,256
 3b4:	4230                	lw	a2,64(a2)
 3b6:	000e                	c.slli	zero,0x3
 3b8:	002c                	addi	a1,sp,8
 3ba:	0000                	unimp
 3bc:	00e8                	addi	a0,sp,76
 3be:	0000                	unimp
 3c0:	0ed6                	slli	t4,t4,0x15
 3c2:	8000                	.insn	2, 0x8000
 3c4:	0000                	unimp
 3c6:	0000                	unimp
 3c8:	0026                	c.slli	zero,0x9
 3ca:	0000                	unimp
 3cc:	0000                	unimp
 3ce:	0000                	unimp
 3d0:	0e42                	slli	t3,t3,0x10
 3d2:	4410                	lw	a2,8(s0)
 3d4:	0281                	addi	t0,t0,0
 3d6:	0488                	addi	a0,sp,576
 3d8:	0c42                	slli	s8,s8,0x10
 3da:	0008                	.insn	2, 0x0008
 3dc:	c158                	sw	a4,4(a0)
 3de:	c842                	sw	a6,16(sp)
 3e0:	020c                	addi	a1,sp,256
 3e2:	4210                	lw	a2,0(a2)
 3e4:	000e                	c.slli	zero,0x3
 3e6:	0000                	unimp
 3e8:	002c                	addi	a1,sp,8
 3ea:	0000                	unimp
 3ec:	00e8                	addi	a0,sp,76
 3ee:	0000                	unimp
 3f0:	0efc                	addi	a5,sp,860
 3f2:	8000                	.insn	2, 0x8000
 3f4:	0000                	unimp
 3f6:	0000                	unimp
 3f8:	0058                	addi	a4,sp,4
 3fa:	0000                	unimp
 3fc:	0000                	unimp
 3fe:	0000                	unimp
 400:	0e42                	slli	t3,t3,0x10
 402:	4420                	lw	s0,72(s0)
 404:	0281                	addi	t0,t0,0
 406:	0488                	addi	a0,sp,576
 408:	0c42                	slli	s8,s8,0x10
 40a:	0008                	.insn	2, 0x0008
 40c:	4a02                	lw	s4,0(sp)
 40e:	42c1                	li	t0,16
 410:	0cc8                	addi	a0,sp,596
 412:	2002                	fld	ft0,0(sp)
 414:	0e42                	slli	t3,t3,0x10
 416:	0000                	unimp
 418:	002c                	addi	a1,sp,8
 41a:	0000                	unimp
 41c:	00e8                	addi	a0,sp,76
 41e:	0000                	unimp
 420:	0f54                	addi	a3,sp,916
 422:	8000                	.insn	2, 0x8000
 424:	0000                	unimp
 426:	0000                	unimp
 428:	0062                	c.slli	zero,0x18
 42a:	0000                	unimp
 42c:	0000                	unimp
 42e:	0000                	unimp
 430:	0e42                	slli	t3,t3,0x10
 432:	4430                	lw	a2,72(s0)
 434:	0281                	addi	t0,t0,0
 436:	0488                	addi	a0,sp,576
 438:	0c42                	slli	s8,s8,0x10
 43a:	0008                	.insn	2, 0x0008
 43c:	5402                	lw	s0,32(sp)
 43e:	42c1                	li	t0,16
 440:	0cc8                	addi	a0,sp,596
 442:	3002                	fld	ft0,32(sp)
 444:	0e42                	slli	t3,t3,0x10
 446:	0000                	unimp
 448:	0034                	addi	a3,sp,8
 44a:	0000                	unimp
 44c:	00e8                	addi	a0,sp,76
 44e:	0000                	unimp
 450:	0fb6                	slli	t6,t6,0xd
 452:	8000                	.insn	2, 0x8000
 454:	0000                	unimp
 456:	0000                	unimp
 458:	00ec                	addi	a1,sp,76
 45a:	0000                	unimp
 45c:	0000                	unimp
 45e:	0000                	unimp
 460:	0e42                	slli	t3,t3,0x10
 462:	4650                	lw	a2,12(a2)
 464:	0281                	addi	t0,t0,0
 466:	0488                	addi	a0,sp,576
 468:	0689                	addi	a3,a3,2
 46a:	0c42                	slli	s8,s8,0x10
 46c:	0008                	.insn	2, 0x0008
 46e:	da02                	sw	zero,52(sp)
 470:	42c1                	li	t0,16
 472:	0cc8                	addi	a0,sp,596
 474:	5002                	.insn	2, 0x5002
 476:	c942                	sw	a6,144(sp)
 478:	0e42                	slli	t3,t3,0x10
 47a:	0000                	unimp
 47c:	0000                	unimp
 47e:	0000                	unimp
 480:	0034                	addi	a3,sp,8
 482:	0000                	unimp
 484:	00e8                	addi	a0,sp,76
 486:	0000                	unimp
 488:	10a2                	slli	ra,ra,0x28
 48a:	8000                	.insn	2, 0x8000
 48c:	0000                	unimp
 48e:	0000                	unimp
 490:	01be                	slli	gp,gp,0xf
 492:	0000                	unimp
 494:	0000                	unimp
 496:	0000                	unimp
 498:	0e42                	slli	t3,t3,0x10
 49a:	01c0                	addi	s0,sp,196
 49c:	8144                	.insn	2, 0x8144
 49e:	8802                	jr	a6
 4a0:	4204                	lw	s1,0(a2)
 4a2:	080c                	addi	a1,sp,16
 4a4:	0300                	addi	s0,sp,384
 4a6:	01b0                	addi	a2,sp,200
 4a8:	42c1                	li	t0,16
 4aa:	0cc8                	addi	a0,sp,596
 4ac:	c002                	sw	zero,0(sp)
 4ae:	4201                	li	tp,0
 4b0:	000e                	c.slli	zero,0x3
 4b2:	0000                	unimp
 4b4:	0000                	unimp
 4b6:	0000                	unimp
 4b8:	0034                	addi	a3,sp,8
 4ba:	0000                	unimp
 4bc:	00e8                	addi	a0,sp,76
 4be:	0000                	unimp
 4c0:	1260                	addi	s0,sp,300
 4c2:	8000                	.insn	2, 0x8000
 4c4:	0000                	unimp
 4c6:	0000                	unimp
 4c8:	00c6                	slli	ra,ra,0x11
 4ca:	0000                	unimp
 4cc:	0000                	unimp
 4ce:	0000                	unimp
 4d0:	0e42                	slli	t3,t3,0x10
 4d2:	0180                	addi	s0,sp,192
 4d4:	8144                	.insn	2, 0x8144
 4d6:	8802                	jr	a6
 4d8:	4204                	lw	s1,0(a2)
 4da:	080c                	addi	a1,sp,16
 4dc:	0200                	addi	s0,sp,256
 4de:	c1b8                	sw	a4,64(a1)
 4e0:	c842                	sw	a6,16(sp)
 4e2:	020c                	addi	a1,sp,256
 4e4:	0180                	addi	s0,sp,192
 4e6:	0e42                	slli	t3,t3,0x10
	...
 4f0:	002c                	addi	a1,sp,8
 4f2:	0000                	unimp
 4f4:	00e8                	addi	a0,sp,76
 4f6:	0000                	unimp
 4f8:	1326                	slli	t1,t1,0x29
 4fa:	8000                	.insn	2, 0x8000
 4fc:	0000                	unimp
 4fe:	0000                	unimp
 500:	003e                	c.slli	zero,0xf
 502:	0000                	unimp
 504:	0000                	unimp
 506:	0000                	unimp
 508:	0e42                	slli	t3,t3,0x10
 50a:	4420                	lw	s0,72(s0)
 50c:	0281                	addi	t0,t0,0
 50e:	0488                	addi	a0,sp,576
 510:	0c42                	slli	s8,s8,0x10
 512:	0008                	.insn	2, 0x0008
 514:	3002                	fld	ft0,32(sp)
 516:	42c1                	li	t0,16
 518:	0cc8                	addi	a0,sp,596
 51a:	2002                	fld	ft0,0(sp)
 51c:	0e42                	slli	t3,t3,0x10
 51e:	0000                	unimp
 520:	000c                	.insn	2, 0x000c
 522:	0000                	unimp
 524:	ffff                	.insn	2, 0xffff
 526:	ffff                	.insn	2, 0xffff
 528:	7c010003          	lb	zero,1984(sp)
 52c:	0c01                	addi	s8,s8,0
 52e:	0002                	c.slli	zero,0x0
 530:	002c                	addi	a1,sp,8
 532:	0000                	unimp
 534:	0520                	addi	s0,sp,648
 536:	0000                	unimp
 538:	1364                	addi	s1,sp,428
 53a:	8000                	.insn	2, 0x8000
 53c:	0000                	unimp
 53e:	0000                	unimp
 540:	0042                	c.slli	zero,0x10
 542:	0000                	unimp
 544:	0000                	unimp
 546:	0000                	unimp
 548:	0e42                	slli	t3,t3,0x10
 54a:	4430                	lw	a2,72(s0)
 54c:	0281                	addi	t0,t0,0
 54e:	0488                	addi	a0,sp,576
 550:	0c42                	slli	s8,s8,0x10
 552:	0008                	.insn	2, 0x0008
 554:	c174                	sw	a3,68(a0)
 556:	c842                	sw	a6,16(sp)
 558:	020c                	addi	a1,sp,256
 55a:	4230                	lw	a2,64(a2)
 55c:	000e                	c.slli	zero,0x3
 55e:	0000                	unimp
 560:	002c                	addi	a1,sp,8
 562:	0000                	unimp
 564:	0520                	addi	s0,sp,648
 566:	0000                	unimp
 568:	13a6                	slli	t2,t2,0x29
 56a:	8000                	.insn	2, 0x8000
 56c:	0000                	unimp
 56e:	0000                	unimp
 570:	0044                	addi	s1,sp,4
 572:	0000                	unimp
 574:	0000                	unimp
 576:	0000                	unimp
 578:	0e42                	slli	t3,t3,0x10
 57a:	4430                	lw	a2,72(s0)
 57c:	0281                	addi	t0,t0,0
 57e:	0488                	addi	a0,sp,576
 580:	0c42                	slli	s8,s8,0x10
 582:	0008                	.insn	2, 0x0008
 584:	c176                	sw	t4,128(sp)
 586:	c842                	sw	a6,16(sp)
 588:	020c                	addi	a1,sp,256
 58a:	4230                	lw	a2,64(a2)
 58c:	000e                	c.slli	zero,0x3
 58e:	0000                	unimp
 590:	002c                	addi	a1,sp,8
 592:	0000                	unimp
 594:	0520                	addi	s0,sp,648
 596:	0000                	unimp
 598:	13ea                	slli	t2,t2,0x3a
 59a:	8000                	.insn	2, 0x8000
 59c:	0000                	unimp
 59e:	0000                	unimp
 5a0:	002a                	c.slli	zero,0xa
 5a2:	0000                	unimp
 5a4:	0000                	unimp
 5a6:	0000                	unimp
 5a8:	0e42                	slli	t3,t3,0x10
 5aa:	4420                	lw	s0,72(s0)
 5ac:	0281                	addi	t0,t0,0
 5ae:	0488                	addi	a0,sp,576
 5b0:	0c42                	slli	s8,s8,0x10
 5b2:	0008                	.insn	2, 0x0008
 5b4:	c15c                	sw	a5,4(a0)
 5b6:	c842                	sw	a6,16(sp)
 5b8:	020c                	addi	a1,sp,256
 5ba:	4220                	lw	s0,64(a2)
 5bc:	000e                	c.slli	zero,0x3
 5be:	0000                	unimp
 5c0:	0034                	addi	a3,sp,8
 5c2:	0000                	unimp
 5c4:	0520                	addi	s0,sp,648
 5c6:	0000                	unimp
 5c8:	1414                	addi	a3,sp,544
 5ca:	8000                	.insn	2, 0x8000
 5cc:	0000                	unimp
 5ce:	0000                	unimp
 5d0:	038c                	addi	a1,sp,448
 5d2:	0000                	unimp
 5d4:	0000                	unimp
 5d6:	0000                	unimp
 5d8:	0e42                	slli	t3,t3,0x10
 5da:	01d0                	addi	a2,sp,196
 5dc:	8144                	.insn	2, 0x8144
 5de:	8812                	mv	a6,tp
 5e0:	4214                	lw	a3,0(a2)
 5e2:	080c                	addi	a1,sp,16
 5e4:	0340                	addi	s0,sp,388
 5e6:	037e                	slli	t1,t1,0x1f
 5e8:	42c1                	li	t0,16
 5ea:	0cc8                	addi	a0,sp,596
 5ec:	d002                	sw	zero,32(sp)
 5ee:	4201                	li	tp,0
 5f0:	000e                	c.slli	zero,0x3
 5f2:	0000                	unimp
 5f4:	0000                	unimp
 5f6:	0000                	unimp
 5f8:	000c                	.insn	2, 0x000c
 5fa:	0000                	unimp
 5fc:	ffff                	.insn	2, 0xffff
 5fe:	ffff                	.insn	2, 0xffff
 600:	7c010003          	lb	zero,1984(sp)
 604:	0c01                	addi	s8,s8,0
 606:	0002                	c.slli	zero,0x0
 608:	002c                	addi	a1,sp,8
 60a:	0000                	unimp
 60c:	05f8                	addi	a4,sp,716
 60e:	0000                	unimp
 610:	17a0                	addi	s0,sp,1000
 612:	8000                	.insn	2, 0x8000
 614:	0000                	unimp
 616:	0000                	unimp
 618:	0012                	c.slli	zero,0x4
 61a:	0000                	unimp
 61c:	0000                	unimp
 61e:	0000                	unimp
 620:	0e42                	slli	t3,t3,0x10
 622:	4410                	lw	a2,8(s0)
 624:	0281                	addi	t0,t0,0
 626:	0488                	addi	a0,sp,576
 628:	0c42                	slli	s8,s8,0x10
 62a:	0008                	.insn	2, 0x0008
 62c:	c144                	sw	s1,4(a0)
 62e:	c842                	sw	a6,16(sp)
 630:	020c                	addi	a1,sp,256
 632:	4210                	lw	a2,0(a2)
 634:	000e                	c.slli	zero,0x3
 636:	0000                	unimp
 638:	002c                	addi	a1,sp,8
 63a:	0000                	unimp
 63c:	05f8                	addi	a4,sp,716
 63e:	0000                	unimp
 640:	17b2                	slli	a5,a5,0x2c
 642:	8000                	.insn	2, 0x8000
 644:	0000                	unimp
 646:	0000                	unimp
 648:	0012                	c.slli	zero,0x4
 64a:	0000                	unimp
 64c:	0000                	unimp
 64e:	0000                	unimp
 650:	0e42                	slli	t3,t3,0x10
 652:	4410                	lw	a2,8(s0)
 654:	0281                	addi	t0,t0,0
 656:	0488                	addi	a0,sp,576
 658:	0c42                	slli	s8,s8,0x10
 65a:	0008                	.insn	2, 0x0008
 65c:	c144                	sw	s1,4(a0)
 65e:	c842                	sw	a6,16(sp)
 660:	020c                	addi	a1,sp,256
 662:	4210                	lw	a2,0(a2)
 664:	000e                	c.slli	zero,0x3
 666:	0000                	unimp
 668:	002c                	addi	a1,sp,8
 66a:	0000                	unimp
 66c:	05f8                	addi	a4,sp,716
 66e:	0000                	unimp
 670:	17c4                	addi	s1,sp,996
 672:	8000                	.insn	2, 0x8000
 674:	0000                	unimp
 676:	0000                	unimp
 678:	0018                	.insn	2, 0x0018
 67a:	0000                	unimp
 67c:	0000                	unimp
 67e:	0000                	unimp
 680:	0e42                	slli	t3,t3,0x10
 682:	4420                	lw	s0,72(s0)
 684:	0281                	addi	t0,t0,0
 686:	0488                	addi	a0,sp,576
 688:	0c42                	slli	s8,s8,0x10
 68a:	0008                	.insn	2, 0x0008
 68c:	c14a                	sw	s2,128(sp)
 68e:	c842                	sw	a6,16(sp)
 690:	020c                	addi	a1,sp,256
 692:	4220                	lw	s0,64(a2)
 694:	000e                	c.slli	zero,0x3
 696:	0000                	unimp
 698:	0024                	addi	s1,sp,8
 69a:	0000                	unimp
 69c:	05f8                	addi	a4,sp,716
 69e:	0000                	unimp
 6a0:	17dc                	addi	a5,sp,996
 6a2:	8000                	.insn	2, 0x8000
 6a4:	0000                	unimp
 6a6:	0000                	unimp
 6a8:	0018                	.insn	2, 0x0018
 6aa:	0000                	unimp
 6ac:	0000                	unimp
 6ae:	0000                	unimp
 6b0:	0e42                	slli	t3,t3,0x10
 6b2:	4420                	lw	s0,72(s0)
 6b4:	0281                	addi	t0,t0,0
 6b6:	0488                	addi	a0,sp,576
 6b8:	0c42                	slli	s8,s8,0x10
 6ba:	0008                	.insn	2, 0x0008
 6bc:	0000                	unimp
 6be:	0000                	unimp
 6c0:	002c                	addi	a1,sp,8
 6c2:	0000                	unimp
 6c4:	05f8                	addi	a4,sp,716
 6c6:	0000                	unimp
 6c8:	17f4                	addi	a3,sp,1004
 6ca:	8000                	.insn	2, 0x8000
 6cc:	0000                	unimp
 6ce:	0000                	unimp
 6d0:	0054                	addi	a3,sp,4
 6d2:	0000                	unimp
 6d4:	0000                	unimp
 6d6:	0000                	unimp
 6d8:	0e42                	slli	t3,t3,0x10
 6da:	4440                	lw	s0,12(s0)
 6dc:	0281                	addi	t0,t0,0
 6de:	0488                	addi	a0,sp,576
 6e0:	0c42                	slli	s8,s8,0x10
 6e2:	0008                	.insn	2, 0x0008
 6e4:	4602                	lw	a2,0(sp)
 6e6:	42c1                	li	t0,16
 6e8:	0cc8                	addi	a0,sp,596
 6ea:	4002                	.insn	2, 0x4002
 6ec:	0e42                	slli	t3,t3,0x10
 6ee:	0000                	unimp
 6f0:	002c                	addi	a1,sp,8
 6f2:	0000                	unimp
 6f4:	05f8                	addi	a4,sp,716
 6f6:	0000                	unimp
 6f8:	1848                	addi	a0,sp,52
 6fa:	8000                	.insn	2, 0x8000
 6fc:	0000                	unimp
 6fe:	0000                	unimp
 700:	0062                	c.slli	zero,0x18
 702:	0000                	unimp
 704:	0000                	unimp
 706:	0000                	unimp
 708:	0e42                	slli	t3,t3,0x10
 70a:	4440                	lw	s0,12(s0)
 70c:	0281                	addi	t0,t0,0
 70e:	0488                	addi	a0,sp,576
 710:	0c42                	slli	s8,s8,0x10
 712:	0008                	.insn	2, 0x0008
 714:	5402                	lw	s0,32(sp)
 716:	42c1                	li	t0,16
 718:	0cc8                	addi	a0,sp,596
 71a:	4002                	.insn	2, 0x4002
 71c:	0e42                	slli	t3,t3,0x10
	...
