
/workspace/demoriscv/software/MTHello/build/mt-hello.elf:     file format elf64-littleriscv


Disassembly of section .text:

0000000080000000 <_prog_start>:
    .equ  SCRATCH_TOP,        (PAYLOAD_DEST + SCRATCH_PAGE_SIZE)
    .section .text.init
    .option  norvc
    .globl   _prog_start
_prog_start:
    csrr    s0, mhartid
    80000000:	f1402473          	csrr	s0,mhartid
    beqz    s0, _setup
    80000004:	00040a63          	beqz	s0,80000018 <_setup>
    li      t0, 0x8
    80000008:	00800293          	li	t0,8
    csrw    mie, t0
    8000000c:	30429073          	csrw	mie,t0
    wfi                             // sleep if is not hart 0
    80000010:	10500073          	wfi
    j       _entry
    80000014:	0140006f          	j	80000028 <_entry>

0000000080000018 <_setup>:
_setup:                             // hart 0 setup only
    li      t0, 1
    80000018:	00100293          	li	t0,1
    li      t1, (UART_CTRL_ADDR + UART_REG_TXCTRL)
    8000001c:	64000337          	lui	t1,0x64000
    80000020:	0083031b          	addiw	t1,t1,8 # 64000008 <SCRATCH_PAGE_SIZE+0x54001008>
    sw      t0, 0(t1)
    80000024:	00532023          	sw	t0,0(t1)

0000000080000028 <_entry>:
_entry:
    csrw    mie, zero               // ensure no new interrupt while harts set up their stacks and move to main()
    80000028:	30401073          	csrw	mie,zero
    csrr    a0, mhartid             // a0 is the first function argument of main()
    8000002c:	f1402573          	csrr	a0,mhartid
    addi    a1, a0, 1               // sp = SCRATCH_TOP - (hartid+1)*STACK_SIZE + (STACK_SIZE-16)
    80000030:	00150593          	addi	a1,a0,1
    slli    a1, a1, STACK_SHIFT
    80000034:	00b59593          	slli	a1,a1,0xb
    li      t0, SCRATCH_TOP
    80000038:	000902b7          	lui	t0,0x90
    8000003c:	fff2829b          	addiw	t0,t0,-1 # 8ffff <STACK_SIZE+0x8f7ff>
    80000040:	00c29293          	slli	t0,t0,0xc
    sub     sp, t0, a1
    80000044:	40b28133          	sub	sp,t0,a1
    addi    sp, sp, STACK_SIZE-16   // 16-byte alignment gap
    80000048:	7f010113          	addi	sp,sp,2032
    call    main
    8000004c:	0c2000ef          	jal	8000010e <main>

0000000080000050 <_loopback>:
_loopback:
    li      t0, 0x8
    80000050:	00800293          	li	t0,8
    csrw    mie, t0
    80000054:	30429073          	csrw	mie,t0
    wfi                             // all harts sleep when main() finish
    80000058:	10500073          	wfi
    j       _loopback
    8000005c:	ff5ff06f          	j	80000050 <_loopback>

0000000080000060 <delay>:
#define REG32(p, i)	((p)[(i) >> 2])
#define DELAY_TIME 1000000

static volatile uint32_t *msip = (uint32_t *)(CLINT_CTRL_ADDR);

void delay() {
    80000060:	1101                	addi	sp,sp,-32
    80000062:	ec06                	sd	ra,24(sp)
    80000064:	e822                	sd	s0,16(sp)
    80000066:	1000                	addi	s0,sp,32
	for (int i = 0; i < DELAY_TIME; i = i + 1);
    80000068:	fe042623          	sw	zero,-20(s0)
    8000006c:	a031                	j	80000078 <delay+0x18>
    8000006e:	fec42783          	lw	a5,-20(s0)
    80000072:	2785                	addiw	a5,a5,1
    80000074:	fef42623          	sw	a5,-20(s0)
    80000078:	fec42783          	lw	a5,-20(s0)
    8000007c:	0007871b          	sext.w	a4,a5
    80000080:	000f47b7          	lui	a5,0xf4
    80000084:	23f78793          	addi	a5,a5,575 # f423f <STACK_SIZE+0xf3a3f>
    80000088:	fee7d3e3          	bge	a5,a4,8000006e <delay+0xe>
  for (int i = 0; i < DELAY_TIME; i = i + 1);
    8000008c:	fe042423          	sw	zero,-24(s0)
    80000090:	a031                	j	8000009c <delay+0x3c>
    80000092:	fe842783          	lw	a5,-24(s0)
    80000096:	2785                	addiw	a5,a5,1
    80000098:	fef42423          	sw	a5,-24(s0)
    8000009c:	fe842783          	lw	a5,-24(s0)
    800000a0:	0007871b          	sext.w	a4,a5
    800000a4:	000f47b7          	lui	a5,0xf4
    800000a8:	23f78793          	addi	a5,a5,575 # f423f <STACK_SIZE+0xf3a3f>
    800000ac:	fee7d3e3          	bge	a5,a4,80000092 <delay+0x32>
}
    800000b0:	0001                	nop
    800000b2:	0001                	nop
    800000b4:	60e2                	ld	ra,24(sp)
    800000b6:	6442                	ld	s0,16(sp)
    800000b8:	6105                	addi	sp,sp,32
    800000ba:	8082                	ret

00000000800000bc <get_march>:

const char* get_march(uint32_t march_id) {
    800000bc:	1101                	addi	sp,sp,-32
    800000be:	ec06                	sd	ra,24(sp)
    800000c0:	e822                	sd	s0,16(sp)
    800000c2:	1000                	addi	s0,sp,32
    800000c4:	87aa                	mv	a5,a0
    800000c6:	fef42623          	sw	a5,-20(s0)
  switch(march_id) {
    800000ca:	fec42783          	lw	a5,-20(s0)
    800000ce:	0007871b          	sext.w	a4,a5
    800000d2:	4785                	li	a5,1
    800000d4:	00f70a63          	beq	a4,a5,800000e8 <get_march+0x2c>
    800000d8:	fec42783          	lw	a5,-20(s0)
    800000dc:	0007871b          	sext.w	a4,a5
    800000e0:	4789                	li	a5,2
    800000e2:	00f70863          	beq	a4,a5,800000f2 <get_march+0x36>
    800000e6:	a819                	j	800000fc <get_march+0x40>
    case 1:
      return "rocket";
    800000e8:	00000797          	auipc	a5,0x0
    800000ec:	57878793          	addi	a5,a5,1400 # 80000660 <msip+0x8>
    800000f0:	a811                	j	80000104 <get_march+0x48>
    case 2:
      return "sonicboom";
    800000f2:	00000797          	auipc	a5,0x0
    800000f6:	57678793          	addi	a5,a5,1398 # 80000668 <msip+0x10>
    800000fa:	a029                	j	80000104 <get_march+0x48>
    default:
      return "unknown";
    800000fc:	00000797          	auipc	a5,0x0
    80000100:	57c78793          	addi	a5,a5,1404 # 80000678 <msip+0x20>
  }
}
    80000104:	853e                	mv	a0,a5
    80000106:	60e2                	ld	ra,24(sp)
    80000108:	6442                	ld	s0,16(sp)
    8000010a:	6105                	addi	sp,sp,32
    8000010c:	8082                	ret

000000008000010e <main>:

int main(int hartid, char **arv) {\
    8000010e:	7179                	addi	sp,sp,-48
    80000110:	f406                	sd	ra,40(sp)
    80000112:	f022                	sd	s0,32(sp)
    80000114:	1800                	addi	s0,sp,48
    80000116:	87aa                	mv	a5,a0
    80000118:	fcb43823          	sd	a1,-48(s0)
    8000011c:	fcf42e23          	sw	a5,-36(s0)
  const char* march = get_march(read_csr(marchid));
    80000120:	f12027f3          	csrr	a5,marchid
    80000124:	fef43423          	sd	a5,-24(s0)
    80000128:	fe843783          	ld	a5,-24(s0)
    8000012c:	2781                	sext.w	a5,a5
    8000012e:	853e                	mv	a0,a5
    80000130:	f8dff0ef          	jal	800000bc <get_march>
    80000134:	fea43023          	sd	a0,-32(s0)

  if(hartid == 0) {
    80000138:	fdc42783          	lw	a5,-36(s0)
    8000013c:	2781                	sext.w	a5,a5
    8000013e:	e3a1                	bnez	a5,8000017e <main+0x70>
    kprintf("Hello from core %c, a %s\r\n", hartid + 48, march);
    80000140:	fdc42783          	lw	a5,-36(s0)
    80000144:	0307879b          	addiw	a5,a5,48
    80000148:	2781                	sext.w	a5,a5
    8000014a:	fe043603          	ld	a2,-32(s0)
    8000014e:	85be                	mv	a1,a5
    80000150:	00000517          	auipc	a0,0x0
    80000154:	53050513          	addi	a0,a0,1328 # 80000680 <msip+0x28>
    80000158:	1ca000ef          	jal	80000322 <kprintf>
    delay();
    8000015c:	f05ff0ef          	jal	80000060 <delay>
    REG32(msip, CLINT_MSIP0) = CLINT_MSIPCLR;
    80000160:	00000797          	auipc	a5,0x0
    80000164:	4f878793          	addi	a5,a5,1272 # 80000658 <msip>
    80000168:	639c                	ld	a5,0(a5)
    8000016a:	0007a023          	sw	zero,0(a5)
    REG32(msip, CLINT_MSIP1) = CLINT_MSIPEN;
    8000016e:	00000797          	auipc	a5,0x0
    80000172:	4ea78793          	addi	a5,a5,1258 # 80000658 <msip>
    80000176:	639c                	ld	a5,0(a5)
    80000178:	0791                	addi	a5,a5,4
    8000017a:	4705                	li	a4,1
    8000017c:	c398                	sw	a4,0(a5)
  }
  if(hartid == 1) {
    8000017e:	fdc42783          	lw	a5,-36(s0)
    80000182:	0007871b          	sext.w	a4,a5
    80000186:	4785                	li	a5,1
    80000188:	04f71263          	bne	a4,a5,800001cc <main+0xbe>
    kprintf("Hello from core %c, a %s\r\n", hartid + 48, march);
    8000018c:	fdc42783          	lw	a5,-36(s0)
    80000190:	0307879b          	addiw	a5,a5,48
    80000194:	2781                	sext.w	a5,a5
    80000196:	fe043603          	ld	a2,-32(s0)
    8000019a:	85be                	mv	a1,a5
    8000019c:	00000517          	auipc	a0,0x0
    800001a0:	4e450513          	addi	a0,a0,1252 # 80000680 <msip+0x28>
    800001a4:	17e000ef          	jal	80000322 <kprintf>
    delay();
    800001a8:	eb9ff0ef          	jal	80000060 <delay>
    REG32(msip, CLINT_MSIP1) = CLINT_MSIPCLR;
    800001ac:	00000797          	auipc	a5,0x0
    800001b0:	4ac78793          	addi	a5,a5,1196 # 80000658 <msip>
    800001b4:	639c                	ld	a5,0(a5)
    800001b6:	0791                	addi	a5,a5,4
    800001b8:	0007a023          	sw	zero,0(a5)
    REG32(msip, CLINT_MSIP2) = CLINT_MSIPEN;
    800001bc:	00000797          	auipc	a5,0x0
    800001c0:	49c78793          	addi	a5,a5,1180 # 80000658 <msip>
    800001c4:	639c                	ld	a5,0(a5)
    800001c6:	07a1                	addi	a5,a5,8
    800001c8:	4705                	li	a4,1
    800001ca:	c398                	sw	a4,0(a5)
  }
  if(hartid == 2) {
    800001cc:	fdc42783          	lw	a5,-36(s0)
    800001d0:	0007871b          	sext.w	a4,a5
    800001d4:	4789                	li	a5,2
    800001d6:	04f71263          	bne	a4,a5,8000021a <main+0x10c>
    kprintf("Hello from core %c, a %s\r\n", hartid + 48, march);
    800001da:	fdc42783          	lw	a5,-36(s0)
    800001de:	0307879b          	addiw	a5,a5,48
    800001e2:	2781                	sext.w	a5,a5
    800001e4:	fe043603          	ld	a2,-32(s0)
    800001e8:	85be                	mv	a1,a5
    800001ea:	00000517          	auipc	a0,0x0
    800001ee:	49650513          	addi	a0,a0,1174 # 80000680 <msip+0x28>
    800001f2:	130000ef          	jal	80000322 <kprintf>
    delay();
    800001f6:	e6bff0ef          	jal	80000060 <delay>
    REG32(msip, CLINT_MSIP2) = CLINT_MSIPCLR;
    800001fa:	00000797          	auipc	a5,0x0
    800001fe:	45e78793          	addi	a5,a5,1118 # 80000658 <msip>
    80000202:	639c                	ld	a5,0(a5)
    80000204:	07a1                	addi	a5,a5,8
    80000206:	0007a023          	sw	zero,0(a5)
    REG32(msip, CLINT_MSIP3) = CLINT_MSIPEN;
    8000020a:	00000797          	auipc	a5,0x0
    8000020e:	44e78793          	addi	a5,a5,1102 # 80000658 <msip>
    80000212:	639c                	ld	a5,0(a5)
    80000214:	07b1                	addi	a5,a5,12
    80000216:	4705                	li	a4,1
    80000218:	c398                	sw	a4,0(a5)
  }
  if(hartid == 3) {
    8000021a:	fdc42783          	lw	a5,-36(s0)
    8000021e:	0007871b          	sext.w	a4,a5
    80000222:	478d                	li	a5,3
    80000224:	04f71163          	bne	a4,a5,80000266 <main+0x158>
    kprintf("Hello from core %c, a %s\r\n", hartid + 48, march);
    80000228:	fdc42783          	lw	a5,-36(s0)
    8000022c:	0307879b          	addiw	a5,a5,48
    80000230:	2781                	sext.w	a5,a5
    80000232:	fe043603          	ld	a2,-32(s0)
    80000236:	85be                	mv	a1,a5
    80000238:	00000517          	auipc	a0,0x0
    8000023c:	44850513          	addi	a0,a0,1096 # 80000680 <msip+0x28>
    80000240:	0e2000ef          	jal	80000322 <kprintf>
    delay();
    80000244:	e1dff0ef          	jal	80000060 <delay>
    REG32(msip, CLINT_MSIP3) = CLINT_MSIPCLR;
    80000248:	00000797          	auipc	a5,0x0
    8000024c:	41078793          	addi	a5,a5,1040 # 80000658 <msip>
    80000250:	639c                	ld	a5,0(a5)
    80000252:	07b1                	addi	a5,a5,12
    80000254:	0007a023          	sw	zero,0(a5)
    REG32(msip, CLINT_MSIP0) = CLINT_MSIPEN;
    80000258:	00000797          	auipc	a5,0x0
    8000025c:	40078793          	addi	a5,a5,1024 # 80000658 <msip>
    80000260:	639c                	ld	a5,0(a5)
    80000262:	4705                	li	a4,1
    80000264:	c398                	sw	a4,0(a5)
  }

  return 0;
    80000266:	4781                	li	a5,0
}
    80000268:	853e                	mv	a0,a5
    8000026a:	70a2                	ld	ra,40(sp)
    8000026c:	7402                	ld	s0,32(sp)
    8000026e:	6145                	addi	sp,sp,48
    80000270:	8082                	ret

0000000080000272 <kputc>:
  #define UART_CTRL_ADDR _UART_CTRL_ADDR(UART_NUM)
#endif
static volatile uint32_t * const uart = (void *)(UART_CTRL_ADDR);

static inline void kputc(char c)
{
    80000272:	7179                	addi	sp,sp,-48
    80000274:	f406                	sd	ra,40(sp)
    80000276:	f022                	sd	s0,32(sp)
    80000278:	1800                	addi	s0,sp,48
    8000027a:	87aa                	mv	a5,a0
    8000027c:	fcf40fa3          	sb	a5,-33(s0)
	volatile uint32_t *tx = &REG32(uart, UART_REG_TXFIFO);
    80000280:	640007b7          	lui	a5,0x64000
    80000284:	fef43423          	sd	a5,-24(s0)
#ifdef __riscv_atomic
	int32_t r;
	do {
		__asm__ __volatile__ (
    80000288:	fe843703          	ld	a4,-24(s0)
    8000028c:	fdf44783          	lbu	a5,-33(s0)
    80000290:	86be                	mv	a3,a5
    80000292:	fe843783          	ld	a5,-24(s0)
    80000296:	40d727af          	amoor.w	a5,a3,(a4)
    8000029a:	fef42223          	sw	a5,-28(s0)
			"amoor.w %0, %2, %1\n"
			: "=r" (r), "+A" (*tx)
			: "r" (c));
	} while (r < 0);
    8000029e:	fe442783          	lw	a5,-28(s0)
    800002a2:	2781                	sext.w	a5,a5
    800002a4:	fe07c2e3          	bltz	a5,80000288 <kputc+0x16>
#else
	while ((int32_t)(*tx) < 0);
	*tx = c;
#endif
}
    800002a8:	0001                	nop
    800002aa:	0001                	nop
    800002ac:	70a2                	ld	ra,40(sp)
    800002ae:	7402                	ld	s0,32(sp)
    800002b0:	6145                	addi	sp,sp,48
    800002b2:	8082                	ret

00000000800002b4 <_kputs>:
#include <stdbool.h>

#include "kprintf.h"

static inline void _kputs(const char *s)
{
    800002b4:	7179                	addi	sp,sp,-48
    800002b6:	f406                	sd	ra,40(sp)
    800002b8:	f022                	sd	s0,32(sp)
    800002ba:	1800                	addi	s0,sp,48
    800002bc:	fca43c23          	sd	a0,-40(s0)
	char c;
	for (; (c = *s) != '\0'; s++)
    800002c0:	a819                	j	800002d6 <_kputs+0x22>
		kputc(c);
    800002c2:	fef44783          	lbu	a5,-17(s0)
    800002c6:	853e                	mv	a0,a5
    800002c8:	fabff0ef          	jal	80000272 <kputc>
	for (; (c = *s) != '\0'; s++)
    800002cc:	fd843783          	ld	a5,-40(s0)
    800002d0:	0785                	addi	a5,a5,1 # 64000001 <SCRATCH_PAGE_SIZE+0x54001001>
    800002d2:	fcf43c23          	sd	a5,-40(s0)
    800002d6:	fd843783          	ld	a5,-40(s0)
    800002da:	0007c783          	lbu	a5,0(a5)
    800002de:	fef407a3          	sb	a5,-17(s0)
    800002e2:	fef44783          	lbu	a5,-17(s0)
    800002e6:	0ff7f793          	zext.b	a5,a5
    800002ea:	ffe1                	bnez	a5,800002c2 <_kputs+0xe>
}
    800002ec:	0001                	nop
    800002ee:	0001                	nop
    800002f0:	70a2                	ld	ra,40(sp)
    800002f2:	7402                	ld	s0,32(sp)
    800002f4:	6145                	addi	sp,sp,48
    800002f6:	8082                	ret

00000000800002f8 <kputs>:

void kputs(const char *s)
{
    800002f8:	1101                	addi	sp,sp,-32
    800002fa:	ec06                	sd	ra,24(sp)
    800002fc:	e822                	sd	s0,16(sp)
    800002fe:	1000                	addi	s0,sp,32
    80000300:	fea43423          	sd	a0,-24(s0)
	_kputs(s);
    80000304:	fe843503          	ld	a0,-24(s0)
    80000308:	fadff0ef          	jal	800002b4 <_kputs>
	kputc('\r');
    8000030c:	4535                	li	a0,13
    8000030e:	f65ff0ef          	jal	80000272 <kputc>
	kputc('\n');
    80000312:	4529                	li	a0,10
    80000314:	f5fff0ef          	jal	80000272 <kputc>
}
    80000318:	0001                	nop
    8000031a:	60e2                	ld	ra,24(sp)
    8000031c:	6442                	ld	s0,16(sp)
    8000031e:	6105                	addi	sp,sp,32
    80000320:	8082                	ret

0000000080000322 <kprintf>:

void kprintf(const char *fmt, ...)
{
    80000322:	7151                	addi	sp,sp,-240
    80000324:	f506                	sd	ra,168(sp)
    80000326:	f122                	sd	s0,160(sp)
    80000328:	1900                	addi	s0,sp,176
    8000032a:	f4a43c23          	sd	a0,-168(s0)
    8000032e:	e40c                	sd	a1,8(s0)
    80000330:	e810                	sd	a2,16(s0)
    80000332:	ec14                	sd	a3,24(s0)
    80000334:	f018                	sd	a4,32(s0)
    80000336:	f41c                	sd	a5,40(s0)
    80000338:	03043823          	sd	a6,48(s0)
    8000033c:	03143c23          	sd	a7,56(s0)
		va_list vl;
	bool is_format, is_long, is_char;
	char c;

	va_start(vl, fmt);
    80000340:	04040793          	addi	a5,s0,64
    80000344:	f4f43823          	sd	a5,-176(s0)
    80000348:	f5043783          	ld	a5,-176(s0)
    8000034c:	fc878793          	addi	a5,a5,-56
    80000350:	faf43423          	sd	a5,-88(s0)
	is_format = false;
    80000354:	fe0407a3          	sb	zero,-17(s0)
	is_long = false;
    80000358:	fe040723          	sb	zero,-18(s0)
	is_char = false;
    8000035c:	fe0406a3          	sb	zero,-19(s0)
	while ((c = *fmt++) != '\0') {
    80000360:	acad                	j	800005da <kprintf+0x2b8>
		if (is_format) {
    80000362:	fef44783          	lbu	a5,-17(s0)
    80000366:	0ff7f793          	zext.b	a5,a5
    8000036a:	24078763          	beqz	a5,800005b8 <kprintf+0x296>
			switch (c) {
    8000036e:	fbf44783          	lbu	a5,-65(s0)
    80000372:	2781                	sext.w	a5,a5
    80000374:	07800713          	li	a4,120
    80000378:	14e78863          	beq	a5,a4,800004c8 <kprintf+0x1a6>
    8000037c:	07800713          	li	a4,120
    80000380:	22f74563          	blt	a4,a5,800005aa <kprintf+0x288>
    80000384:	07300713          	li	a4,115
    80000388:	1ee78963          	beq	a5,a4,8000057a <kprintf+0x258>
    8000038c:	07300713          	li	a4,115
    80000390:	20f74d63          	blt	a4,a5,800005aa <kprintf+0x288>
    80000394:	06c00713          	li	a4,108
    80000398:	00e78f63          	beq	a5,a4,800003b6 <kprintf+0x94>
    8000039c:	06c00713          	li	a4,108
    800003a0:	20f74563          	blt	a4,a5,800005aa <kprintf+0x288>
    800003a4:	06300713          	li	a4,99
    800003a8:	1ee78463          	beq	a5,a4,80000590 <kprintf+0x26e>
    800003ac:	06800713          	li	a4,104
    800003b0:	10e78863          	beq	a5,a4,800004c0 <kprintf+0x19e>
    800003b4:	aadd                	j	800005aa <kprintf+0x288>
			case 'l':
				unsigned long n;
				n = va_arg(vl, unsigned long);
    800003b6:	fa843783          	ld	a5,-88(s0)
    800003ba:	00878713          	addi	a4,a5,8
    800003be:	fae43423          	sd	a4,-88(s0)
    800003c2:	639c                	ld	a5,0(a5)
    800003c4:	fef43023          	sd	a5,-32(s0)
				char c[64];
				for (int i = 0; i < 64; i ++) c[i] = 0;
    800003c8:	fc042e23          	sw	zero,-36(s0)
    800003cc:	a821                	j	800003e4 <kprintf+0xc2>
    800003ce:	fdc42783          	lw	a5,-36(s0)
    800003d2:	17c1                	addi	a5,a5,-16
    800003d4:	97a2                	add	a5,a5,s0
    800003d6:	f6078c23          	sb	zero,-136(a5)
    800003da:	fdc42783          	lw	a5,-36(s0)
    800003de:	2785                	addiw	a5,a5,1
    800003e0:	fcf42e23          	sw	a5,-36(s0)
    800003e4:	fdc42783          	lw	a5,-36(s0)
    800003e8:	0007871b          	sext.w	a4,a5
    800003ec:	03f00793          	li	a5,63
    800003f0:	fce7dfe3          	bge	a5,a4,800003ce <kprintf+0xac>
				if (n == 0) {
    800003f4:	fe043783          	ld	a5,-32(s0)
    800003f8:	ebc1                	bnez	a5,80000488 <kprintf+0x166>
					kputc ('0');
    800003fa:	03000513          	li	a0,48
    800003fe:	e75ff0ef          	jal	80000272 <kputc>
					break;
    80000402:	a265                	j	800005aa <kprintf+0x288>
				}
				for (;n != 0;) {
					for (int i = 63; i > 0; i--) c[i] = c[i-1];
    80000404:	03f00793          	li	a5,63
    80000408:	fcf42c23          	sw	a5,-40(s0)
    8000040c:	a025                	j	80000434 <kprintf+0x112>
    8000040e:	fd842783          	lw	a5,-40(s0)
    80000412:	37fd                	addiw	a5,a5,-1
    80000414:	2781                	sext.w	a5,a5
    80000416:	17c1                	addi	a5,a5,-16
    80000418:	97a2                	add	a5,a5,s0
    8000041a:	f787c703          	lbu	a4,-136(a5)
    8000041e:	fd842783          	lw	a5,-40(s0)
    80000422:	17c1                	addi	a5,a5,-16
    80000424:	97a2                	add	a5,a5,s0
    80000426:	f6e78c23          	sb	a4,-136(a5)
    8000042a:	fd842783          	lw	a5,-40(s0)
    8000042e:	37fd                	addiw	a5,a5,-1
    80000430:	fcf42c23          	sw	a5,-40(s0)
    80000434:	fd842783          	lw	a5,-40(s0)
    80000438:	2781                	sext.w	a5,a5
    8000043a:	fcf04ae3          	bgtz	a5,8000040e <kprintf+0xec>
					c[0] = '0' + (n%10);
    8000043e:	fe043683          	ld	a3,-32(s0)
    80000442:	00000797          	auipc	a5,0x0
    80000446:	25e78793          	addi	a5,a5,606 # 800006a0 <msip+0x48>
    8000044a:	639c                	ld	a5,0(a5)
    8000044c:	02f6b7b3          	mulhu	a5,a3,a5
    80000450:	0037d713          	srli	a4,a5,0x3
    80000454:	87ba                	mv	a5,a4
    80000456:	078a                	slli	a5,a5,0x2
    80000458:	97ba                	add	a5,a5,a4
    8000045a:	0786                	slli	a5,a5,0x1
    8000045c:	40f68733          	sub	a4,a3,a5
    80000460:	0ff77793          	zext.b	a5,a4
    80000464:	0307879b          	addiw	a5,a5,48
    80000468:	0ff7f793          	zext.b	a5,a5
    8000046c:	f6f40423          	sb	a5,-152(s0)
					n = n / 10;
    80000470:	fe043703          	ld	a4,-32(s0)
    80000474:	00000797          	auipc	a5,0x0
    80000478:	22c78793          	addi	a5,a5,556 # 800006a0 <msip+0x48>
    8000047c:	639c                	ld	a5,0(a5)
    8000047e:	02f737b3          	mulhu	a5,a4,a5
    80000482:	838d                	srli	a5,a5,0x3
    80000484:	fef43023          	sd	a5,-32(s0)
				for (;n != 0;) {
    80000488:	fe043783          	ld	a5,-32(s0)
    8000048c:	ffa5                	bnez	a5,80000404 <kprintf+0xe2>
				}
				for (int i = 0; c[i] != 0; i++) kputc(c[i]);
    8000048e:	fc042a23          	sw	zero,-44(s0)
    80000492:	a839                	j	800004b0 <kprintf+0x18e>
    80000494:	fd442783          	lw	a5,-44(s0)
    80000498:	17c1                	addi	a5,a5,-16
    8000049a:	97a2                	add	a5,a5,s0
    8000049c:	f787c783          	lbu	a5,-136(a5)
    800004a0:	853e                	mv	a0,a5
    800004a2:	dd1ff0ef          	jal	80000272 <kputc>
    800004a6:	fd442783          	lw	a5,-44(s0)
    800004aa:	2785                	addiw	a5,a5,1
    800004ac:	fcf42a23          	sw	a5,-44(s0)
    800004b0:	fd442783          	lw	a5,-44(s0)
    800004b4:	17c1                	addi	a5,a5,-16
    800004b6:	97a2                	add	a5,a5,s0
    800004b8:	f787c783          	lbu	a5,-136(a5)
    800004bc:	ffe1                	bnez	a5,80000494 <kprintf+0x172>
				break;
    800004be:	a0f5                	j	800005aa <kprintf+0x288>
			case 'h':
				is_char = true;
    800004c0:	4785                	li	a5,1
    800004c2:	fef406a3          	sb	a5,-19(s0)
    800004c6:	aa11                	j	800005da <kprintf+0x2b8>
				continue;
			case 'x': {
				unsigned long n;
				long i;
				if (is_long) {
    800004c8:	fee44783          	lbu	a5,-18(s0)
    800004cc:	0ff7f793          	zext.b	a5,a5
    800004d0:	cf99                	beqz	a5,800004ee <kprintf+0x1cc>
					n = va_arg(vl, unsigned long);
    800004d2:	fa843783          	ld	a5,-88(s0)
    800004d6:	00878713          	addi	a4,a5,8
    800004da:	fae43423          	sd	a4,-88(s0)
    800004de:	639c                	ld	a5,0(a5)
    800004e0:	fcf43423          	sd	a5,-56(s0)
					i = (sizeof(unsigned long) << 3) - 4;
    800004e4:	03c00793          	li	a5,60
    800004e8:	fcf43023          	sd	a5,-64(s0)
    800004ec:	a051                	j	80000570 <kprintf+0x24e>
				} else {
					n = va_arg(vl, unsigned int);
    800004ee:	fa843783          	ld	a5,-88(s0)
    800004f2:	00878713          	addi	a4,a5,8
    800004f6:	fae43423          	sd	a4,-88(s0)
    800004fa:	439c                	lw	a5,0(a5)
    800004fc:	1782                	slli	a5,a5,0x20
    800004fe:	9381                	srli	a5,a5,0x20
    80000500:	fcf43423          	sd	a5,-56(s0)
					i = is_char ? 4 : (sizeof(unsigned int) << 3) - 4;
    80000504:	fed44783          	lbu	a5,-19(s0)
    80000508:	0ff7f793          	zext.b	a5,a5
    8000050c:	c789                	beqz	a5,80000516 <kprintf+0x1f4>
    8000050e:	4791                	li	a5,4
    80000510:	fcf43023          	sd	a5,-64(s0)
    80000514:	a8b1                	j	80000570 <kprintf+0x24e>
    80000516:	47f1                	li	a5,28
    80000518:	fcf43023          	sd	a5,-64(s0)
				}
				for (; i >= 0; i -= 4) {
    8000051c:	a891                	j	80000570 <kprintf+0x24e>
					long d;
					d = (n >> i) & 0xF;
    8000051e:	fc043783          	ld	a5,-64(s0)
    80000522:	2781                	sext.w	a5,a5
    80000524:	873e                	mv	a4,a5
    80000526:	fc843783          	ld	a5,-56(s0)
    8000052a:	00e7d7b3          	srl	a5,a5,a4
    8000052e:	8bbd                	andi	a5,a5,15
    80000530:	faf43823          	sd	a5,-80(s0)
					kputc(d < 10 ? '0' + d : 'a' + d - 10);
    80000534:	fb043703          	ld	a4,-80(s0)
    80000538:	47a5                	li	a5,9
    8000053a:	00e7cb63          	blt	a5,a4,80000550 <kprintf+0x22e>
    8000053e:	fb043783          	ld	a5,-80(s0)
    80000542:	0ff7f793          	zext.b	a5,a5
    80000546:	0307879b          	addiw	a5,a5,48
    8000054a:	0ff7f793          	zext.b	a5,a5
    8000054e:	a809                	j	80000560 <kprintf+0x23e>
    80000550:	fb043783          	ld	a5,-80(s0)
    80000554:	0ff7f793          	zext.b	a5,a5
    80000558:	0577879b          	addiw	a5,a5,87
    8000055c:	0ff7f793          	zext.b	a5,a5
    80000560:	853e                	mv	a0,a5
    80000562:	d11ff0ef          	jal	80000272 <kputc>
				for (; i >= 0; i -= 4) {
    80000566:	fc043783          	ld	a5,-64(s0)
    8000056a:	17f1                	addi	a5,a5,-4
    8000056c:	fcf43023          	sd	a5,-64(s0)
    80000570:	fc043783          	ld	a5,-64(s0)
    80000574:	fa07d5e3          	bgez	a5,8000051e <kprintf+0x1fc>
				}
				break;
    80000578:	a80d                	j	800005aa <kprintf+0x288>
			}
			case 's':
				_kputs(va_arg(vl, const char *));
    8000057a:	fa843783          	ld	a5,-88(s0)
    8000057e:	00878713          	addi	a4,a5,8
    80000582:	fae43423          	sd	a4,-88(s0)
    80000586:	639c                	ld	a5,0(a5)
    80000588:	853e                	mv	a0,a5
    8000058a:	d2bff0ef          	jal	800002b4 <_kputs>
				break;
    8000058e:	a831                	j	800005aa <kprintf+0x288>
			case 'c':
				kputc(va_arg(vl, int));
    80000590:	fa843783          	ld	a5,-88(s0)
    80000594:	00878713          	addi	a4,a5,8
    80000598:	fae43423          	sd	a4,-88(s0)
    8000059c:	439c                	lw	a5,0(a5)
    8000059e:	0ff7f793          	zext.b	a5,a5
    800005a2:	853e                	mv	a0,a5
    800005a4:	ccfff0ef          	jal	80000272 <kputc>
				break;
    800005a8:	0001                	nop
			}
			is_format = false;
    800005aa:	fe0407a3          	sb	zero,-17(s0)
			is_long = false;
    800005ae:	fe040723          	sb	zero,-18(s0)
			is_char = false;
    800005b2:	fe0406a3          	sb	zero,-19(s0)
    800005b6:	a015                	j	800005da <kprintf+0x2b8>
		} else if (c == '%') {
    800005b8:	fbf44783          	lbu	a5,-65(s0)
    800005bc:	0ff7f713          	zext.b	a4,a5
    800005c0:	02500793          	li	a5,37
    800005c4:	00f71663          	bne	a4,a5,800005d0 <kprintf+0x2ae>
			is_format = true;
    800005c8:	4785                	li	a5,1
    800005ca:	fef407a3          	sb	a5,-17(s0)
    800005ce:	a031                	j	800005da <kprintf+0x2b8>
		} else {
			kputc(c);
    800005d0:	fbf44783          	lbu	a5,-65(s0)
    800005d4:	853e                	mv	a0,a5
    800005d6:	c9dff0ef          	jal	80000272 <kputc>
	while ((c = *fmt++) != '\0') {
    800005da:	f5843783          	ld	a5,-168(s0)
    800005de:	00178713          	addi	a4,a5,1
    800005e2:	f4e43c23          	sd	a4,-168(s0)
    800005e6:	0007c783          	lbu	a5,0(a5)
    800005ea:	faf40fa3          	sb	a5,-65(s0)
    800005ee:	fbf44783          	lbu	a5,-65(s0)
    800005f2:	0ff7f793          	zext.b	a5,a5
    800005f6:	d60796e3          	bnez	a5,80000362 <kprintf+0x40>
		}
	}
	va_end(vl);
}
    800005fa:	0001                	nop
    800005fc:	0001                	nop
    800005fe:	70aa                	ld	ra,168(sp)
    80000600:	740a                	ld	s0,160(sp)
    80000602:	616d                	addi	sp,sp,240
    80000604:	8082                	ret
	...

Disassembly of section .srodata:

0000000080000648 <uart>:
static volatile uint32_t * const uart = (void *)(UART_CTRL_ADDR);
    80000648:	0000                	unimp
    8000064a:	6400                	ld	s0,8(s0)
    8000064c:	0000                	unimp
	...

0000000080000650 <uart>:
    80000650:	0000                	unimp
    80000652:	6400                	ld	s0,8(s0)
    80000654:	0000                	unimp
	...

Disassembly of section .sdata:

0000000080000658 <msip>:
static volatile uint32_t *msip = (uint32_t *)(CLINT_CTRL_ADDR);
    80000658:	0000                	unimp
    8000065a:	0200                	addi	s0,sp,256
    8000065c:	0000                	unimp
	...

Disassembly of section .rodata:

0000000080000660 <.rodata>:
    80000660:	6f72                	ld	t5,280(sp)
    80000662:	74656b63          	bltu	a0,t1,80000db8 <msip+0x760>
    80000666:	0000                	unimp
    80000668:	696e6f73          	csrrsi	t5,0x696,28
    8000066c:	6f6f6263          	bltu	t5,s6,80000d50 <msip+0x6f8>
    80000670:	006d                	c.nop	27
    80000672:	0000                	unimp
    80000674:	0000                	unimp
    80000676:	0000                	unimp
    80000678:	6e75                	lui	t3,0x1d
    8000067a:	776f6e6b          	.insn	4, 0x776f6e6b
    8000067e:	006e                	c.slli	zero,0x1b
    80000680:	6548                	ld	a0,136(a0)
    80000682:	6c6c                	ld	a1,216(s0)
    80000684:	7266206f          	j	80062daa <msip+0x62752>
    80000688:	63206d6f          	jal	s10,80006cba <msip+0x6662>
    8000068c:	2065726f          	jal	tp,80057892 <msip+0x5723a>
    80000690:	6325                	lui	t1,0x9
    80000692:	202c                	fld	fa1,64(s0)
    80000694:	2061                	.insn	2, 0x2061
    80000696:	7325                	lui	t1,0xfffe9
    80000698:	0a0d                	addi	s4,s4,3
    8000069a:	0000                	unimp
    8000069c:	0000                	unimp
    8000069e:	0000                	unimp
    800006a0:	cccd                	beqz	s1,8000075a <msip+0x102>
    800006a2:	cccc                	sw	a1,28(s1)
    800006a4:	cccc                	sw	a1,28(s1)
    800006a6:	cccc                	sw	a1,28(s1)

Disassembly of section .riscv.attributes:

0000000000000000 <.riscv.attributes>:
   0:	7741                	lui	a4,0xffff0
   2:	0000                	unimp
   4:	7200                	ld	s0,32(a2)
   6:	7369                	lui	t1,0xffffa
   8:	01007663          	bgeu	zero,a6,14 <STACK_SHIFT+0x9>
   c:	006d                	c.nop	27
   e:	0000                	unimp
  10:	1004                	addi	s1,sp,32
  12:	7205                	lui	tp,0xfffe1
  14:	3676                	fld	fa2,376(sp)
  16:	6934                	ld	a3,80(a0)
  18:	7032                	.insn	2, 0x7032
  1a:	5f31                	li	t5,-20
  1c:	326d                	addiw	tp,tp,-5 # fffffffffffe0ffb <SCRATCH_TOP+0xffffffff6ffe1ffb>
  1e:	3070                	fld	fa2,224(s0)
  20:	615f 7032 5f31      	.insn	6, 0x5f317032615f
  26:	3266                	fld	ft4,120(sp)
  28:	3270                	fld	fa2,224(a2)
  2a:	645f 7032 5f32      	.insn	6, 0x5f327032645f
  30:	30703263          	.insn	4, 0x30703263
  34:	7a5f 6369 7273      	.insn	6, 0x727363697a5f
  3a:	7032                	.insn	2, 0x7032
  3c:	5f30                	lw	a2,120(a4)
  3e:	697a                	ld	s2,408(sp)
  40:	6566                	ld	a0,88(sp)
  42:	636e                	ld	t1,216(sp)
  44:	6965                	lui	s2,0x19
  46:	7032                	.insn	2, 0x7032
  48:	5f30                	lw	a2,120(a4)
  4a:	6d7a                	ld	s10,408(sp)
  4c:	756d                	lui	a0,0xffffb
  4e:	316c                	fld	fa1,224(a0)
  50:	3070                	fld	fa2,224(s0)
  52:	7a5f 6161 6f6d      	.insn	6, 0x6f6d61617a5f
  58:	7031                	c.lui	zero,0xfffec
  5a:	5f30                	lw	a2,120(a4)
  5c:	617a                	ld	sp,408(sp)
  5e:	726c                	ld	a1,224(a2)
  60:	70316373          	csrrsi	t1,0x703,2
  64:	5f30                	lw	a2,120(a4)
  66:	637a                	ld	t1,408(sp)
  68:	3161                	addiw	sp,sp,-8
  6a:	3070                	fld	fa2,224(s0)
  6c:	7a5f 6463 7031      	.insn	6, 0x703164637a5f
  72:	0030                	addi	a2,sp,8
  74:	0108                	addi	a0,sp,128
  76:	0b0a                	slli	s6,s6,0x2

Disassembly of section .comment:

0000000000000000 <.comment>:
   0:	3a434347          	fmsub.d	ft6,ft6,ft4,ft7,rmm
   4:	2820                	fld	fs0,80(s0)
   6:	31313567          	.insn	4, 0x31313567
   a:	6335                	lui	t1,0xd
   c:	34346537          	lui	a0,0x34346
  10:	2029                	.insn	2, 0x2029
  12:	3531                	addiw	a0,a0,-20 # 34345fec <SCRATCH_PAGE_SIZE+0x24346fec>
  14:	322e                	fld	ft4,232(sp)
  16:	302e                	fld	ft0,232(sp)
	...

Disassembly of section .debug_line:

0000000000000000 <.debug_line>:
   0:	00be                	slli	ra,ra,0xf
   2:	0000                	unimp
   4:	0005                	c.nop	1
   6:	0008                	.insn	2, 0x0008
   8:	002a                	c.slli	zero,0xa
   a:	0000                	unimp
   c:	0101                	addi	sp,sp,0
   e:	fb01                	bnez	a4,ffffffffffffff1e <SCRATCH_TOP+0xffffffff70000f1e>
  10:	0d0e                	slli	s10,s10,0x3
  12:	0100                	addi	s0,sp,128
  14:	0101                	addi	sp,sp,0
  16:	0001                	nop
  18:	0000                	unimp
  1a:	0001                	nop
  1c:	0100                	addi	s0,sp,128
  1e:	0101                	addi	sp,sp,0
  20:	011f 0000 0000      	.insn	6, 0x011f
  26:	0102                	c.slli	sp,0x0
  28:	021f 020f 0026      	.insn	6, 0x0026020f021f
  2e:	0000                	unimp
  30:	2600                	fld	fs0,8(a2)
  32:	0000                	unimp
  34:	0000                	unimp
  36:	0900                	addi	s0,sp,144
  38:	0002                	c.slli	zero,0x0
  3a:	0000                	unimp
  3c:	0080                	addi	s0,sp,64
  3e:	0000                	unimp
  40:	0300                	addi	s0,sp,384
  42:	010d                	addi	sp,sp,3
  44:	04090103          	lb	sp,64(s2) # 19040 <STACK_SIZE+0x18840>
  48:	0100                	addi	s0,sp,128
  4a:	04090103          	lb	sp,64(s2)
  4e:	0100                	addi	s0,sp,128
  50:	04090103          	lb	sp,64(s2)
  54:	0100                	addi	s0,sp,128
  56:	04090103          	lb	sp,64(s2)
  5a:	0100                	addi	s0,sp,128
  5c:	04090103          	lb	sp,64(s2)
  60:	0100                	addi	s0,sp,128
  62:	04090203          	lb	tp,64(s2)
  66:	0100                	addi	s0,sp,128
  68:	04090103          	lb	sp,64(s2)
  6c:	0100                	addi	s0,sp,128
  6e:	08090103          	lb	sp,128(s2)
  72:	0100                	addi	s0,sp,128
  74:	04090203          	lb	tp,64(s2)
  78:	0100                	addi	s0,sp,128
  7a:	04090103          	lb	sp,64(s2)
  7e:	0100                	addi	s0,sp,128
  80:	04090103          	lb	sp,64(s2)
  84:	0100                	addi	s0,sp,128
  86:	04090103          	lb	sp,64(s2)
  8a:	0100                	addi	s0,sp,128
  8c:	04090103          	lb	sp,64(s2)
  90:	0100                	addi	s0,sp,128
  92:	0c090103          	lb	sp,192(s2)
  96:	0100                	addi	s0,sp,128
  98:	04090103          	lb	sp,64(s2)
  9c:	0100                	addi	s0,sp,128
  9e:	04090103          	lb	sp,64(s2)
  a2:	0100                	addi	s0,sp,128
  a4:	04090203          	lb	tp,64(s2)
  a8:	0100                	addi	s0,sp,128
  aa:	04090103          	lb	sp,64(s2)
  ae:	0100                	addi	s0,sp,128
  b0:	04090103          	lb	sp,64(s2)
  b4:	0100                	addi	s0,sp,128
  b6:	04090103          	lb	sp,64(s2)
  ba:	0100                	addi	s0,sp,128
  bc:	0409                	addi	s0,s0,2
  be:	0000                	unimp
  c0:	0101                	addi	sp,sp,0
  c2:	000001d3          	fadd.s	ft3,ft0,ft0,rne
  c6:	0005                	c.nop	1
  c8:	0008                	.insn	2, 0x0008
  ca:	0041                	c.nop	16
  cc:	0000                	unimp
  ce:	0101                	addi	sp,sp,0
  d0:	fb01                	bnez	a4,ffffffffffffffe0 <SCRATCH_TOP+0xffffffff70000fe0>
  d2:	0d0e                	slli	s10,s10,0x3
  d4:	0100                	addi	s0,sp,128
  d6:	0101                	addi	sp,sp,0
  d8:	0001                	nop
  da:	0000                	unimp
  dc:	0001                	nop
  de:	0100                	addi	s0,sp,128
  e0:	0101                	addi	sp,sp,0
  e2:	031f 0000 0000      	.insn	6, 0x031f
  e8:	0038                	addi	a4,sp,8
  ea:	0000                	unimp
  ec:	00000067          	jr	zero # 0 <STACK_SHIFT-0xb>
  f0:	0102                	c.slli	sp,0x0
  f2:	021f 050f 002d      	.insn	6, 0x002d050f021f
  f8:	0000                	unimp
  fa:	2d00                	fld	fs0,24(a0)
  fc:	0000                	unimp
  fe:	0000                	unimp
 100:	0092                	slli	ra,ra,0x4
 102:	0000                	unimp
 104:	a301                	j	604 <STACK_SHIFT+0x5f9>
 106:	0000                	unimp
 108:	0200                	addi	s0,sp,256
 10a:	00ad                	addi	ra,ra,11
 10c:	0000                	unimp
 10e:	0500                	addi	s0,sp,640
 110:	000e                	c.slli	zero,0x3
 112:	0209                	addi	tp,tp,2 # 2 <STACK_SHIFT-0x9>
 114:	0060                	addi	s0,sp,12
 116:	8000                	.insn	2, 0x8000
 118:	0000                	unimp
 11a:	0000                	unimp
 11c:	05010b03          	lb	s6,80(sp)
 120:	0901030b          	.insn	4, 0x0901030b
 124:	0008                	.insn	2, 0x0008
 126:	0501                	addi	a0,a0,0
 128:	0302                	c.slli	t1,0x0
 12a:	0900                	addi	s0,sp,144
 12c:	0004                	.insn	2, 0x0004
 12e:	0501                	addi	a0,a0,0
 130:	0024                	addi	s1,sp,8
 132:	0402                	c.slli	s0,0x0
 134:	09000303          	lb	t1,144(zero) # 90 <STACK_SHIFT+0x85>
 138:	0002                	c.slli	zero,0x0
 13a:	0501                	addi	a0,a0,0
 13c:	0014                	.insn	2, 0x0014
 13e:	0402                	c.slli	s0,0x0
 140:	0301                	addi	t1,t1,0 # d000 <STACK_SIZE+0xc800>
 142:	0900                	addi	s0,sp,144
 144:	000a                	c.slli	zero,0x2
 146:	0501                	addi	a0,a0,0
 148:	030c                	addi	a1,sp,384
 14a:	0901                	addi	s2,s2,0
 14c:	0014                	.insn	2, 0x0014
 14e:	0501                	addi	a0,a0,0
 150:	09000303          	lb	t1,144(zero) # 90 <STACK_SHIFT+0x85>
 154:	0004                	.insn	2, 0x0004
 156:	0501                	addi	a0,a0,0
 158:	0025                	c.nop	9
 15a:	0402                	c.slli	s0,0x0
 15c:	09000303          	lb	t1,144(zero) # 90 <STACK_SHIFT+0x85>
 160:	0002                	c.slli	zero,0x0
 162:	0501                	addi	a0,a0,0
 164:	0015                	c.nop	5
 166:	0402                	c.slli	s0,0x0
 168:	0301                	addi	t1,t1,0
 16a:	0900                	addi	s0,sp,144
 16c:	000a                	c.slli	zero,0x2
 16e:	0501                	addi	a0,a0,0
 170:	0301                	addi	t1,t1,0
 172:	0901                	addi	s2,s2,0
 174:	0014                	.insn	2, 0x0014
 176:	0501                	addi	a0,a0,0
 178:	032a                	slli	t1,t1,0xa
 17a:	0902                	c.slli	s2,0x0
 17c:	000c                	.insn	2, 0x000c
 17e:	0501                	addi	a0,a0,0
 180:	09010303          	lb	t1,144(sp)
 184:	000e                	c.slli	zero,0x3
 186:	0501                	addi	a0,a0,0
 188:	030e                	slli	t1,t1,0x3
 18a:	0902                	c.slli	s2,0x0
 18c:	001e                	c.slli	zero,0x7
 18e:	0301                	addi	t1,t1,0
 190:	0902                	c.slli	s2,0x0
 192:	000a                	c.slli	zero,0x2
 194:	0301                	addi	t1,t1,0
 196:	0902                	c.slli	s2,0x0
 198:	000a                	c.slli	zero,0x2
 19a:	0501                	addi	a0,a0,0
 19c:	0301                	addi	t1,t1,0
 19e:	0902                	c.slli	s2,0x0
 1a0:	0008                	.insn	2, 0x0008
 1a2:	0501                	addi	a0,a0,0
 1a4:	0322                	slli	t1,t1,0x8
 1a6:	0902                	c.slli	s2,0x0
 1a8:	000a                	c.slli	zero,0x2
 1aa:	0501                	addi	a0,a0,0
 1ac:	0321                	addi	t1,t1,8
 1ae:	0901                	addi	s2,s2,0
 1b0:	0012                	c.slli	zero,0x4
 1b2:	0501                	addi	a0,a0,0
 1b4:	09000317          	auipc	t1,0x9000
 1b8:	000c                	.insn	2, 0x000c
 1ba:	0501                	addi	a0,a0,0
 1bc:	0305                	addi	t1,t1,1 # 90001b5 <STACK_SIZE+0x8fff9b5>
 1be:	0902                	c.slli	s2,0x0
 1c0:	000c                	.insn	2, 0x000c
 1c2:	0301                	addi	t1,t1,0
 1c4:	0901                	addi	s2,s2,0
 1c6:	0008                	.insn	2, 0x0008
 1c8:	0301                	addi	t1,t1,0
 1ca:	0901                	addi	s2,s2,0
 1cc:	001c                	.insn	2, 0x001c
 1ce:	0301                	addi	t1,t1,0
 1d0:	0901                	addi	s2,s2,0
 1d2:	0004                	.insn	2, 0x0004
 1d4:	0501                	addi	a0,a0,0
 1d6:	031e                	slli	t1,t1,0x7
 1d8:	0900                	addi	s0,sp,144
 1da:	000a                	c.slli	zero,0x2
 1dc:	0501                	addi	a0,a0,0
 1de:	0305                	addi	t1,t1,1
 1e0:	0901                	addi	s2,s2,0
 1e2:	0004                	.insn	2, 0x0004
 1e4:	0501                	addi	a0,a0,0
 1e6:	031e                	slli	t1,t1,0x7
 1e8:	0900                	addi	s0,sp,144
 1ea:	000c                	.insn	2, 0x000c
 1ec:	0501                	addi	a0,a0,0
 1ee:	0305                	addi	t1,t1,1
 1f0:	0902                	c.slli	s2,0x0
 1f2:	0004                	.insn	2, 0x0004
 1f4:	0301                	addi	t1,t1,0
 1f6:	0901                	addi	s2,s2,0
 1f8:	000e                	c.slli	zero,0x3
 1fa:	0301                	addi	t1,t1,0
 1fc:	0901                	addi	s2,s2,0
 1fe:	001c                	.insn	2, 0x001c
 200:	0301                	addi	t1,t1,0
 202:	0901                	addi	s2,s2,0
 204:	0004                	.insn	2, 0x0004
 206:	0501                	addi	a0,a0,0
 208:	031e                	slli	t1,t1,0x7
 20a:	0900                	addi	s0,sp,144
 20c:	000c                	.insn	2, 0x000c
 20e:	0501                	addi	a0,a0,0
 210:	0305                	addi	t1,t1,1
 212:	0901                	addi	s2,s2,0
 214:	0004                	.insn	2, 0x0004
 216:	0501                	addi	a0,a0,0
 218:	031e                	slli	t1,t1,0x7
 21a:	0900                	addi	s0,sp,144
 21c:	000c                	.insn	2, 0x000c
 21e:	0501                	addi	a0,a0,0
 220:	0305                	addi	t1,t1,1
 222:	0902                	c.slli	s2,0x0
 224:	0004                	.insn	2, 0x0004
 226:	0301                	addi	t1,t1,0
 228:	0901                	addi	s2,s2,0
 22a:	000e                	c.slli	zero,0x3
 22c:	0301                	addi	t1,t1,0
 22e:	0901                	addi	s2,s2,0
 230:	001c                	.insn	2, 0x001c
 232:	0301                	addi	t1,t1,0
 234:	0901                	addi	s2,s2,0
 236:	0004                	.insn	2, 0x0004
 238:	0501                	addi	a0,a0,0
 23a:	031e                	slli	t1,t1,0x7
 23c:	0900                	addi	s0,sp,144
 23e:	000c                	.insn	2, 0x000c
 240:	0501                	addi	a0,a0,0
 242:	0305                	addi	t1,t1,1
 244:	0901                	addi	s2,s2,0
 246:	0004                	.insn	2, 0x0004
 248:	0501                	addi	a0,a0,0
 24a:	031e                	slli	t1,t1,0x7
 24c:	0900                	addi	s0,sp,144
 24e:	000c                	.insn	2, 0x000c
 250:	0501                	addi	a0,a0,0
 252:	0305                	addi	t1,t1,1
 254:	0902                	c.slli	s2,0x0
 256:	0004                	.insn	2, 0x0004
 258:	0301                	addi	t1,t1,0
 25a:	0901                	addi	s2,s2,0
 25c:	000e                	c.slli	zero,0x3
 25e:	0301                	addi	t1,t1,0
 260:	0901                	addi	s2,s2,0
 262:	001c                	.insn	2, 0x001c
 264:	0301                	addi	t1,t1,0
 266:	0901                	addi	s2,s2,0
 268:	0004                	.insn	2, 0x0004
 26a:	0501                	addi	a0,a0,0
 26c:	031e                	slli	t1,t1,0x7
 26e:	0900                	addi	s0,sp,144
 270:	000c                	.insn	2, 0x000c
 272:	0501                	addi	a0,a0,0
 274:	0305                	addi	t1,t1,1
 276:	0901                	addi	s2,s2,0
 278:	0004                	.insn	2, 0x0004
 27a:	0501                	addi	a0,a0,0
 27c:	031e                	slli	t1,t1,0x7
 27e:	0900                	addi	s0,sp,144
 280:	000a                	c.slli	zero,0x2
 282:	0501                	addi	a0,a0,0
 284:	030a                	slli	t1,t1,0x2
 286:	00040903          	lb	s2,0(s0)
 28a:	0501                	addi	a0,a0,0
 28c:	0301                	addi	t1,t1,0
 28e:	0901                	addi	s2,s2,0
 290:	0002                	c.slli	zero,0x0
 292:	0901                	addi	s2,s2,0
 294:	000a                	c.slli	zero,0x2
 296:	0100                	addi	s0,sp,128
 298:	8401                	c.srai	s0,0x0
 29a:	05000003          	lb	zero,80(zero) # 50 <STACK_SHIFT+0x45>
 29e:	0800                	addi	s0,sp,16
 2a0:	4a00                	lw	s0,16(a2)
 2a2:	0000                	unimp
 2a4:	0100                	addi	s0,sp,128
 2a6:	0101                	addi	sp,sp,0
 2a8:	000d0efb          	.insn	4, 0x000d0efb
 2ac:	0101                	addi	sp,sp,0
 2ae:	0101                	addi	sp,sp,0
 2b0:	0000                	unimp
 2b2:	0100                	addi	s0,sp,128
 2b4:	0000                	unimp
 2b6:	0101                	addi	sp,sp,0
 2b8:	1f01                	addi	t5,t5,-32
 2ba:	0004                	.insn	2, 0x0004
 2bc:	0000                	unimp
 2be:	c100                	sw	s0,0(a0)
 2c0:	0000                	unimp
 2c2:	3800                	fld	fs0,48(s0)
 2c4:	0000                	unimp
 2c6:	6700                	ld	s0,8(a4)
 2c8:	0000                	unimp
 2ca:	0200                	addi	s0,sp,256
 2cc:	1f01                	addi	t5,t5,-32
 2ce:	0f02                	c.slli	t5,0x0
 2d0:	b706                	fsd	ft1,424(sp)
 2d2:	0000                	unimp
 2d4:	0000                	unimp
 2d6:	00ad                	addi	ra,ra,11
 2d8:	0000                	unimp
 2da:	b700                	fsd	fs0,40(a4)
 2dc:	0000                	unimp
 2de:	0000                	unimp
 2e0:	000000f7          	.insn	4, 0x00f7
 2e4:	9201                	srli	a2,a2,0x20
 2e6:	0000                	unimp
 2e8:	0200                	addi	s0,sp,256
 2ea:	000000a3          	sb	zero,1(zero) # 1 <STACK_SHIFT-0xa>
 2ee:	00010503          	lb	a0,0(sp)
 2f2:	0209                	addi	tp,tp,2 # 2 <STACK_SHIFT-0x9>
 2f4:	0272                	slli	tp,tp,0x1c
 2f6:	8000                	.insn	2, 0x8000
 2f8:	0000                	unimp
 2fa:	0000                	unimp
 2fc:	05011503          	lh	a0,80(sp)
 300:	0315                	addi	t1,t1,5
 302:	0901                	addi	s2,s2,0
 304:	000e                	c.slli	zero,0x3
 306:	0501                	addi	a0,a0,0
 308:	09040303          	lb	t1,144(s0)
 30c:	0008                	.insn	2, 0x0008
 30e:	0501                	addi	a0,a0,0
 310:	000d                	c.nop	3
 312:	0402                	c.slli	s0,0x0
 314:	0301                	addi	t1,t1,0
 316:	0904                	addi	s1,sp,144
 318:	0016                	c.slli	zero,0x5
 31a:	0501                	addi	a0,a0,0
 31c:	0301                	addi	t1,t1,0
 31e:	0905                	addi	s2,s2,1
 320:	000a                	c.slli	zero,0x2
 322:	0401                	addi	s0,s0,0
 324:	0302                	c.slli	t1,0x0
 326:	0965                	addi	s2,s2,25
 328:	000c                	.insn	2, 0x000c
 32a:	0501                	addi	a0,a0,0
 32c:	0302                	c.slli	t1,0x0
 32e:	0902                	c.slli	s2,0x0
 330:	000c                	.insn	2, 0x000c
 332:	0501                	addi	a0,a0,0
 334:	09010303          	lb	t1,144(sp)
 338:	0002                	c.slli	zero,0x0
 33a:	0501                	addi	a0,a0,0
 33c:	001c                	.insn	2, 0x001c
 33e:	0402                	c.slli	s0,0x0
 340:	0302                	c.slli	t1,0x0
 342:	097f 000a 0501 000c 	.insn	10, 0x0402000c0501000a097f
 34a:	0402 
 34c:	0301                	addi	t1,t1,0
 34e:	0900                	addi	s0,sp,144
 350:	000a                	c.slli	zero,0x2
 352:	0501                	addi	a0,a0,0
 354:	0012                	c.slli	zero,0x4
 356:	0402                	c.slli	s0,0x0
 358:	0301                	addi	t1,t1,0
 35a:	0900                	addi	s0,sp,144
 35c:	000c                	.insn	2, 0x000c
 35e:	0501                	addi	a0,a0,0
 360:	0301                	addi	t1,t1,0
 362:	0902                	c.slli	s2,0x0
 364:	000a                	c.slli	zero,0x2
 366:	0301                	addi	t1,t1,0
 368:	000c0903          	lb	s2,0(s8)
 36c:	0501                	addi	a0,a0,0
 36e:	0302                	c.slli	t1,0x0
 370:	0901                	addi	s2,s2,0
 372:	000c                	.insn	2, 0x000c
 374:	0301                	addi	t1,t1,0
 376:	0901                	addi	s2,s2,0
 378:	0008                	.insn	2, 0x0008
 37a:	0301                	addi	t1,t1,0
 37c:	0901                	addi	s2,s2,0
 37e:	0006                	c.slli	zero,0x1
 380:	0501                	addi	a0,a0,0
 382:	0301                	addi	t1,t1,0
 384:	0901                	addi	s2,s2,0
 386:	0006                	c.slli	zero,0x1
 388:	0301                	addi	t1,t1,0
 38a:	000a0903          	lb	s2,0(s4)
 38e:	0501                	addi	a0,a0,0
 390:	0302                	c.slli	t1,0x0
 392:	0905                	addi	s2,s2,1
 394:	001e                	c.slli	zero,0x7
 396:	0501                	addi	a0,a0,0
 398:	030c                	addi	a1,sp,384
 39a:	0901                	addi	s2,s2,0
 39c:	0014                	.insn	2, 0x0014
 39e:	0501                	addi	a0,a0,0
 3a0:	030a                	slli	t1,t1,0x2
 3a2:	0901                	addi	s2,s2,0
 3a4:	0004                	.insn	2, 0x0004
 3a6:	0301                	addi	t1,t1,0
 3a8:	0901                	addi	s2,s2,0
 3aa:	0004                	.insn	2, 0x0004
 3ac:	0501                	addi	a0,a0,0
 3ae:	0308                	addi	a0,sp,384
 3b0:	0901                	addi	s2,s2,0
 3b2:	0004                	.insn	2, 0x0004
 3b4:	0501                	addi	a0,a0,0
 3b6:	0306                	slli	t1,t1,0x1
 3b8:	0901                	addi	s2,s2,0
 3ba:	0002                	c.slli	zero,0x0
 3bc:	0501                	addi	a0,a0,0
 3be:	0304                	addi	s1,sp,384
 3c0:	0901                	addi	s2,s2,0
 3c2:	000c                	.insn	2, 0x000c
 3c4:	0501                	addi	a0,a0,0
 3c6:	09030307          	.insn	4, 0x09030307
 3ca:	0048                	addi	a0,sp,4
 3cc:	0501                	addi	a0,a0,0
 3ce:	030e                	slli	t1,t1,0x3
 3d0:	0902                	c.slli	s2,0x0
 3d2:	0012                	c.slli	zero,0x4
 3d4:	0501                	addi	a0,a0,0
 3d6:	0305                	addi	t1,t1,1
 3d8:	0900                	addi	s0,sp,144
 3da:	0004                	.insn	2, 0x0004
 3dc:	0501                	addi	a0,a0,0
 3de:	0028                	addi	a0,sp,8
 3e0:	0402                	c.slli	s0,0x0
 3e2:	09000303          	lb	t1,144(zero) # 90 <STACK_SHIFT+0x85>
 3e6:	0002                	c.slli	zero,0x0
 3e8:	0501                	addi	a0,a0,0
 3ea:	001f 0402 0303      	.insn	6, 0x03030402001f
 3f0:	0900                	addi	s0,sp,144
 3f2:	000c                	.insn	2, 0x000c
 3f4:	0501                	addi	a0,a0,0
 3f6:	04020017          	auipc	zero,0x4020
 3fa:	0301                	addi	t1,t1,0
 3fc:	0900                	addi	s0,sp,144
 3fe:	000a                	c.slli	zero,0x2
 400:	0501                	addi	a0,a0,0
 402:	0308                	addi	a0,sp,384
 404:	0901                	addi	s2,s2,0
 406:	0010                	.insn	2, 0x0010
 408:	0501                	addi	a0,a0,0
 40a:	0306                	slli	t1,t1,0x1
 40c:	0901                	addi	s2,s2,0
 40e:	0006                	c.slli	zero,0x1
 410:	0301                	addi	t1,t1,0
 412:	0901                	addi	s2,s2,0
 414:	0008                	.insn	2, 0x0008
 416:	0501                	addi	a0,a0,0
 418:	0903030f          	.insn	4, 0x0903030f
 41c:	0002                	c.slli	zero,0x0
 41e:	0501                	addi	a0,a0,0
 420:	0306                	slli	t1,t1,0x1
 422:	0900                	addi	s0,sp,144
 424:	0008                	.insn	2, 0x0008
 426:	0501                	addi	a0,a0,0
 428:	002d                	c.nop	11
 42a:	0402                	c.slli	s0,0x0
 42c:	09000303          	lb	t1,144(zero) # 90 <STACK_SHIFT+0x85>
 430:	0002                	c.slli	zero,0x0
 432:	0501                	addi	a0,a0,0
 434:	0402002b          	.insn	4, 0x0402002b
 438:	09000303          	lb	t1,144(zero) # 90 <STACK_SHIFT+0x85>
 43c:	0008                	.insn	2, 0x0008
 43e:	0501                	addi	a0,a0,0
 440:	0028                	addi	a0,sp,8
 442:	0402                	c.slli	s0,0x0
 444:	09000303          	lb	t1,144(zero) # 90 <STACK_SHIFT+0x85>
 448:	0008                	.insn	2, 0x0008
 44a:	0501                	addi	a0,a0,0
 44c:	001f 0402 0303      	.insn	6, 0x03030402001f
 452:	0900                	addi	s0,sp,144
 454:	000c                	.insn	2, 0x000c
 456:	0501                	addi	a0,a0,0
 458:	0019                	c.nop	6
 45a:	0402                	c.slli	s0,0x0
 45c:	0301                	addi	t1,t1,0
 45e:	0900                	addi	s0,sp,144
 460:	000a                	c.slli	zero,0x2
 462:	0501                	addi	a0,a0,0
 464:	0315                	addi	t1,t1,5
 466:	0901                	addi	s2,s2,0
 468:	000a                	c.slli	zero,0x2
 46a:	0501                	addi	a0,a0,0
 46c:	0311                	addi	t1,t1,4
 46e:	0900                	addi	s0,sp,144
 470:	0022                	c.slli	zero,0x8
 472:	0501                	addi	a0,a0,0
 474:	0900030b          	.insn	4, 0x0900030b
 478:	000c                	.insn	2, 0x000c
 47a:	0501                	addi	a0,a0,0
 47c:	0308                	addi	a0,sp,384
 47e:	0901                	addi	s2,s2,0
 480:	0004                	.insn	2, 0x0004
 482:	0501                	addi	a0,a0,0
 484:	030d                	addi	t1,t1,3
 486:	097d                	addi	s2,s2,31
 488:	0018                	.insn	2, 0x0018
 48a:	0501                	addi	a0,a0,0
 48c:	030e                	slli	t1,t1,0x3
 48e:	0905                	addi	s2,s2,1
 490:	0006                	c.slli	zero,0x1
 492:	0501                	addi	a0,a0,0
 494:	0305                	addi	t1,t1,1
 496:	0900                	addi	s0,sp,144
 498:	0004                	.insn	2, 0x0004
 49a:	0501                	addi	a0,a0,0
 49c:	0025                	c.nop	9
 49e:	0402                	c.slli	s0,0x0
 4a0:	0304                	addi	s1,sp,384
 4a2:	0900                	addi	s0,sp,144
 4a4:	0002                	c.slli	zero,0x0
 4a6:	0501                	addi	a0,a0,0
 4a8:	0021                	c.nop	8
 4aa:	0402                	c.slli	s0,0x0
 4ac:	0304                	addi	s1,sp,384
 4ae:	0900                	addi	s0,sp,144
 4b0:	0012                	c.slli	zero,0x4
 4b2:	0501                	addi	a0,a0,0
 4b4:	0016                	c.slli	zero,0x5
 4b6:	0402                	c.slli	s0,0x0
 4b8:	09000303          	lb	t1,144(zero) # 90 <STACK_SHIFT+0x85>
 4bc:	000a                	c.slli	zero,0x2
 4be:	0501                	addi	a0,a0,0
 4c0:	001a                	c.slli	zero,0x6
 4c2:	0402                	c.slli	s0,0x0
 4c4:	09000303          	lb	t1,144(zero) # 90 <STACK_SHIFT+0x85>
 4c8:	000c                	.insn	2, 0x000c
 4ca:	0501                	addi	a0,a0,0
 4cc:	0305                	addi	t1,t1,1
 4ce:	0901                	addi	s2,s2,0
 4d0:	0002                	c.slli	zero,0x0
 4d2:	0501                	addi	a0,a0,0
 4d4:	030d                	addi	t1,t1,3
 4d6:	0902                	c.slli	s2,0x0
 4d8:	0002                	c.slli	zero,0x0
 4da:	0501                	addi	a0,a0,0
 4dc:	0308                	addi	a0,sp,384
 4de:	0905                	addi	s2,s2,1
 4e0:	0008                	.insn	2, 0x0008
 4e2:	0301                	addi	t1,t1,0
 4e4:	0901                	addi	s2,s2,0
 4e6:	000a                	c.slli	zero,0x2
 4e8:	0301                	addi	t1,t1,0
 4ea:	0901                	addi	s2,s2,0
 4ec:	0012                	c.slli	zero,0x4
 4ee:	0501                	addi	a0,a0,0
 4f0:	030a                	slli	t1,t1,0x2
 4f2:	0902                	c.slli	s2,0x0
 4f4:	000a                	c.slli	zero,0x2
 4f6:	0501                	addi	a0,a0,0
 4f8:	0008                	.insn	2, 0x0008
 4fa:	0402                	c.slli	s0,0x0
 4fc:	0301                	addi	t1,t1,0
 4fe:	0900                	addi	s0,sp,144
 500:	000e                	c.slli	zero,0x3
 502:	0501                	addi	a0,a0,0
 504:	0316                	slli	t1,t1,0x5
 506:	0901                	addi	s2,s2,0
 508:	0008                	.insn	2, 0x0008
 50a:	0501                	addi	a0,a0,0
 50c:	0008                	.insn	2, 0x0008
 50e:	0402                	c.slli	s0,0x0
 510:	0301                	addi	t1,t1,0
 512:	0900                	addi	s0,sp,144
 514:	000a                	c.slli	zero,0x2
 516:	0001                	nop
 518:	0402                	c.slli	s0,0x0
 51a:	0602                	c.slli	a2,0x0
 51c:	08090003          	lb	zero,128(s2)
 520:	0100                	addi	s0,sp,128
 522:	0505                	addi	a0,a0,1
 524:	0306                	slli	t1,t1,0x1
 526:	0902                	c.slli	s2,0x0
 528:	0006                	c.slli	zero,0x1
 52a:	0501                	addi	a0,a0,0
 52c:	030d                	addi	t1,t1,3
 52e:	0902                	c.slli	s2,0x0
 530:	0002                	c.slli	zero,0x0
 532:	0501                	addi	a0,a0,0
 534:	0308                	addi	a0,sp,384
 536:	0900                	addi	s0,sp,144
 538:	0010                	.insn	2, 0x0010
 53a:	0501                	addi	a0,a0,0
 53c:	0306                	slli	t1,t1,0x1
 53e:	0901                	addi	s2,s2,0
 540:	0006                	c.slli	zero,0x1
 542:	0501                	addi	a0,a0,0
 544:	0019                	c.nop	6
 546:	0402                	c.slli	s0,0x0
 548:	0301                	addi	t1,t1,0
 54a:	0900                	addi	s0,sp,144
 54c:	000a                	c.slli	zero,0x2
 54e:	0501                	addi	a0,a0,0
 550:	0006                	c.slli	zero,0x1
 552:	0402                	c.slli	s0,0x0
 554:	0301                	addi	t1,t1,0
 556:	0900                	addi	s0,sp,144
 558:	0008                	.insn	2, 0x0008
 55a:	0501                	addi	a0,a0,0
 55c:	04020027          	.insn	4, 0x04020027
 560:	0302                	c.slli	t1,0x0
 562:	0900                	addi	s0,sp,144
 564:	000a                	c.slli	zero,0x2
 566:	0501                	addi	a0,a0,0
 568:	0006                	c.slli	zero,0x1
 56a:	0402                	c.slli	s0,0x0
 56c:	0302                	c.slli	t1,0x0
 56e:	0900                	addi	s0,sp,144
 570:	0008                	.insn	2, 0x0008
 572:	0001                	nop
 574:	0402                	c.slli	s0,0x0
 576:	0604                	addi	s1,sp,768
 578:	08090003          	lb	zero,128(s2)
 57c:	0100                	addi	s0,sp,128
 57e:	1605                	addi	a2,a2,-31
 580:	0306                	slli	t1,t1,0x1
 582:	097d                	addi	s2,s2,31
 584:	0006                	c.slli	zero,0x1
 586:	0501                	addi	a0,a0,0
 588:	000e                	c.slli	zero,0x3
 58a:	0402                	c.slli	s0,0x0
 58c:	0301                	addi	t1,t1,0
 58e:	0900                	addi	s0,sp,144
 590:	000a                	c.slli	zero,0x2
 592:	0501                	addi	a0,a0,0
 594:	0305                	addi	t1,t1,1
 596:	0905                	addi	s2,s2,1
 598:	0008                	.insn	2, 0x0008
 59a:	0301                	addi	t1,t1,0
 59c:	00020903          	lb	s2,0(tp) # 0 <STACK_SHIFT-0xb>
 5a0:	0001                	nop
 5a2:	0402                	c.slli	s0,0x0
 5a4:	0601                	addi	a2,a2,0
 5a6:	0e090003          	lb	zero,224(s2)
 5aa:	0100                	addi	s0,sp,128
 5ac:	0306                	slli	t1,t1,0x1
 5ae:	0901                	addi	s2,s2,0
 5b0:	0006                	c.slli	zero,0x1
 5b2:	0501                	addi	a0,a0,0
 5b4:	0902030b          	.insn	4, 0x0902030b
 5b8:	0002                	c.slli	zero,0x0
 5ba:	0501                	addi	a0,a0,0
 5bc:	0005                	c.nop	1
 5be:	0402                	c.slli	s0,0x0
 5c0:	0301                	addi	t1,t1,0
 5c2:	0900                	addi	s0,sp,144
 5c4:	000e                	c.slli	zero,0x3
 5c6:	0301                	addi	t1,t1,0
 5c8:	0901                	addi	s2,s2,0
 5ca:	000a                	c.slli	zero,0x2
 5cc:	0501                	addi	a0,a0,0
 5ce:	030e                	slli	t1,t1,0x3
 5d0:	0902                	c.slli	s2,0x0
 5d2:	0002                	c.slli	zero,0x0
 5d4:	0501                	addi	a0,a0,0
 5d6:	030c                	addi	a1,sp,384
 5d8:	0901                	addi	s2,s2,0
 5da:	0004                	.insn	2, 0x0004
 5dc:	0301                	addi	t1,t1,0
 5de:	0901                	addi	s2,s2,0
 5e0:	0004                	.insn	2, 0x0004
 5e2:	0501                	addi	a0,a0,0
 5e4:	030d                	addi	t1,t1,3
 5e6:	0901                	addi	s2,s2,0
 5e8:	0006                	c.slli	zero,0x1
 5ea:	0501                	addi	a0,a0,0
 5ec:	030e                	slli	t1,t1,0x3
 5ee:	0901                	addi	s2,s2,0
 5f0:	0010                	.insn	2, 0x0010
 5f2:	0501                	addi	a0,a0,0
 5f4:	0304                	addi	s1,sp,384
 5f6:	0902                	c.slli	s2,0x0
 5f8:	0008                	.insn	2, 0x0008
 5fa:	0501                	addi	a0,a0,0
 5fc:	0312                	slli	t1,t1,0x4
 5fe:	094c                	addi	a1,sp,148
 600:	000a                	c.slli	zero,0x2
 602:	0501                	addi	a0,a0,0
 604:	030c                	addi	a1,sp,384
 606:	0900                	addi	s0,sp,144
 608:	000c                	.insn	2, 0x000c
 60a:	0501                	addi	a0,a0,0
 60c:	0316                	slli	t1,t1,0x5
 60e:	0900                	addi	s0,sp,144
 610:	0008                	.insn	2, 0x0008
 612:	0501                	addi	a0,a0,0
 614:	0301                	addi	t1,t1,0
 616:	0938                	addi	a4,sp,152
 618:	000c                	.insn	2, 0x000c
 61a:	0901                	addi	s2,s2,0
 61c:	000c                	.insn	2, 0x000c
 61e:	0100                	addi	s0,sp,128
 620:	01                	.byte	0x01

Disassembly of section .debug_line_str:

0000000000000000 <.debug_line_str>:
   0:	726f772f          	.insn	4, 0x726f772f
   4:	6170736b          	.insn	4, 0x6170736b
   8:	642f6563          	bltu	t5,sp,652 <STACK_SHIFT+0x647>
   c:	6d65                	lui	s10,0x19
   e:	7369726f          	jal	tp,97744 <STACK_SIZE+0x96f44>
  12:	732f7663          	bgeu	t5,s2,73e <STACK_SHIFT+0x733>
  16:	7774666f          	jal	a2,46f8c <STACK_SIZE+0x4678c>
  1a:	7261                	lui	tp,0xffff8
  1c:	2f65                	addiw	t5,t5,25
  1e:	544d                	li	s0,-13
  20:	6548                	ld	a0,136(a0)
  22:	6c6c                	ld	a1,216(s0)
  24:	7263006f          	j	3074a <STACK_SIZE+0x2ff4a>
  28:	3074                	fld	fa3,224(s0)
  2a:	532e                	lw	t1,232(sp)
  2c:	6d00                	ld	s0,24(a0)
  2e:	2d74                	fld	fa3,216(a0)
  30:	6568                	ld	a0,200(a0)
  32:	6c6c                	ld	a1,216(s0)
  34:	00632e6f          	jal	t3,3203a <STACK_SIZE+0x3183a>
  38:	74706f2f          	.insn	4, 0x74706f2f
  3c:	7369722f          	.insn	4, 0x7369722f
  40:	722f7663          	bgeu	t5,sp,76c <STACK_SHIFT+0x761>
  44:	7369                	lui	t1,0xffffa
  46:	34367663          	bgeu	a2,gp,392 <STACK_SHIFT+0x387>
  4a:	752d                	lui	a0,0xfffeb
  4c:	6b6e                	ld	s6,216(sp)
  4e:	6f6e                	ld	t5,216(sp)
  50:	652d6e77          	.insn	4, 0x652d6e77
  54:	666c                	ld	a1,200(a2)
  56:	636e692f          	.insn	4, 0x636e692f
  5a:	756c                	ld	a1,232(a0)
  5c:	6564                	ld	s1,200(a0)
  5e:	63616d2f          	.insn	4, 0x63616d2f
  62:	6968                	ld	a0,208(a0)
  64:	656e                	ld	a0,216(sp)
  66:	2f00                	fld	fs0,24(a4)
  68:	2f74706f          	j	47b5e <STACK_SIZE+0x4735e>
  6c:	6972                	ld	s2,280(sp)
  6e:	2f766373          	csrrsi	t1,0x2f7,12
  72:	6972                	ld	s2,280(sp)
  74:	36766373          	csrrsi	t1,0x367,12
  78:	2d34                	fld	fa3,88(a0)
  7a:	6e75                	lui	t3,0x1d
  7c:	776f6e6b          	.insn	4, 0x776f6e6b
  80:	2d6e                	fld	fs10,216(sp)
  82:	6c65                	lui	s8,0x19
  84:	2f66                	fld	ft10,88(sp)
  86:	6e69                	lui	t3,0x1a
  88:	64756c63          	bltu	a0,t2,6e0 <STACK_SHIFT+0x6d5>
  8c:	2f65                	addiw	t5,t5,25
  8e:	00737973          	csrrci	s2,0x7,6
  92:	645f 6665 7561      	.insn	6, 0x75616665645f
  98:	746c                	ld	a1,232(s0)
  9a:	745f 7079 7365      	.insn	6, 0x73657079745f
  a0:	682e                	ld	a6,200(sp)
  a2:	5f00                	lw	s0,56(a4)
  a4:	69647473          	csrrci	s0,0x696,8
  a8:	746e                	ld	s0,248(sp)
  aa:	682e                	ld	a6,200(sp)
  ac:	6b00                	ld	s0,16(a4)
  ae:	7270                	ld	a2,224(a2)
  b0:	6e69                	lui	t3,0x1a
  b2:	6674                	ld	a3,200(a2)
  b4:	682e                	ld	a6,200(sp)
  b6:	6b00                	ld	s0,16(a4)
  b8:	7270                	ld	a2,224(a2)
  ba:	6e69                	lui	t3,0x1a
  bc:	6674                	ld	a3,200(a2)
  be:	632e                	ld	t1,200(sp)
  c0:	2f00                	fld	fs0,24(a4)
  c2:	2f74706f          	j	47bb8 <STACK_SIZE+0x473b8>
  c6:	6972                	ld	s2,280(sp)
  c8:	2f766373          	csrrsi	t1,0x2f7,12
  cc:	696c                	ld	a1,208(a0)
  ce:	2f62                	fld	ft10,24(sp)
  d0:	2f636367          	.insn	4, 0x2f636367
  d4:	6972                	ld	s2,280(sp)
  d6:	36766373          	csrrsi	t1,0x367,12
  da:	2d34                	fld	fa3,88(a0)
  dc:	6e75                	lui	t3,0x1d
  de:	776f6e6b          	.insn	4, 0x776f6e6b
  e2:	2d6e                	fld	fs10,216(sp)
  e4:	6c65                	lui	s8,0x19
  e6:	2f66                	fld	ft10,88(sp)
  e8:	3531                	addiw	a0,a0,-20 # fffffffffffeafec <SCRATCH_TOP+0xffffffff6ffebfec>
  ea:	322e                	fld	ft4,232(sp)
  ec:	302e                	fld	ft0,232(sp)
  ee:	636e692f          	.insn	4, 0x636e692f
  f2:	756c                	ld	a1,232(a0)
  f4:	6564                	ld	s1,200(a0)
  f6:	7300                	ld	s0,32(a4)
  f8:	6474                	ld	a3,200(s0)
  fa:	7261                	lui	tp,0xffff8
  fc:	00682e67          	.insn	4, 0x00682e67

Disassembly of section .debug_info:

0000000000000000 <.debug_info>:
   0:	0024                	addi	s1,sp,8
   2:	0000                	unimp
   4:	0005                	c.nop	1
   6:	0801                	addi	a6,a6,0
   8:	0000                	unimp
   a:	0000                	unimp
   c:	0001                	nop
   e:	0000                	unimp
  10:	0000                	unimp
  12:	0000                	unimp
  14:	0080                	addi	s0,sp,64
  16:	0000                	unimp
  18:	6400                	ld	s0,8(s0)
  1a:	0000                	unimp
  1c:	0000                	unimp
  1e:	00000007          	.insn	4, 0x0007
  22:	002d                	c.nop	11
  24:	0000                	unimp
  26:	8001                	c.srli	s0,0x0
  28:	01e0                	addi	s0,sp,204
  2a:	0000                	unimp
  2c:	0005                	c.nop	1
  2e:	0801                	addi	a6,a6,0
  30:	0014                	.insn	2, 0x0014
  32:	0000                	unimp
  34:	9609                	srai	a2,a2,0x22
  36:	0000                	unimp
  38:	1d00                	addi	s0,sp,688
  3a:	002d                	c.nop	11
  3c:	0000                	unimp
  3e:	0000                	unimp
  40:	0000                	unimp
  42:	0060                	addi	s0,sp,12
  44:	8000                	.insn	2, 0x8000
  46:	0000                	unimp
  48:	0000                	unimp
  4a:	0212                	slli	tp,tp,0x4
  4c:	0000                	unimp
  4e:	0000                	unimp
  50:	0000                	unimp
  52:	00c2                	slli	ra,ra,0x10
  54:	0000                	unimp
  56:	0101                	addi	sp,sp,0
  58:	5006                	.insn	2, 0x5006
  5a:	0000                	unimp
  5c:	0100                	addi	s0,sp,128
  5e:	0801                	addi	a6,a6,0
  60:	004e                	c.slli	zero,0x13
  62:	0000                	unimp
  64:	0201                	addi	tp,tp,0 # ffffffffffff8000 <SCRATCH_TOP+0xffffffff6fff9000>
  66:	3905                	addiw	s2,s2,-31
  68:	0001                	nop
  6a:	0100                	addi	s0,sp,128
  6c:	0702                	c.slli	a4,0x0
  6e:	006e                	c.slli	zero,0x1b
  70:	0000                	unimp
  72:	040a                	slli	s0,s0,0x2
  74:	6905                	lui	s2,0x1
  76:	746e                	ld	s0,248(sp)
  78:	0400                	addi	s0,sp,512
  7a:	0081                	addi	ra,ra,0
  7c:	0000                	unimp
  7e:	4f02                	lw	t5,0(sp)
  80:	5d19                	li	s10,-26
  82:	0000                	unimp
  84:	0100                	addi	s0,sp,128
  86:	0704                	addi	s1,sp,896
  88:	0061                	c.nop	24
  8a:	0000                	unimp
  8c:	0801                	addi	a6,a6,0
  8e:	4e05                	li	t3,1
  90:	0001                	nop
  92:	0100                	addi	s0,sp,128
  94:	0708                	addi	a0,sp,896
  96:	005c                	addi	a5,sp,4
  98:	0000                	unimp
  9a:	8304                	.insn	2, 0x8304
  9c:	0000                	unimp
  9e:	0300                	addi	s0,sp,384
  a0:	1430                	addi	a2,sp,552
  a2:	0051                	c.nop	20
  a4:	0000                	unimp
  a6:	0000720b          	.insn	4, 0x720b
  aa:	0200                	addi	s0,sp,256
  ac:	0149                	addi	sp,sp,18
  ae:	0000                	unimp
  b0:	1304                	addi	s1,sp,416
  b2:	9e22                	add	t3,t3,s0
  b4:	0000                	unimp
  b6:	0900                	addi	s0,sp,144
  b8:	00064803          	lbu	a6,0(a2)
  bc:	0080                	addi	s0,sp,64
  be:	0000                	unimp
  c0:	0300                	addi	s0,sp,384
  c2:	007e                	c.slli	zero,0x1f
  c4:	0000                	unimp
  c6:	9905                	andi	a0,a0,-31
  c8:	0000                	unimp
  ca:	0200                	addi	s0,sp,256
  cc:	0134                	addi	a3,sp,136
  ce:	0000                	unimp
  d0:	0a01                	addi	s4,s4,0
  d2:	0000991b          	slliw	s2,ra,0x0
  d6:	0900                	addi	s0,sp,144
  d8:	00065803          	lhu	a6,0(a2)
  dc:	0080                	addi	s0,sp,64
  de:	0000                	unimp
  e0:	0c00                	addi	s0,sp,528
  e2:	0039                	c.nop	14
  e4:	0000                	unimp
  e6:	2704                	fld	fs1,8(a4)
  e8:	cc0d                	beqz	s0,122 <STACK_SHIFT+0x117>
  ea:	0000                	unimp
  ec:	0d00                	addi	s0,sp,656
  ee:	00cc                	addi	a1,sp,68
  f0:	0000                	unimp
  f2:	000e                	c.slli	zero,0x3
  f4:	0000d803          	lhu	a6,0(ra)
  f8:	0100                	addi	s0,sp,128
  fa:	0801                	addi	a6,a6,0
  fc:	00000057          	.insn	4, 0x0057
 100:	d105                	beqz	a0,20 <STACK_SHIFT+0x15>
 102:	0000                	unimp
 104:	0f00                	addi	s0,sp,912
 106:	0000012f          	.insn	4, 0x012f
 10a:	1c01                	addi	s8,s8,-32 # 18fe0 <STACK_SIZE+0x187e0>
 10c:	4a05                	li	s4,1
 10e:	0000                	unimp
 110:	0e00                	addi	s0,sp,784
 112:	0001                	nop
 114:	0080                	addi	s0,sp,64
 116:	0000                	unimp
 118:	6400                	ld	s0,8(s0)
 11a:	0001                	nop
 11c:	0000                	unimp
 11e:	0000                	unimp
 120:	0100                	addi	s0,sp,128
 122:	4d9c                	lw	a5,24(a1)
 124:	0001                	nop
 126:	0600                	addi	s0,sp,768
 128:	0041                	c.nop	16
 12a:	0000                	unimp
 12c:	0e1c                	addi	a5,sp,784
 12e:	004a                	c.slli	zero,0x12
 130:	0000                	unimp
 132:	9102                	jalr	sp
 134:	105c                	addi	a5,sp,36
 136:	7261                	lui	tp,0xffff8
 138:	0076                	c.slli	zero,0x1d
 13a:	1c01                	addi	s8,s8,-32
 13c:	4d1d                	li	s10,7
 13e:	0001                	nop
 140:	0200                	addi	s0,sp,256
 142:	5091                	li	ra,-28
 144:	9002                	ebreak
 146:	0000                	unimp
 148:	0100                	addi	s0,sp,128
 14a:	0f1d                	addi	t5,t5,7
 14c:	00cc                	addi	a1,sp,68
 14e:	0000                	unimp
 150:	9102                	jalr	sp
 152:	0760                	addi	s0,sp,908
 154:	0120                	addi	s0,sp,136
 156:	8000                	.insn	2, 0x8000
 158:	0000                	unimp
 15a:	0000                	unimp
 15c:	000c                	.insn	2, 0x000c
 15e:	0000                	unimp
 160:	0000                	unimp
 162:	0000                	unimp
 164:	4302                	lw	t1,0(sp)
 166:	0001                	nop
 168:	0100                	addi	s0,sp,128
 16a:	211d                	addiw	sp,sp,7
 16c:	0000006b          	.insn	4, 0x006b
 170:	9102                	jalr	sp
 172:	0068                	addi	a0,sp,12
 174:	0300                	addi	s0,sp,384
 176:	0152                	slli	sp,sp,0x14
 178:	0000                	unimp
 17a:	0000d103          	lhu	sp,0(ra)
 17e:	1100                	addi	s0,sp,160
 180:	008c                	addi	a1,sp,64
 182:	0000                	unimp
 184:	1101                	addi	sp,sp,-32
 186:	cc0d                	beqz	s0,1c0 <STACK_SHIFT+0x1b5>
 188:	0000                	unimp
 18a:	bc00                	fsd	fs0,56(s0)
 18c:	0000                	unimp
 18e:	0080                	addi	s0,sp,64
 190:	0000                	unimp
 192:	5200                	lw	s0,32(a2)
 194:	0000                	unimp
 196:	0000                	unimp
 198:	0000                	unimp
 19a:	0100                	addi	s0,sp,128
 19c:	889c                	.insn	2, 0x889c
 19e:	0001                	nop
 1a0:	0600                	addi	s0,sp,768
 1a2:	00000157          	.insn	4, 0x0157
 1a6:	2011                	.insn	2, 0x2011
 1a8:	0072                	c.slli	zero,0x1c
 1aa:	0000                	unimp
 1ac:	9102                	jalr	sp
 1ae:	006c                	addi	a1,sp,12
 1b0:	4812                	lw	a6,4(sp)
 1b2:	0000                	unimp
 1b4:	0100                	addi	s0,sp,128
 1b6:	060c                	addi	a1,sp,768
 1b8:	0060                	addi	s0,sp,12
 1ba:	8000                	.insn	2, 0x8000
 1bc:	0000                	unimp
 1be:	0000                	unimp
 1c0:	005c                	addi	a5,sp,4
 1c2:	0000                	unimp
 1c4:	0000                	unimp
 1c6:	0000                	unimp
 1c8:	9c01                	subw	s0,s0,s0
 1ca:	00006813          	ori	a6,zero,0
 1ce:	0080                	addi	s0,sp,64
 1d0:	0000                	unimp
 1d2:	2400                	fld	fs0,8(s0)
 1d4:	0000                	unimp
 1d6:	0000                	unimp
 1d8:	0000                	unimp
 1da:	c400                	sw	s0,8(s0)
 1dc:	0001                	nop
 1de:	0800                	addi	s0,sp,16
 1e0:	0069                	c.nop	26
 1e2:	0b0d                	addi	s6,s6,3
 1e4:	004a                	c.slli	zero,0x12
 1e6:	0000                	unimp
 1e8:	9102                	jalr	sp
 1ea:	006c                	addi	a1,sp,12
 1ec:	00008c07          	.insn	4, 0x8c07
 1f0:	0080                	addi	s0,sp,64
 1f2:	0000                	unimp
 1f4:	2400                	fld	fs0,8(s0)
 1f6:	0000                	unimp
 1f8:	0000                	unimp
 1fa:	0000                	unimp
 1fc:	0800                	addi	s0,sp,16
 1fe:	0069                	c.nop	26
 200:	0c0e                	slli	s8,s8,0x3
 202:	004a                	c.slli	zero,0x12
 204:	0000                	unimp
 206:	9102                	jalr	sp
 208:	0068                	addi	a0,sp,12
 20a:	0000                	unimp
 20c:	00000307          	.insn	4, 0x0307
 210:	0005                	c.nop	1
 212:	0801                	addi	a6,a6,0
 214:	0131                	addi	sp,sp,12
 216:	0000                	unimp
 218:	0000960b          	.insn	4, 0x960b
 21c:	1d00                	addi	s0,sp,688
 21e:	000000b7          	lui	ra,0x0
 222:	0000                	unimp
 224:	0000                	unimp
 226:	0272                	slli	tp,tp,0x1c
 228:	8000                	.insn	2, 0x8000
 22a:	0000                	unimp
 22c:	0000                	unimp
 22e:	0394                	addi	a3,sp,448
 230:	0000                	unimp
 232:	0000                	unimp
 234:	0000                	unimp
 236:	0299                	addi	t0,t0,6
 238:	0000                	unimp
 23a:	00018c03          	lb	s8,0(gp)
 23e:	0300                	addi	s0,sp,384
 240:	1b28                	addi	a0,sp,440
 242:	003a                	c.slli	zero,0xe
 244:	0000                	unimp
 246:	080c                	addi	a1,sp,16
 248:	0168                	addi	a0,sp,140
 24a:	0000                	unimp
 24c:	00019303          	lh	t1,0(gp)
 250:	0300                	addi	s0,sp,384
 252:	002e1867          	.insn	4, 0x002e1867
 256:	0000                	unimp
 258:	0102                	c.slli	sp,0x0
 25a:	5006                	.insn	2, 0x5006
 25c:	0000                	unimp
 25e:	0200                	addi	s0,sp,256
 260:	0801                	addi	a6,a6,0
 262:	004e                	c.slli	zero,0x13
 264:	0000                	unimp
 266:	0202                	c.slli	tp,0x0
 268:	3905                	addiw	s2,s2,-31 # fe1 <STACK_SIZE+0x7e1>
 26a:	0001                	nop
 26c:	0200                	addi	s0,sp,256
 26e:	0702                	c.slli	a4,0x0
 270:	006e                	c.slli	zero,0x1b
 272:	0000                	unimp
 274:	00017a03          	.insn	4, 0x00017a03
 278:	0400                	addi	s0,sp,512
 27a:	184d                	addi	a6,a6,-13
 27c:	0074                	addi	a3,sp,12
 27e:	0000                	unimp
 280:	040d                	addi	s0,s0,3
 282:	6905                	lui	s2,0x1
 284:	746e                	ld	s0,248(sp)
 286:	0300                	addi	s0,sp,384
 288:	0081                	addi	ra,ra,0 # 0 <STACK_SHIFT-0xb>
 28a:	0000                	unimp
 28c:	4f04                	lw	s1,24(a4)
 28e:	8719                	srai	a4,a4,0x6
 290:	0000                	unimp
 292:	0200                	addi	s0,sp,256
 294:	0704                	addi	s1,sp,896
 296:	0061                	c.nop	24
 298:	0000                	unimp
 29a:	0802                	c.slli	a6,0x0
 29c:	4e05                	li	t3,1
 29e:	0001                	nop
 2a0:	0200                	addi	s0,sp,256
 2a2:	0708                	addi	a0,sp,896
 2a4:	005c                	addi	a5,sp,4
 2a6:	0000                	unimp
 2a8:	00017c03          	.insn	4, 0x00017c03
 2ac:	0500                	addi	s0,sp,640
 2ae:	132c                	addi	a1,sp,424
 2b0:	0068                	addi	a0,sp,12
 2b2:	0000                	unimp
 2b4:	00008303          	lb	t1,0(ra)
 2b8:	0500                	addi	s0,sp,640
 2ba:	1430                	addi	a2,sp,552
 2bc:	0000007b          	.insn	4, 0x007b
 2c0:	a80e                	fsd	ft3,16(sp)
 2c2:	0000                	unimp
 2c4:	0400                	addi	s0,sp,512
 2c6:	0149                	addi	sp,sp,18
 2c8:	0000                	unimp
 2ca:	1301                	addi	t1,t1,-32 # ffffffffffff9fe0 <SCRATCH_TOP+0xffffffff6fffafe0>
 2cc:	d422                	sw	s0,40(sp)
 2ce:	0000                	unimp
 2d0:	0900                	addi	s0,sp,144
 2d2:	00065003          	lhu	zero,0(a2)
 2d6:	0080                	addi	s0,sp,64
 2d8:	0000                	unimp
 2da:	0800                	addi	s0,sp,16
 2dc:	00b4                	addi	a3,sp,72
 2de:	0000                	unimp
 2e0:	cf09                	beqz	a4,2fa <STACK_SHIFT+0x2ef>
 2e2:	0000                	unimp
 2e4:	0a00                	addi	s0,sp,272
 2e6:	0039                	c.nop	14
 2e8:	0000                	unimp
 2ea:	2216                	fld	ft4,320(sp)
 2ec:	00800003          	lb	zero,8(zero) # 8 <STACK_SHIFT-0x3>
 2f0:	0000                	unimp
 2f2:	e400                	sd	s0,8(s0)
 2f4:	0002                	c.slli	zero,0x0
 2f6:	0000                	unimp
 2f8:	0000                	unimp
 2fa:	0100                	addi	s0,sp,128
 2fc:	3c9c                	fld	fa5,56(s1)
 2fe:	0002                	c.slli	zero,0x0
 300:	0500                	addi	s0,sp,640
 302:	6d66                	ld	s10,88(sp)
 304:	0074                	addi	a3,sp,12
 306:	1602                	slli	a2,a2,0x20
 308:	3c1a                	fld	fs8,416(sp)
 30a:	0002                	c.slli	zero,0x0
 30c:	0300                	addi	s0,sp,384
 30e:	9891                	andi	s1,s1,-28
 310:	0f7e                	slli	t5,t5,0x1f
 312:	7601                	lui	a2,0xfffe0
 314:	006c                	addi	a1,sp,12
 316:	1802                	slli	a6,a6,0x20
 318:	0000400b          	.insn	4, 0x400b
 31c:	0300                	addi	s0,sp,384
 31e:	e891                	bnez	s1,332 <STACK_SHIFT+0x327>
 320:	047e                	slli	s0,s0,0x1f
 322:	0000019b          	sext.w	gp,zero
 326:	1902                	slli	s2,s2,0x20
 328:	00024d07          	.insn	4, 0x00024d07
 32c:	0300                	addi	s0,sp,384
 32e:	af91                	j	a82 <STACK_SIZE+0x282>
 330:	047f 0184 0000 1902 	.insn	10, 0x4d12190200000184047f
 338:	4d12 
 33a:	0002                	c.slli	zero,0x0
 33c:	0300                	addi	s0,sp,384
 33e:	ae91                	j	692 <STACK_SHIFT+0x687>
 340:	047f 0160 0000 1902 	.insn	10, 0x4d1b190200000160047f
 348:	4d1b 
 34a:	0002                	c.slli	zero,0x0
 34c:	0300                	addi	s0,sp,384
 34e:	ad91                	j	9a2 <STACK_SIZE+0x1a2>
 350:	017f 0063 1a02 4107 	.insn	10, 0x000241071a020063017f
 358:	0002 
 35a:	0300                	addi	s0,sp,384
 35c:	ff91                	bnez	a5,278 <STACK_SHIFT+0x26d>
 35e:	067e                	slli	a2,a2,0x1f
 360:	03b6                	slli	t2,t2,0xd
 362:	8000                	.insn	2, 0x8000
 364:	0000                	unimp
 366:	0000                	unimp
 368:	01f4                	addi	a3,sp,204
 36a:	0000                	unimp
 36c:	0000                	unimp
 36e:	0000                	unimp
 370:	6e01                	.insn	2, 0x6e01
 372:	0200                	addi	s0,sp,256
 374:	1324                	addi	s1,sp,424
 376:	0095                	addi	ra,ra,5
 378:	0000                	unimp
 37a:	7fa09103          	lh	sp,2042(ra)
 37e:	6301                	.insn	2, 0x6301
 380:	0200                	addi	s0,sp,256
 382:	0a26                	slli	s4,s4,0x9
 384:	0254                	addi	a3,sp,260
 386:	0000                	unimp
 388:	7ea89103          	lh	sp,2026(a7)
 38c:	0003c807          	.insn	4, 0x0003c807
 390:	0080                	addi	s0,sp,64
 392:	0000                	unimp
 394:	2c00                	fld	fs0,24(s0)
 396:	0000                	unimp
 398:	0000                	unimp
 39a:	0000                	unimp
 39c:	a400                	fsd	fs0,8(s0)
 39e:	0001                	nop
 3a0:	0100                	addi	s0,sp,128
 3a2:	0069                	c.nop	26
 3a4:	2702                	fld	fa4,0(sp)
 3a6:	740e                	ld	s0,224(sp)
 3a8:	0000                	unimp
 3aa:	0300                	addi	s0,sp,384
 3ac:	9c91                	subw	s1,s1,a2
 3ae:	007f 0407 0004 0080 	.insn	10, 0x008000040407007f
 3b6:	0000 
 3b8:	3a00                	fld	fs0,48(a2)
 3ba:	0000                	unimp
 3bc:	0000                	unimp
 3be:	0000                	unimp
 3c0:	c800                	sw	s0,16(s0)
 3c2:	0001                	nop
 3c4:	0100                	addi	s0,sp,128
 3c6:	0069                	c.nop	26
 3c8:	2d02                	fld	fs10,0(sp)
 3ca:	0000740f          	.insn	4, 0x740f
 3ce:	0300                	addi	s0,sp,384
 3d0:	9891                	andi	s1,s1,-28
 3d2:	007f 8e07 0004 0080 	.insn	10, 0x008000048e07007f
 3da:	0000 
 3dc:	3000                	fld	fs0,32(s0)
 3de:	0000                	unimp
 3e0:	0000                	unimp
 3e2:	0000                	unimp
 3e4:	ec00                	sd	s0,24(s0)
 3e6:	0001                	nop
 3e8:	0100                	addi	s0,sp,128
 3ea:	0069                	c.nop	26
 3ec:	3102                	fld	ft2,32(sp)
 3ee:	740e                	ld	s0,224(sp)
 3f0:	0000                	unimp
 3f2:	0300                	addi	s0,sp,384
 3f4:	9491                	srai	s1,s1,0x24
 3f6:	007f c806 0004 0080 	.insn	10, 0x00800004c806007f
 3fe:	0000 
 400:	b200                	fsd	fs0,32(a2)
 402:	0000                	unimp
 404:	0000                	unimp
 406:	0000                	unimp
 408:	0100                	addi	s0,sp,128
 40a:	006e                	c.slli	zero,0x1b
 40c:	3702                	fld	fa4,32(sp)
 40e:	00009513          	slli	a0,ra,0x0
 412:	0300                	addi	s0,sp,384
 414:	8891                	andi	s1,s1,4
 416:	017f 0069 3802 8e0a 	.insn	10, 0x8e0a38020069017f
 41e:	0000 
 420:	0300                	addi	s0,sp,384
 422:	8091                	srli	s1,s1,0x4
 424:	067f 051e 8000 0000 	.insn	10, 0x8000051e067f
 42c:	0000 
 42e:	0048                	addi	a0,sp,4
 430:	0000                	unimp
 432:	0000                	unimp
 434:	0000                	unimp
 436:	6401                	.insn	2, 0x6401
 438:	0200                	addi	s0,sp,256
 43a:	0b41                	addi	s6,s6,16
 43c:	008e                	slli	ra,ra,0x3
 43e:	0000                	unimp
 440:	7ef09103          	lh	sp,2031(ra)
 444:	0000                	unimp
 446:	0000                	unimp
 448:	4808                	lw	a0,16(s0)
 44a:	0002                	c.slli	zero,0x0
 44c:	0200                	addi	s0,sp,256
 44e:	0801                	addi	a6,a6,0
 450:	00000057          	.insn	4, 0x0057
 454:	4109                	li	sp,2
 456:	0002                	c.slli	zero,0x0
 458:	0200                	addi	s0,sp,256
 45a:	0201                	addi	tp,tp,0 # ffffffffffff8000 <SCRATCH_TOP+0xffffffff6fff9000>
 45c:	01b2                	slli	gp,gp,0xc
 45e:	0000                	unimp
 460:	4110                	lw	a2,0(a0)
 462:	0002                	c.slli	zero,0x0
 464:	6400                	ld	s0,8(s0)
 466:	0002                	c.slli	zero,0x0
 468:	1100                	addi	s0,sp,160
 46a:	0095                	addi	ra,ra,5
 46c:	0000                	unimp
 46e:	a60a003f 0f000001 	.insn	8, 0x0f000001a60a003f
 476:	02f8                	addi	a4,sp,332
 478:	8000                	.insn	2, 0x8000
 47a:	0000                	unimp
 47c:	0000                	unimp
 47e:	002a                	c.slli	zero,0xa
 480:	0000                	unimp
 482:	0000                	unimp
 484:	0000                	unimp
 486:	9c01                	subw	s0,s0,s0
 488:	028e                	slli	t0,t0,0x3
 48a:	0000                	unimp
 48c:	7305                	lui	t1,0xfffe1
 48e:	0200                	addi	s0,sp,256
 490:	023c180f          	.insn	4, 0x023c180f
 494:	0000                	unimp
 496:	9102                	jalr	sp
 498:	0068                	addi	a0,sp,12
 49a:	a512                	fsd	ft4,136(sp)
 49c:	0001                	nop
 49e:	0200                	addi	s0,sp,256
 4a0:	1408                	addi	a0,sp,544
 4a2:	02b4                	addi	a3,sp,328
 4a4:	8000                	.insn	2, 0x8000
 4a6:	0000                	unimp
 4a8:	0000                	unimp
 4aa:	0044                	addi	s1,sp,4
 4ac:	0000                	unimp
 4ae:	0000                	unimp
 4b0:	0000                	unimp
 4b2:	9c01                	subw	s0,s0,s0
 4b4:	000002c7          	fmsub.s	ft5,ft0,ft0,ft0,rne
 4b8:	7305                	lui	t1,0xfffe1
 4ba:	0200                	addi	s0,sp,256
 4bc:	2708                	fld	fa0,8(a4)
 4be:	023c                	addi	a5,sp,264
 4c0:	0000                	unimp
 4c2:	9102                	jalr	sp
 4c4:	0158                	addi	a4,sp,132
 4c6:	0a020063          	beqz	tp,566 <STACK_SHIFT+0x55b>
 4ca:	00024107          	.insn	4, 0x00024107
 4ce:	0200                	addi	s0,sp,256
 4d0:	6f91                	lui	t6,0x4
 4d2:	1300                	addi	s0,sp,416
 4d4:	01ac                	addi	a1,sp,200
 4d6:	0000                	unimp
 4d8:	1501                	addi	a0,a0,-32
 4da:	7214                	ld	a3,32(a2)
 4dc:	0002                	c.slli	zero,0x0
 4de:	0080                	addi	s0,sp,64
 4e0:	0000                	unimp
 4e2:	4200                	lw	s0,0(a2)
 4e4:	0000                	unimp
 4e6:	0000                	unimp
 4e8:	0000                	unimp
 4ea:	0100                	addi	s0,sp,128
 4ec:	059c                	addi	a5,sp,704
 4ee:	15010063          	beq	sp,a6,62e <STACK_SHIFT+0x623>
 4f2:	411f 0002 0200      	.insn	6, 0x02000002411f
 4f8:	5f91                	li	t6,-28
 4fa:	7401                	lui	s0,0xfffe0
 4fc:	0078                	addi	a4,sp,12
 4fe:	1701                	addi	a4,a4,-32 # fffffffffffeffe0 <SCRATCH_TOP+0xffffffff6fff0fe0>
 500:	cf15                	beqz	a4,53c <STACK_SHIFT+0x531>
 502:	0000                	unimp
 504:	0200                	addi	s0,sp,256
 506:	6891                	lui	a7,0x4
 508:	7201                	lui	tp,0xfffe0
 50a:	0100                	addi	s0,sp,128
 50c:	0a19                	addi	s4,s4,6
 50e:	009c                	addi	a5,sp,64
 510:	0000                	unimp
 512:	9102                	jalr	sp
 514:	0064                	addi	s1,sp,12
	...

Disassembly of section .debug_abbrev:

0000000000000000 <.debug_abbrev>:
   0:	1101                	addi	sp,sp,-32
   2:	1000                	addi	s0,sp,32
   4:	12011117          	auipc	sp,0x12011
   8:	1b0e030f          	.insn	4, 0x1b0e030f
   c:	250e                	fld	fa0,192(sp)
   e:	130e                	slli	t1,t1,0x23
  10:	0005                	c.nop	1
  12:	0000                	unimp
  14:	2401                	sext.w	s0,s0
  16:	0b00                	addi	s0,sp,400
  18:	030b3e0b          	.insn	4, 0x030b3e0b
  1c:	000e                	c.slli	zero,0x3
  1e:	0200                	addi	s0,sp,256
  20:	0034                	addi	a3,sp,8
  22:	0b3a0e03          	lb	t3,179(s4)
  26:	0b390b3b          	.insn	4, 0x0b390b3b
  2a:	1349                	addi	t1,t1,-14 # fffffffffffe0ff2 <SCRATCH_TOP+0xffffffff6ffe1ff2>
  2c:	1802                	slli	a6,a6,0x20
  2e:	0000                	unimp
  30:	0b000f03          	lb	t5,176(zero) # b0 <STACK_SHIFT+0xa5>
  34:	0821                	addi	a6,a6,8
  36:	1349                	addi	t1,t1,-14
  38:	0000                	unimp
  3a:	1604                	addi	s1,sp,800
  3c:	0300                	addi	s0,sp,384
  3e:	3a0e                	fld	fs4,224(sp)
  40:	390b3b0b          	.insn	4, 0x390b3b0b
  44:	0013490b          	.insn	4, 0x0013490b
  48:	0500                	addi	s0,sp,640
  4a:	0026                	c.slli	zero,0x9
  4c:	1349                	addi	t1,t1,-14
  4e:	0000                	unimp
  50:	0506                	slli	a0,a0,0x1
  52:	0300                	addi	s0,sp,384
  54:	3a0e                	fld	fs4,224(sp)
  56:	0121                	addi	sp,sp,8 # 1201100c <SCRATCH_PAGE_SIZE+0x201200c>
  58:	0b390b3b          	.insn	4, 0x0b390b3b
  5c:	1349                	addi	t1,t1,-14
  5e:	1802                	slli	a6,a6,0x20
  60:	0000                	unimp
  62:	11010b07          	.insn	4, 0x11010b07
  66:	1201                	addi	tp,tp,-32 # fffffffffffdffe0 <SCRATCH_TOP+0xffffffff6ffe0fe0>
  68:	08000007          	.insn	4, 0x08000007
  6c:	0034                	addi	a3,sp,8
  6e:	213a0803          	lb	a6,531(s4)
  72:	3b01                	addiw	s6,s6,-32
  74:	490b390b          	.insn	4, 0x490b390b
  78:	00180213          	addi	tp,a6,1
  7c:	0900                	addi	s0,sp,144
  7e:	0111                	addi	sp,sp,4
  80:	0e25                	addi	t3,t3,9 # 1d009 <STACK_SIZE+0x1c809>
  82:	1f030b13          	addi	s6,t1,496
  86:	01111f1b          	slliw	t5,sp,0x11
  8a:	0712                	slli	a4,a4,0x4
  8c:	1710                	addi	a2,sp,928
  8e:	0000                	unimp
  90:	240a                	fld	fs0,128(sp)
  92:	0b00                	addi	s0,sp,400
  94:	030b3e0b          	.insn	4, 0x030b3e0b
  98:	0008                	.insn	2, 0x0008
  9a:	0b00                	addi	s0,sp,400
  9c:	0035                	c.nop	13
  9e:	1349                	addi	t1,t1,-14
  a0:	0000                	unimp
  a2:	2e0c                	fld	fa1,24(a2)
  a4:	3f01                	addiw	t5,t5,-32
  a6:	0319                	addi	t1,t1,6
  a8:	3a0e                	fld	fs4,224(sp)
  aa:	390b3b0b          	.insn	4, 0x390b3b0b
  ae:	3c19270b          	.insn	4, 0x3c19270b
  b2:	0119                	addi	sp,sp,6
  b4:	0d000013          	li	zero,208
  b8:	0005                	c.nop	1
  ba:	1349                	addi	t1,t1,-14
  bc:	0000                	unimp
  be:	180e                	slli	a6,a6,0x23
  c0:	0000                	unimp
  c2:	0f00                	addi	s0,sp,912
  c4:	012e                	slli	sp,sp,0xb
  c6:	0e03193f 0b3b0b3a 	.insn	8, 0x0b3b0b3a0e03193f
  ce:	0b39                	addi	s6,s6,14
  d0:	13491927          	.insn	4, 0x13491927
  d4:	0111                	addi	sp,sp,4
  d6:	0712                	slli	a4,a4,0x4
  d8:	1840                	addi	s0,sp,52
  da:	197c                	addi	a5,sp,188
  dc:	1301                	addi	t1,t1,-32
  de:	0000                	unimp
  e0:	0510                	addi	a2,sp,640
  e2:	0300                	addi	s0,sp,384
  e4:	3a08                	fld	fa0,48(a2)
  e6:	390b3b0b          	.insn	4, 0x390b3b0b
  ea:	0213490b          	.insn	4, 0x0213490b
  ee:	0018                	.insn	2, 0x0018
  f0:	1100                	addi	s0,sp,160
  f2:	012e                	slli	sp,sp,0xb
  f4:	0e03193f 0b3b0b3a 	.insn	8, 0x0b3b0b3a0e03193f
  fc:	0b39                	addi	s6,s6,14
  fe:	13491927          	.insn	4, 0x13491927
 102:	0111                	addi	sp,sp,4
 104:	0712                	slli	a4,a4,0x4
 106:	1840                	addi	s0,sp,52
 108:	197a                	slli	s2,s2,0x3e
 10a:	1301                	addi	t1,t1,-32
 10c:	0000                	unimp
 10e:	2e12                	fld	ft8,256(sp)
 110:	3f01                	addiw	t5,t5,-32
 112:	0319                	addi	t1,t1,6
 114:	3a0e                	fld	fs4,224(sp)
 116:	390b3b0b          	.insn	4, 0x390b3b0b
 11a:	1201110b          	.insn	4, 0x1201110b
 11e:	7a184007          	.insn	4, 0x7a184007
 122:	0019                	c.nop	6
 124:	1300                	addi	s0,sp,416
 126:	0111010b          	.insn	4, 0x0111010b
 12a:	0712                	slli	a4,a4,0x4
 12c:	1301                	addi	t1,t1,-32
 12e:	0000                	unimp
 130:	0100                	addi	s0,sp,128
 132:	0034                	addi	a3,sp,8
 134:	0b3a0803          	lb	a6,179(s4)
 138:	0b390b3b          	.insn	4, 0x0b390b3b
 13c:	1349                	addi	t1,t1,-14
 13e:	1802                	slli	a6,a6,0x20
 140:	0000                	unimp
 142:	2402                	fld	fs0,0(sp)
 144:	0b00                	addi	s0,sp,400
 146:	030b3e0b          	.insn	4, 0x030b3e0b
 14a:	000e                	c.slli	zero,0x3
 14c:	0300                	addi	s0,sp,384
 14e:	0016                	c.slli	zero,0x5
 150:	0b3a0e03          	lb	t3,179(s4)
 154:	0b390b3b          	.insn	4, 0x0b390b3b
 158:	1349                	addi	t1,t1,-14
 15a:	0000                	unimp
 15c:	3404                	fld	fs1,40(s0)
 15e:	0300                	addi	s0,sp,384
 160:	3a0e                	fld	fs4,224(sp)
 162:	390b3b0b          	.insn	4, 0x390b3b0b
 166:	0213490b          	.insn	4, 0x0213490b
 16a:	0018                	.insn	2, 0x0018
 16c:	0500                	addi	s0,sp,640
 16e:	0005                	c.nop	1
 170:	0b3a0803          	lb	a6,179(s4)
 174:	0b390b3b          	.insn	4, 0x0b390b3b
 178:	1349                	addi	t1,t1,-14
 17a:	1802                	slli	a6,a6,0x20
 17c:	0000                	unimp
 17e:	0b06                	slli	s6,s6,0x1
 180:	1101                	addi	sp,sp,-32
 182:	1201                	addi	tp,tp,-32 # ffffffffffffffe0 <SCRATCH_TOP+0xffffffff70000fe0>
 184:	07000007          	.insn	4, 0x07000007
 188:	0111010b          	.insn	4, 0x0111010b
 18c:	0712                	slli	a4,a4,0x4
 18e:	1301                	addi	t1,t1,-32
 190:	0000                	unimp
 192:	0f08                	addi	a0,sp,912
 194:	0b00                	addi	s0,sp,400
 196:	0821                	addi	a6,a6,8
 198:	1349                	addi	t1,t1,-14
 19a:	0000                	unimp
 19c:	2609                	addiw	a2,a2,2 # fffffffffffe0002 <SCRATCH_TOP+0xffffffff6ffe1002>
 19e:	4900                	lw	s0,16(a0)
 1a0:	0a000013          	li	zero,160
 1a4:	012e                	slli	sp,sp,0xb
 1a6:	0e03193f 3b02213a 	.insn	8, 0x3b02213a0e03193f
 1ae:	0621390b          	.insn	4, 0x0621390b
 1b2:	01111927          	.insn	4, 0x01111927
 1b6:	0712                	slli	a4,a4,0x4
 1b8:	1840                	addi	s0,sp,52
 1ba:	197c                	addi	a5,sp,188
 1bc:	1301                	addi	t1,t1,-32
 1be:	0000                	unimp
 1c0:	2501110b          	.insn	4, 0x2501110b
 1c4:	130e                	slli	t1,t1,0x23
 1c6:	1b1f030b          	.insn	4, 0x1b1f030b
 1ca:	111f 1201 1007      	.insn	6, 0x10071201111f
 1d0:	0c000017          	auipc	zero,0xc000
 1d4:	0b0b000f          	.insn	4, 0x0b0b000f
 1d8:	00000e03          	lb	t3,0(zero) # 0 <STACK_SHIFT-0xb>
 1dc:	240d                	addiw	s0,s0,3 # fffffffffffe0003 <SCRATCH_TOP+0xffffffff6ffe1003>
 1de:	0b00                	addi	s0,sp,400
 1e0:	030b3e0b          	.insn	4, 0x030b3e0b
 1e4:	0008                	.insn	2, 0x0008
 1e6:	0e00                	addi	s0,sp,784
 1e8:	0035                	c.nop	13
 1ea:	1349                	addi	t1,t1,-14
 1ec:	0000                	unimp
 1ee:	0000180f          	.insn	4, 0x180f
 1f2:	1000                	addi	s0,sp,32
 1f4:	0101                	addi	sp,sp,0
 1f6:	1349                	addi	t1,t1,-14
 1f8:	1301                	addi	t1,t1,-32
 1fa:	0000                	unimp
 1fc:	2111                	addiw	sp,sp,4
 1fe:	4900                	lw	s0,16(a0)
 200:	000b2f13          	slti	t5,s6,0
 204:	1200                	addi	s0,sp,288
 206:	012e                	slli	sp,sp,0xb
 208:	0b3a0e03          	lb	t3,179(s4)
 20c:	0b390b3b          	.insn	4, 0x0b390b3b
 210:	01111927          	.insn	4, 0x01111927
 214:	0712                	slli	a4,a4,0x4
 216:	1840                	addi	s0,sp,52
 218:	197c                	addi	a5,sp,188
 21a:	1301                	addi	t1,t1,-32
 21c:	0000                	unimp
 21e:	03012e13          	slti	t3,sp,48
 222:	3a0e                	fld	fs4,224(sp)
 224:	390b3b0b          	.insn	4, 0x390b3b0b
 228:	1119270b          	.insn	4, 0x1119270b
 22c:	1201                	addi	tp,tp,-32 # ffffffffffffffe0 <SCRATCH_TOP+0xffffffff70000fe0>
 22e:	7a184007          	.insn	4, 0x7a184007
 232:	0019                	c.nop	6
	...

Disassembly of section .debug_aranges:

0000000000000000 <.debug_aranges>:
   0:	002c                	addi	a1,sp,8
   2:	0000                	unimp
   4:	0002                	c.slli	zero,0x0
   6:	0000                	unimp
   8:	0000                	unimp
   a:	0008                	.insn	2, 0x0008
   c:	0000                	unimp
   e:	0000                	unimp
  10:	0000                	unimp
  12:	8000                	.insn	2, 0x8000
  14:	0000                	unimp
  16:	0000                	unimp
  18:	0060                	addi	s0,sp,12
	...
  2e:	0000                	unimp
  30:	002c                	addi	a1,sp,8
  32:	0000                	unimp
  34:	0002                	c.slli	zero,0x0
  36:	0028                	addi	a0,sp,8
  38:	0000                	unimp
  3a:	0008                	.insn	2, 0x0008
  3c:	0000                	unimp
  3e:	0000                	unimp
  40:	0060                	addi	s0,sp,12
  42:	8000                	.insn	2, 0x8000
  44:	0000                	unimp
  46:	0000                	unimp
  48:	0212                	slli	tp,tp,0x4
	...
  5e:	0000                	unimp
  60:	002c                	addi	a1,sp,8
  62:	0000                	unimp
  64:	0002                	c.slli	zero,0x0
  66:	020c                	addi	a1,sp,256
  68:	0000                	unimp
  6a:	0008                	.insn	2, 0x0008
  6c:	0000                	unimp
  6e:	0000                	unimp
  70:	0272                	slli	tp,tp,0x1c
  72:	8000                	.insn	2, 0x8000
  74:	0000                	unimp
  76:	0000                	unimp
  78:	0394                	addi	a3,sp,448
	...

Disassembly of section .debug_str:

0000000000000000 <.debug_str>:
   0:	30747263          	bgeu	s0,t2,304 <STACK_SHIFT+0x2f9>
   4:	532e                	lw	t1,232(sp)
   6:	2f00                	fld	fs0,24(a4)
   8:	6b726f77          	.insn	4, 0x6b726f77
   c:	63617073          	csrci	0x636,2
  10:	2f65                	addiw	t5,t5,25
  12:	6564                	ld	s1,200(a0)
  14:	6f6d                	lui	t5,0x1b
  16:	6972                	ld	s2,280(sp)
  18:	2f766373          	csrrsi	t1,0x2f7,12
  1c:	74666f73          	csrrsi	t5,0x746,12
  20:	65726177          	.insn	4, 0x65726177
  24:	48544d2f          	.insn	4, 0x48544d2f
  28:	6c65                	lui	s8,0x19
  2a:	6f6c                	ld	a1,216(a4)
  2c:	4700                	lw	s0,8(a4)
  2e:	554e                	lw	a0,240(sp)
  30:	4120                	lw	s0,64(a0)
  32:	2e322053          	.insn	4, 0x2e322053
  36:	3634                	fld	fa3,104(a2)
  38:	6b00                	ld	s0,16(a4)
  3a:	7270                	ld	a2,224(a2)
  3c:	6e69                	lui	t3,0x1a
  3e:	6674                	ld	a3,200(a2)
  40:	6800                	ld	s0,16(s0)
  42:	7261                	lui	tp,0xffff8
  44:	6974                	ld	a3,208(a0)
  46:	0064                	addi	s1,sp,12
  48:	6564                	ld	s1,200(a0)
  4a:	616c                	ld	a1,192(a0)
  4c:	0079                	c.nop	30
  4e:	6e75                	lui	t3,0x1d
  50:	6e676973          	csrrsi	s2,0x6e6,14
  54:	6465                	lui	s0,0x19
  56:	6320                	ld	s0,64(a4)
  58:	6168                	ld	a0,192(a0)
  5a:	0072                	c.slli	zero,0x1c
  5c:	6f6c                	ld	a1,216(a4)
  5e:	676e                	ld	a4,216(sp)
  60:	7520                	ld	s0,104(a0)
  62:	736e                	ld	t1,248(sp)
  64:	6769                	lui	a4,0x1a
  66:	656e                	ld	a0,216(sp)
  68:	2064                	fld	fs1,192(s0)
  6a:	6e69                	lui	t3,0x1a
  6c:	0074                	addi	a3,sp,12
  6e:	726f6873          	csrrsi	a6,mhpmevent6h,30
  72:	2074                	fld	fa3,192(s0)
  74:	6e75                	lui	t3,0x1d
  76:	6e676973          	csrrsi	s2,0x6e6,14
  7a:	6465                	lui	s0,0x19
  7c:	6920                	ld	s0,80(a0)
  7e:	746e                	ld	s0,248(sp)
  80:	5f00                	lw	s0,56(a4)
  82:	755f 6e69 3374      	.insn	6, 0x33746e69755f
  88:	5f32                	lw	t5,44(sp)
  8a:	0074                	addi	a3,sp,12
  8c:	5f746567          	.insn	4, 0x5f746567
  90:	616d                	addi	sp,sp,240
  92:	6372                	ld	t1,280(sp)
  94:	0068                	addi	a0,sp,12
  96:	20554e47          	fmsub.s	ft8,fa0,ft5,ft4,rmm
  9a:	20313143          	fmadd.s	ft2,ft2,ft3,ft4,rup
  9e:	3531                	addiw	a0,a0,-20
  a0:	322e                	fld	ft4,232(sp)
  a2:	302e                	fld	ft0,232(sp)
  a4:	2d20                	fld	fs0,88(a0)
  a6:	636d                	lui	t1,0x1b
  a8:	6f6d                	lui	t5,0x1b
  aa:	6564                	ld	s1,200(a0)
  ac:	3d6c                	fld	fa1,248(a0)
  ae:	656d                	lui	a0,0x1b
  b0:	6164                	ld	s1,192(a0)
  b2:	796e                	ld	s2,248(sp)
  b4:	2d20                	fld	fs0,88(a0)
  b6:	616d                	addi	sp,sp,240
  b8:	6962                	ld	s2,24(sp)
  ba:	6c3d                	lui	s8,0xf
  bc:	3670                	fld	fa2,232(a2)
  be:	6434                	ld	a3,72(s0)
  c0:	2d20                	fld	fs0,88(a0)
  c2:	696d                	lui	s2,0x1b
  c4:	732d6173          	csrrsi	sp,mhpmevent18h,26
  c8:	6570                	ld	a2,200(a0)
  ca:	30323d63          	.insn	4, 0x30323d63
  ce:	3931                	addiw	s2,s2,-20 # 1afec <STACK_SIZE+0x1a7ec>
  d0:	3231                	addiw	tp,tp,-20 # ffffffffffff7fec <SCRATCH_TOP+0xffffffff6fff8fec>
  d2:	3331                	addiw	t1,t1,-20 # 1afec <STACK_SIZE+0x1a7ec>
  d4:	2d20                	fld	fs0,88(a0)
  d6:	616d                	addi	sp,sp,240
  d8:	6372                	ld	t1,280(sp)
  da:	3d68                	fld	fa0,248(a0)
  dc:	7672                	ld	a2,312(sp)
  de:	3436                	fld	fs0,360(sp)
  e0:	6d69                	lui	s10,0x1a
  e2:	6661                	lui	a2,0x18
  e4:	6364                	ld	s1,192(a4)
  e6:	7a5f 6369 7273      	.insn	6, 0x727363697a5f
  ec:	7a5f 6669 6e65      	.insn	6, 0x6e6566697a5f
  f2:	5f696563          	bltu	s2,s6,6dc <STACK_SHIFT+0x6d1>
  f6:	6d7a                	ld	s10,408(sp)
  f8:	756d                	lui	a0,0xffffb
  fa:	5f6c                	lw	a1,124(a4)
  fc:	617a                	ld	sp,408(sp)
  fe:	6d61                	lui	s10,0x18
 100:	617a5f6f          	jal	t5,a5f16 <STACK_SIZE+0xa5716>
 104:	726c                	ld	a1,224(a2)
 106:	7a5f6373          	csrrsi	t1,tcontrol,30
 10a:	7a5f6163          	bltu	t5,t0,8ac <STACK_SIZE+0xac>
 10e:	2d206463          	bltu	zero,s2,3d6 <STACK_SHIFT+0x3cb>
 112:	4f2d2067          	.insn	4, 0x4f2d2067
 116:	2030                	fld	fa2,64(s0)
 118:	732d                	lui	t1,0xfffeb
 11a:	6474                	ld	a3,200(s0)
 11c:	673d                	lui	a4,0xf
 11e:	756e                	ld	a0,248(sp)
 120:	3131                	addiw	sp,sp,-20
 122:	2d20                	fld	fs0,88(a0)
 124:	6e66                	ld	t3,88(sp)
 126:	6f632d6f          	jal	s10,3281c <STACK_SIZE+0x3201c>
 12a:	6d6d                	lui	s10,0x1b
 12c:	6d006e6f          	jal	t3,67fc <STACK_SIZE+0x5ffc>
 130:	6961                	lui	s2,0x18
 132:	006e                	c.slli	zero,0x1b
 134:	736d                	lui	t1,0xffffb
 136:	7069                	c.lui	zero,0xffffa
 138:	7300                	ld	s0,32(a4)
 13a:	6f68                	ld	a0,216(a4)
 13c:	7472                	ld	s0,312(sp)
 13e:	6920                	ld	s0,80(a0)
 140:	746e                	ld	s0,248(sp)
 142:	5f00                	lw	s0,56(a4)
 144:	745f 706d 7500      	.insn	6, 0x7500706d745f
 14a:	7261                	lui	tp,0xffff8
 14c:	0074                	addi	a3,sp,12
 14e:	6f6c                	ld	a1,216(a4)
 150:	676e                	ld	a4,216(sp)
 152:	6920                	ld	s0,80(a0)
 154:	746e                	ld	s0,248(sp)
 156:	6d00                	ld	s0,24(a0)
 158:	7261                	lui	tp,0xffff8
 15a:	695f6863          	bltu	t5,s5,7ea <STACK_SHIFT+0x7df>
 15e:	0064                	addi	s1,sp,12
 160:	7369                	lui	t1,0xffffa
 162:	635f 6168 0072      	.insn	6, 0x00726168635f
 168:	5f5f 7562 6c69      	.insn	6, 0x6c6975625f5f
 16e:	6974                	ld	a3,208(a0)
 170:	5f6e                	lw	t5,248(sp)
 172:	6176                	ld	sp,344(sp)
 174:	6c5f 7369 0074      	.insn	6, 0x007473696c5f
 17a:	5f5f 6e69 3374      	.insn	6, 0x33746e695f5f
 180:	5f32                	lw	t5,44(sp)
 182:	0074                	addi	a3,sp,12
 184:	7369                	lui	t1,0xffffa
 186:	6c5f 6e6f 0067      	.insn	6, 0x00676e6f6c5f
 18c:	5f5f 6e67 6375      	.insn	6, 0x63756e675f5f
 192:	765f 5f61 696c      	.insn	6, 0x696c5f61765f
 198:	69007473          	csrrci	s0,0x690,0
 19c:	6f665f73          	csrrwi	t5,0x6f6,12
 1a0:	6d72                	ld	s10,280(sp)
 1a2:	7461                	lui	s0,0xffff8
 1a4:	5f00                	lw	s0,56(a4)
 1a6:	7475706b          	.insn	4, 0x7475706b
 1aa:	706b0073          	.insn	4, 0x706b0073
 1ae:	7475                	lui	s0,0xffffd
 1b0:	425f0063          	beq	t5,t0,5d0 <STACK_SHIFT+0x5c5>
 1b4:	006c6f6f          	jal	t5,c61ba <STACK_SIZE+0xc59ba>

Disassembly of section .debug_frame:

0000000000000000 <.debug_frame>:
   0:	000c                	.insn	2, 0x000c
   2:	0000                	unimp
   4:	ffff                	.insn	2, 0xffff
   6:	ffff                	.insn	2, 0xffff
   8:	7c010003          	lb	zero,1984(sp)
   c:	0c01                	addi	s8,s8,0 # f000 <STACK_SIZE+0xe800>
   e:	0002                	c.slli	zero,0x0
  10:	002c                	addi	a1,sp,8
  12:	0000                	unimp
  14:	0000                	unimp
  16:	0000                	unimp
  18:	0060                	addi	s0,sp,12
  1a:	8000                	.insn	2, 0x8000
  1c:	0000                	unimp
  1e:	0000                	unimp
  20:	005c                	addi	a5,sp,4
  22:	0000                	unimp
  24:	0000                	unimp
  26:	0000                	unimp
  28:	0e42                	slli	t3,t3,0x10
  2a:	4420                	lw	s0,72(s0)
  2c:	0281                	addi	t0,t0,0
  2e:	0488                	addi	a0,sp,576
  30:	0c42                	slli	s8,s8,0x10
  32:	0008                	.insn	2, 0x0008
  34:	4e02                	lw	t3,0(sp)
  36:	42c1                	li	t0,16
  38:	0cc8                	addi	a0,sp,596
  3a:	2002                	fld	ft0,0(sp)
  3c:	0e42                	slli	t3,t3,0x10
  3e:	0000                	unimp
  40:	002c                	addi	a1,sp,8
  42:	0000                	unimp
  44:	0000                	unimp
  46:	0000                	unimp
  48:	00bc                	addi	a5,sp,72
  4a:	8000                	.insn	2, 0x8000
  4c:	0000                	unimp
  4e:	0000                	unimp
  50:	0052                	c.slli	zero,0x14
  52:	0000                	unimp
  54:	0000                	unimp
  56:	0000                	unimp
  58:	0e42                	slli	t3,t3,0x10
  5a:	4420                	lw	s0,72(s0)
  5c:	0281                	addi	t0,t0,0
  5e:	0488                	addi	a0,sp,576
  60:	0c42                	slli	s8,s8,0x10
  62:	0008                	.insn	2, 0x0008
  64:	4402                	lw	s0,0(sp)
  66:	42c1                	li	t0,16
  68:	0cc8                	addi	a0,sp,596
  6a:	2002                	fld	ft0,0(sp)
  6c:	0e42                	slli	t3,t3,0x10
  6e:	0000                	unimp
  70:	002c                	addi	a1,sp,8
  72:	0000                	unimp
  74:	0000                	unimp
  76:	0000                	unimp
  78:	010e                	slli	sp,sp,0x3
  7a:	8000                	.insn	2, 0x8000
  7c:	0000                	unimp
  7e:	0000                	unimp
  80:	0164                	addi	s1,sp,140
  82:	0000                	unimp
  84:	0000                	unimp
  86:	0000                	unimp
  88:	0e42                	slli	t3,t3,0x10
  8a:	4430                	lw	a2,72(s0)
  8c:	0281                	addi	t0,t0,0
  8e:	0488                	addi	a0,sp,576
  90:	0c42                	slli	s8,s8,0x10
  92:	0008                	.insn	2, 0x0008
  94:	c1015603          	lhu	a2,-1008(sp)
  98:	c842                	sw	a6,16(sp)
  9a:	020c                	addi	a1,sp,256
  9c:	4230                	lw	a2,64(a2)
  9e:	000e                	c.slli	zero,0x3
  a0:	000c                	.insn	2, 0x000c
  a2:	0000                	unimp
  a4:	ffff                	.insn	2, 0xffff
  a6:	ffff                	.insn	2, 0xffff
  a8:	7c010003          	lb	zero,1984(sp)
  ac:	0c01                	addi	s8,s8,0
  ae:	0002                	c.slli	zero,0x0
  b0:	002c                	addi	a1,sp,8
  b2:	0000                	unimp
  b4:	00a0                	addi	s0,sp,72
  b6:	0000                	unimp
  b8:	0272                	slli	tp,tp,0x1c
  ba:	8000                	.insn	2, 0x8000
  bc:	0000                	unimp
  be:	0000                	unimp
  c0:	0042                	c.slli	zero,0x10
  c2:	0000                	unimp
  c4:	0000                	unimp
  c6:	0000                	unimp
  c8:	0e42                	slli	t3,t3,0x10
  ca:	4430                	lw	a2,72(s0)
  cc:	0281                	addi	t0,t0,0
  ce:	0488                	addi	a0,sp,576
  d0:	0c42                	slli	s8,s8,0x10
  d2:	0008                	.insn	2, 0x0008
  d4:	c174                	sw	a3,68(a0)
  d6:	c842                	sw	a6,16(sp)
  d8:	020c                	addi	a1,sp,256
  da:	4230                	lw	a2,64(a2)
  dc:	000e                	c.slli	zero,0x3
  de:	0000                	unimp
  e0:	002c                	addi	a1,sp,8
  e2:	0000                	unimp
  e4:	00a0                	addi	s0,sp,72
  e6:	0000                	unimp
  e8:	02b4                	addi	a3,sp,328
  ea:	8000                	.insn	2, 0x8000
  ec:	0000                	unimp
  ee:	0000                	unimp
  f0:	0044                	addi	s1,sp,4
  f2:	0000                	unimp
  f4:	0000                	unimp
  f6:	0000                	unimp
  f8:	0e42                	slli	t3,t3,0x10
  fa:	4430                	lw	a2,72(s0)
  fc:	0281                	addi	t0,t0,0
  fe:	0488                	addi	a0,sp,576
 100:	0c42                	slli	s8,s8,0x10
 102:	0008                	.insn	2, 0x0008
 104:	c176                	sw	t4,128(sp)
 106:	c842                	sw	a6,16(sp)
 108:	020c                	addi	a1,sp,256
 10a:	4230                	lw	a2,64(a2)
 10c:	000e                	c.slli	zero,0x3
 10e:	0000                	unimp
 110:	002c                	addi	a1,sp,8
 112:	0000                	unimp
 114:	00a0                	addi	s0,sp,72
 116:	0000                	unimp
 118:	02f8                	addi	a4,sp,332
 11a:	8000                	.insn	2, 0x8000
 11c:	0000                	unimp
 11e:	0000                	unimp
 120:	002a                	c.slli	zero,0xa
 122:	0000                	unimp
 124:	0000                	unimp
 126:	0000                	unimp
 128:	0e42                	slli	t3,t3,0x10
 12a:	4420                	lw	s0,72(s0)
 12c:	0281                	addi	t0,t0,0
 12e:	0488                	addi	a0,sp,576
 130:	0c42                	slli	s8,s8,0x10
 132:	0008                	.insn	2, 0x0008
 134:	c15c                	sw	a5,4(a0)
 136:	c842                	sw	a6,16(sp)
 138:	020c                	addi	a1,sp,256
 13a:	4220                	lw	s0,64(a2)
 13c:	000e                	c.slli	zero,0x3
 13e:	0000                	unimp
 140:	0034                	addi	a3,sp,8
 142:	0000                	unimp
 144:	00a0                	addi	s0,sp,72
 146:	0000                	unimp
 148:	0322                	slli	t1,t1,0x8
 14a:	8000                	.insn	2, 0x8000
 14c:	0000                	unimp
 14e:	0000                	unimp
 150:	02e4                	addi	s1,sp,332
 152:	0000                	unimp
 154:	0000                	unimp
 156:	0000                	unimp
 158:	0e42                	slli	t3,t3,0x10
 15a:	01f0                	addi	a2,sp,204
 15c:	8144                	.insn	2, 0x8144
 15e:	8812                	mv	a6,tp
 160:	4214                	lw	a3,0(a2)
 162:	080c                	addi	a1,sp,16
 164:	0340                	addi	s0,sp,388
 166:	02d6                	slli	t0,t0,0x15
 168:	42c1                	li	t0,16
 16a:	0cc8                	addi	a0,sp,596
 16c:	f002                	sd	zero,32(sp)
 16e:	4201                	li	tp,0
 170:	000e                	c.slli	zero,0x3
 172:	0000                	unimp
 174:	0000                	unimp
	...
